EVEN_VIA_ODD_FRAME_GRAPH_V1
SIZES 7372 4652 3140 1290 585 110
INITIAL 0 1 2 3 4 5 6 7 8 9 10 11 12 13 14 15 16 17 18 19 20 21 22 23 24 25 26 27 28 29 30 31 32 33 34 35 36 37 38 39 40 41 42 43 44 45 46 47 48 49 50 51 52 53 54 55 56 57 58 59 60 61 62 63 64 65 66 67 68 69 70 71 72 73 74 75 76 77 78 79 80 81 82 83 84 85 86 87 88 89 90 91 92 93 94 95 96 97 98 99 100 101 102 103 104 105 106 107 108 109 110 111 112 113 114 115 116 117 118 119 6732 6733 6734 6735 6736 6737 6738 6739 6740 6741 6742 6743 6744 6745 6746 6747 6748 6749 6750 6751 6752 6753 6754 6755
ACCEPT 0 9 18 44 53
TRANS INTERIOR
120,142,445,467,1978,1994,2230,2246|3450,3473,3756,3779,5236,5258,5504,5526|-|-
-|-|121,143,446,468,1979,1995,2231,2247|3451,3474,3757,3780,5237,5259,5505,5527
126,148,451,473,1984,2000,2236,2252|3454,3477,3760,3783,5240,5262,5508,5530|-|-
-|-|127,149,452,474,1985,2001,2237,2253|3455,3478,3761,3784,5241,5263,5509,5531
-|-|164,489,2010,2262|3496,3802,5280,5548
169,494,2015,2267|3501,3807,5285,5553|-|-
-|-|170,495,2016,2268|3502,3808,5286,5554
173,498,2018,2270|3504,3810,5288,5556|-|-
302,320,627,645,2113,2129,2365,2381|3618,3637,3924,3943,5389,5403,5657,5671|-|-
-|-|303,321,628,646,2114,2130,2366,2382|3619,3638,3925,3944,5390,5404,5658,5672
308,326,633,651,2119,2135,2371,2387|3622,3641,3928,3947,5393,5407,5661,5675|-|-
-|-|309,327,634,652,2120,2136,2372,2388|3623,3642,3929,3948,5394,5408,5662,5676
3660,3681,3966,3987,5421,5441,5689,5709|338,359,663,684,2145,2161,2397,2413|-|-
-|-|3661,3682,3967,3988,5422,5442,5690,5710|339,360,664,685,2146,2162,2398,2414
3666,3687,3972,3993,5427,5447,5695,5715|344,365,669,690,2151,2167,2403,2419|-|-
-|-|3667,3688,3973,3994,5428,5448,5696,5716|345,366,670,691,2152,2168,2404,2420
-|-|3706,4012,5465,5733|380,705,2177,2429
3711,4017,5470,5738|385,710,2182,2434|-|-
-|-|3712,4018,5471,5739|386,711,2183,2435
3715,4021,5473,5741|388,713,2185,2437|-|-
-|-|770,792,2482,2499|4062,4086,5772,5789
775,797,2487,2504|4067,4091,5777,5794|-|-
-|-|776,798,2488,2505|4068,4092,5778,5795
779,801,2490,2507|4070,4094,5780,5797|-|-
814,2516|4110,5806|-|-
-|-|815,2517|4111,5807
820,2522|4114,5810|-|-
-|-|821,2523|4115,5811
-|-|927,947,2614,2628|4229,4248,5891,5908
932,952,2619,2633|4234,4253,5896,5913|-|-
-|-|933,953,2620,2634|4235,4254,5897,5914
938,958,2622,2636|4237,4256,5899,5916|-|-
-|-|4275,4298,5933,5950|967,988,2642,2659
4280,4303,5938,5955|972,993,2647,2664|-|-
-|-|4281,4304,5939,5956|973,994,2648,2665
4284,4307,5941,5958|975,996,2650,2667|-|-
4317,5963|1009,2676|-|-
-|-|4318,5964|1010,2677
4323,5967|1015,2682|-|-
-|-|4324,5968|1016,2683
4374,4395,4666,4687,6005,6025,6261,6281|1066,1087,1377,1398,2724,2740,2968,2984|-|-
-|-|4375,4396,4667,4688,6006,6026,6262,6282|1067,1088,1378,1399,2725,2741,2969,2985
4380,4401,4672,4693,6011,6031,6267,6287|1072,1093,1383,1404,2730,2746,2974,2990|-|-
-|-|4381,4402,4673,4694,6012,6032,6268,6288|1073,1094,1384,1405,2731,2747,2975,2991
-|-|4420,4712,6049,6305|1108,1419,2756,3000
4425,4717,6054,6310|1113,1424,2761,3005|-|-
-|-|4426,4718,6055,6311|1114,1425,2762,3006
4429,4721,6057,6313|1116,1427,2764,3008|-|-
4535,4552,4827,4844,6152,6164,6408,6420|1239,1256,1550,1567,2855,2871,3099,3115|-|-
-|-|4536,4553,4828,4845,6153,6165,6409,6421|1240,1257,1551,1568,2856,2872,3100,3116
4541,4558,4833,4850,6158,6170,6414,6426|1245,1262,1556,1573,2861,2877,3105,3121|-|-
-|-|4542,4559,4834,4851,6159,6171,6415,6427|1246,1263,1557,1574,2862,2878,3106,3122
1281,1302,1592,1613,2895,2911,3139,3155|4569,4590,4861,4882,6176,6196,6432,6452|-|-
-|-|1282,1303,1593,1614,2896,2912,3140,3156|4570,4591,4862,4883,6177,6197,6433,6453
1287,1308,1598,1619,2901,2917,3145,3161|4575,4596,4867,4888,6182,6202,6438,6458|-|-
-|-|1288,1309,1599,1620,2902,2918,3146,3162|4576,4597,4868,4889,6183,6203,6439,6459
-|-|1323,1634,2927,3171|4615,4907,6220,6476
1328,1639,2932,3176|4620,4912,6225,6481|-|-
-|-|1329,1640,2933,3177|4621,4913,6226,6482
1334,1645,2935,3179|4623,4915,6228,6484|-|-
-|-|3456,3479,3762,3785|120,142,445,467
3461,3484,3767,3790|125,147,450,472|-|-
-|-|3462,3485,3768,3791|126,148,451,473
3464,3487,3770,3793|128,150,453,475|-|-
3509,3815|168,493|-|-
-|-|3510,3816|169,494
3513,3819|172,497|-|-
-|-|3514,3820|173,498
-|-|3624,3643,3930,3949|302,320,627,645
3629,3648,3935,3954|307,325,632,650|-|-
-|-|3630,3649,3936,3955|308,326,633,651
3632,3651,3938,3957|310,328,635,653|-|-
-|-|346,367,671,692|3660,3681,3966,3987
351,372,676,697|3665,3686,3971,3992|-|-
-|-|352,373,677,698|3666,3687,3972,3993
354,375,679,700|3668,3689,3974,3995|-|-
393,718|3710,4016|-|-
-|-|394,719|3711,4017
399,724|3714,4020|-|-
-|-|400,725|3715,4021
4075,4099|774,796|-|-
-|-|4076,4100|775,797
4079,4103|778,800|-|-
-|-|4080,4104|779,801
-|-|4116|814
4121|819|-|-
-|-|4122|820
4124|822|-|-
4242,4261|931,951|-|-
-|-|4243,4262|932,952
4246,4265|937,957|-|-
-|-|4247,4266|938,958
980,1001|4279,4302|-|-
-|-|981,1002|4280,4303
986,1007|4283,4306|-|-
-|-|987,1008|4284,4307
-|-|1017|4317
1022|4322|-|-
-|-|1023|4323
1025|4325|-|-
-|-|1074,1095,1385,1406|4374,4395,4666,4687
1079,1100,1390,1411|4379,4400,4671,4692|-|-
-|-|1080,1101,1391,1412|4380,4401,4672,4693
1082,1103,1393,1414|4382,4403,4674,4695|-|-
1121,1432|4424,4716|-|-
-|-|1122,1433|4425,4717
1127,1438|4428,4720|-|-
-|-|1128,1439|4429,4721
-|-|1247,1264,1558,1575|4535,4552,4827,4844
1252,1269,1563,1580|4540,4557,4832,4849|-|-
-|-|1253,1270,1564,1581|4541,4558,4833,4850
1255,1272,1566,1583|4543,4560,4835,4852|-|-
-|-|4577,4598,4869,4890|1281,1302,1592,1613
4582,4603,4874,4895|1286,1307,1597,1618|-|-
-|-|4583,4604,4875,4896|1287,1308,1598,1619
4585,4606,4877,4898|1289,1310,1600,1621|-|-
4624,4916|1327,1638|-|-
-|-|4625,4917|1328,1639
4628,4920|1333,1644|-|-
-|-|4629,4921|1334,1645
120,142,445,467,1978,1994,2230,2246|3450,3473,3756,3779,5236,5258,5504,5526|-|-
121,143,446,468,1979,1995,2231,2247|3451,3474,3757,3780,5237,5259,5505,5527|-|-
122,144,447,469,1980,1996,2232,2248|3452,3475,3758,3781,5238,5260,5506,5528|-|-
123,145,448,470,1981,1997,2233,2249|3453,3476,3759,3782,5239,5261,5507,5529|-|-
-|-|120,142,445,467,1978,1994,2230,2246|3450,3473,3756,3779,5236,5258,5504,5526
-|-|121,143,446,468,1979,1995,2231,2247|3451,3474,3757,3780,5237,5259,5505,5527
-|-|122,144,447,469,1980,1996,2232,2248|3452,3475,3758,3781,5238,5260,5506,5528
-|-|123,145,448,470,1981,1997,2233,2249|3453,3476,3759,3782,5239,5261,5507,5529
127,149,452,474,1985,2001,2237,2253|3455,3478,3761,3784,5241,5263,5509,5531|-|-
3456,3479,3762,3785,5242,5264,5510,5532|120,142,445,467,1978,1994,2230,2246|-|-
3457,3480,3763,3786,5243,5265,5511,5533|121,143,446,468,1979,1995,2231,2247|-|-
3458,3481,3764,3787,5244,5266,5512,5534|122,144,447,469,1980,1996,2232,2248|-|-
3459,3482,3765,3788,5245,5267,5513,5535|123,145,448,470,1981,1997,2233,2249|-|-
-|-|3456,3479,3762,3785,5242,5264,5510,5532|120,142,445,467,1978,1994,2230,2246
-|-|3457,3480,3763,3786,5243,5265,5511,5533|121,143,446,468,1979,1995,2231,2247
-|-|3458,3481,3764,3787,5244,5266,5512,5534|122,144,447,469,1980,1996,2232,2248
-|-|3459,3482,3765,3788,5245,5267,5513,5535|123,145,448,470,1981,1997,2233,2249
3463,3486,3769,3792,5249,5271,5517,5539|127,149,452,474,1985,2001,2237,2253|-|-
-|-|129,151,454,476,1986,2002,2238,2254|3456,3479,3762,3785,5242,5264,5510,5532
-|-|130,152,455,477,1987,2003,2239,2255|3457,3480,3763,3786,5243,5265,5511,5533
-|-|131,153,456,478,1988,2004,2240,2256|3458,3481,3764,3787,5244,5266,5512,5534
-|-|132,154,457,479,1989,2005,2241,2257|3459,3482,3765,3788,5245,5267,5513,5535
-|-|164,489,2010,2262|3496,3802,5280,5548
-|-|165,490,2011,2263|3497,3803,5281,5549
-|-|166,491,2012,2264|3498,3804,5282,5550
-|-|167,492,2013,2265|3499,3805,5283,5551
168,493,2014,2266|3500,3806,5284,5552|-|-
169,494,2015,2267|3501,3807,5285,5553|-|-
170,495,2016,2268|3502,3808,5286,5554|-|-
171,496,2017,2269|3503,3809,5287,5555|-|-
-|-|171,496,2017,2269|3503,3809,5287,5555
-|-|3505,3811,5289,5557|164,489,2010,2262
-|-|3506,3812,5290,5558|165,490,2011,2263
-|-|3507,3813,5291,5559|166,491,2012,2264
-|-|3508,3814,5292,5560|167,492,2013,2265
3509,3815,5293,5561|168,493,2014,2266|-|-
3510,3816,5294,5562|169,494,2015,2267|-|-
3511,3817,5295,5563|170,495,2016,2268|-|-
3512,3818,5296,5564|171,496,2017,2269|-|-
-|-|3512,3818,5296,5564|171,496,2017,2269
178,503,2023,2275|3509,3815,5293,5561|-|-
179,504,2024,2276|3510,3816,5294,5562|-|-
180,505,2025,2277|3511,3817,5295,5563|-|-
181,506,2026,2278|3512,3818,5296,5564|-|-
194,213,519,538,2029,2046,2281,2298|3521,3539,3827,3845,5301,5315,5569,5583|-|-
195,214,520,539,2030,2047,2282,2299|3522,3540,3828,3846,5302,5316,5570,5584|-|-
196,215,521,540,2031,2048,2283,2300|3523,3541,3829,3847,5303,5317,5571,5585|-|-
197,216,522,541,2032,2049,2284,2301|3524,3542,3830,3848,5304,5318,5572,5586|-|-
-|-|194,213,519,538,2029,2046,2281,2298|3521,3539,3827,3845,5301,5315,5569,5583
-|-|195,214,520,539,2030,2047,2282,2299|3522,3540,3828,3846,5302,5316,5570,5584
-|-|196,215,521,540,2031,2048,2283,2300|3523,3541,3829,3847,5303,5317,5571,5585
-|-|197,216,522,541,2032,2049,2284,2301|3524,3542,3830,3848,5304,5318,5572,5586
200,219,525,544,2035,2052,2287,2304|3525,3543,3831,3849,5305,5319,5573,5587|-|-
201,220,526,545,2036,2053,2288,2305|3526,3544,3832,3850,5306,5320,5574,5588|-|-
3527,3545,3833,3851,5307,5321,5575,5589|194,213,519,538,2029,2046,2281,2298|-|-
3528,3546,3834,3852,5308,5322,5576,5590|195,214,520,539,2030,2047,2282,2299|-|-
3529,3547,3835,3853,5309,5323,5577,5591|196,215,521,540,2031,2048,2283,2300|-|-
3530,3548,3836,3854,5310,5324,5578,5592|197,216,522,541,2032,2049,2284,2301|-|-
-|-|3527,3545,3833,3851,5307,5321,5575,5589|194,213,519,538,2029,2046,2281,2298
-|-|3528,3546,3834,3852,5308,5322,5576,5590|195,214,520,539,2030,2047,2282,2299
-|-|3529,3547,3835,3853,5309,5323,5577,5591|196,215,521,540,2031,2048,2283,2300
-|-|3530,3548,3836,3854,5310,5324,5578,5592|197,216,522,541,2032,2049,2284,2301
3531,3549,3837,3855,5311,5325,5579,5593|198,217,523,542,2033,2050,2285,2302|-|-
3532,3550,3838,3856,5312,5326,5580,5594|199,218,524,543,2034,2051,2286,2303|-|-
3533,3551,3839,3857,5313,5327,5581,5595|200,219,525,544,2035,2052,2287,2304|-|-
3534,3552,3840,3858,5314,5328,5582,5596|201,220,526,545,2036,2053,2288,2305|-|-
-|-|203,222,528,547,2037,2054,2289,2306|3527,3545,3833,3851,5307,5321,5575,5589
-|-|204,223,529,548,2038,2055,2290,2307|3528,3546,3834,3852,5308,5322,5576,5590
-|-|205,224,530,549,2039,2056,2291,2308|3529,3547,3835,3853,5309,5323,5577,5591
-|-|206,225,531,550,2040,2057,2292,2309|3530,3548,3836,3854,5310,5324,5578,5592
207,226,532,551,2041,2058,2293,2310|3531,3549,3837,3855,5311,5325,5579,5593|-|-
208,227,533,552,2042,2059,2294,2311|3532,3550,3838,3856,5312,5326,5580,5594|-|-
209,228,534,553,2043,2060,2295,2312|3533,3551,3839,3857,5313,5327,5581,5595|-|-
210,229,535,554,2044,2061,2296,2313|3534,3552,3840,3858,5314,5328,5582,5596|-|-
3456,3479,3762,3785,5242,5264,5510,5532|120,142,445,467,1978,1994,2230,2246|-|-
3457,3480,3763,3786,5243,5265,5511,5533|121,143,446,468,1979,1995,2231,2247|-|-
3458,3481,3764,3787,5244,5266,5512,5534|122,144,447,469,1980,1996,2232,2248|-|-
3459,3482,3765,3788,5245,5267,5513,5535|123,145,448,470,1981,1997,2233,2249|-|-
-|-|3456,3479,3762,3785,5242,5264,5510,5532|120,142,445,467,1978,1994,2230,2246
-|-|3457,3480,3763,3786,5243,5265,5511,5533|121,143,446,468,1979,1995,2231,2247
-|-|3458,3481,3764,3787,5244,5266,5512,5534|122,144,447,469,1980,1996,2232,2248
-|-|3459,3482,3765,3788,5245,5267,5513,5535|123,145,448,470,1981,1997,2233,2249
3463,3486,3769,3792,5249,5271,5517,5539|127,149,452,474,1985,2001,2237,2253|-|-
129,151,454,476,1986,2002,2238,2254|3456,3479,3762,3785,5242,5264,5510,5532|-|-
130,152,455,477,1987,2003,2239,2255|3457,3480,3763,3786,5243,5265,5511,5533|-|-
131,153,456,478,1988,2004,2240,2256|3458,3481,3764,3787,5244,5266,5512,5534|-|-
132,154,457,479,1989,2005,2241,2257|3459,3482,3765,3788,5245,5267,5513,5535|-|-
-|-|129,151,454,476,1986,2002,2238,2254|3456,3479,3762,3785,5242,5264,5510,5532
-|-|130,152,455,477,1987,2003,2239,2255|3457,3480,3763,3786,5243,5265,5511,5533
-|-|131,153,456,478,1988,2004,2240,2256|3458,3481,3764,3787,5244,5266,5512,5534
-|-|132,154,457,479,1989,2005,2241,2257|3459,3482,3765,3788,5245,5267,5513,5535
135,157,460,482,1992,2008,2244,2260|3462,3485,3768,3791,5248,5270,5516,5538|-|-
136,158,461,483,1993,2009,2245,2261|3463,3486,3769,3792,5249,5271,5517,5539|-|-
-|-|3505,3811,5289,5557|164,489,2010,2262
-|-|3506,3812,5290,5558|165,490,2011,2263
-|-|3507,3813,5291,5559|166,491,2012,2264
-|-|3508,3814,5292,5560|167,492,2013,2265
3509,3815,5293,5561|168,493,2014,2266|-|-
3510,3816,5294,5562|169,494,2015,2267|-|-
3511,3817,5295,5563|170,495,2016,2268|-|-
3512,3818,5296,5564|171,496,2017,2269|-|-
-|-|3512,3818,5296,5564|171,496,2017,2269
-|-|174,499,2019,2271|3505,3811,5289,5557
-|-|175,500,2020,2272|3506,3812,5290,5558
-|-|176,501,2021,2273|3507,3813,5291,5559
-|-|177,502,2022,2274|3508,3814,5292,5560
178,503,2023,2275|3509,3815,5293,5561|-|-
179,504,2024,2276|3510,3816,5294,5562|-|-
180,505,2025,2277|3511,3817,5295,5563|-|-
181,506,2026,2278|3512,3818,5296,5564|-|-
-|-|180,505,2025,2277|3511,3817,5295,5563
-|-|181,506,2026,2278|3512,3818,5296,5564
232,253,557,578,2063,2079,2315,2331|3557,3577,3863,3883,5329,5349,5597,5617|-|-
233,254,558,579,2064,2080,2316,2332|3558,3578,3864,3884,5330,5350,5598,5618|-|-
234,255,559,580,2065,2081,2317,2333|3559,3579,3865,3885,5331,5351,5599,5619|-|-
235,256,560,581,2066,2082,2318,2334|3560,3580,3866,3886,5332,5352,5600,5620|-|-
-|-|232,253,557,578,2063,2079,2315,2331|3557,3577,3863,3883,5329,5349,5597,5617
-|-|233,254,558,579,2064,2080,2316,2332|3558,3578,3864,3884,5330,5350,5598,5618
-|-|234,255,559,580,2065,2081,2317,2333|3559,3579,3865,3885,5331,5351,5599,5619
-|-|235,256,560,581,2066,2082,2318,2334|3560,3580,3866,3886,5332,5352,5600,5620
3561,3581,3867,3887,5333,5353,5601,5621|232,253,557,578,2063,2079,2315,2331|-|-
3562,3582,3868,3888,5334,5354,5602,5622|233,254,558,579,2064,2080,2316,2332|-|-
3563,3583,3869,3889,5335,5355,5603,5623|234,255,559,580,2065,2081,2317,2333|-|-
3564,3584,3870,3890,5336,5356,5604,5624|235,256,560,581,2066,2082,2318,2334|-|-
-|-|3561,3581,3867,3887,5333,5353,5601,5621|232,253,557,578,2063,2079,2315,2331
-|-|3562,3582,3868,3888,5334,5354,5602,5622|233,254,558,579,2064,2080,2316,2332
-|-|3563,3583,3869,3889,5335,5355,5603,5623|234,255,559,580,2065,2081,2317,2333
-|-|3564,3584,3870,3890,5336,5356,5604,5624|235,256,560,581,2066,2082,2318,2334
3568,3588,3874,3894,5340,5360,5608,5628|239,260,564,585,2070,2086,2322,2338|-|-
-|-|240,261,565,586,2071,2087,2323,2339|3561,3581,3867,3887,5333,5353,5601,5621
-|-|241,262,566,587,2072,2088,2324,2340|3562,3582,3868,3888,5334,5354,5602,5622
-|-|242,263,567,588,2073,2089,2325,2341|3563,3583,3869,3889,5335,5355,5603,5623
-|-|243,264,568,589,2074,2090,2326,2342|3564,3584,3870,3890,5336,5356,5604,5624
-|-|274,599,2095,2347|3597,3903,5369,5637
-|-|275,600,2096,2348|3598,3904,5370,5638
-|-|276,601,2097,2349|3599,3905,5371,5639
-|-|277,602,2098,2350|3600,3906,5372,5640
278,603,2099,2351|3601,3907,5373,5641|-|-
279,604,2100,2352|3602,3908,5374,5642|-|-
280,605,2101,2353|3603,3909,5375,5643|-|-
281,606,2102,2354|3604,3910,5376,5644|-|-
-|-|3605,3911,5377,5645|274,599,2095,2347
-|-|3606,3912,5378,5646|275,600,2096,2348
-|-|3607,3913,5379,5647|276,601,2097,2349
-|-|3608,3914,5380,5648|277,602,2098,2350
3609,3915,5381,5649|278,603,2099,2351|-|-
3610,3916,5382,5650|279,604,2100,2352|-|-
3611,3917,5383,5651|280,605,2101,2353|-|-
3612,3918,5384,5652|281,606,2102,2354|-|-
-|-|3612,3918,5384,5652|281,606,2102,2354
286,611,2107,2359|3609,3915,5381,5649|-|-
287,612,2108,2360|3610,3916,5382,5650|-|-
288,613,2109,2361|3611,3917,5383,5651|-|-
289,614,2110,2362|3612,3918,5384,5652|-|-
302,320,627,645,2113,2129,2365,2381|3618,3637,3924,3943,5389,5403,5657,5671|-|-
303,321,628,646,2114,2130,2366,2382|3619,3638,3925,3944,5390,5404,5658,5672|-|-
304,322,629,647,2115,2131,2367,2383|3620,3639,3926,3945,5391,5405,5659,5673|-|-
305,323,630,648,2116,2132,2368,2384|3621,3640,3927,3946,5392,5406,5660,5674|-|-
-|-|302,320,627,645,2113,2129,2365,2381|3618,3637,3924,3943,5389,5403,5657,5671
-|-|303,321,628,646,2114,2130,2366,2382|3619,3638,3925,3944,5390,5404,5658,5672
-|-|304,322,629,647,2115,2131,2367,2383|3620,3639,3926,3945,5391,5405,5659,5673
-|-|305,323,630,648,2116,2132,2368,2384|3621,3640,3927,3946,5392,5406,5660,5674
3624,3643,3930,3949,5395,5409,5663,5677|302,320,627,645,2113,2129,2365,2381|-|-
3625,3644,3931,3950,5396,5410,5664,5678|303,321,628,646,2114,2130,2366,2382|-|-
3626,3645,3932,3951,5397,5411,5665,5679|304,322,629,647,2115,2131,2367,2383|-|-
3627,3646,3933,3952,5398,5412,5666,5680|305,323,630,648,2116,2132,2368,2384|-|-
-|-|3624,3643,3930,3949,5395,5409,5663,5677|302,320,627,645,2113,2129,2365,2381
-|-|3625,3644,3931,3950,5396,5410,5664,5678|303,321,628,646,2114,2130,2366,2382
-|-|3626,3645,3932,3951,5397,5411,5665,5679|304,322,629,647,2115,2131,2367,2383
-|-|3627,3646,3933,3952,5398,5412,5666,5680|305,323,630,648,2116,2132,2368,2384
3628,3647,3934,3953,5399,5413,5667,5681|306,324,631,649,2117,2133,2369,2385|-|-
3629,3648,3935,3954,5400,5414,5668,5682|307,325,632,650,2118,2134,2370,2386|-|-
3630,3649,3936,3955,5401,5415,5669,5683|308,326,633,651,2119,2135,2371,2387|-|-
3631,3650,3937,3956,5402,5416,5670,5684|309,327,634,652,2120,2136,2372,2388|-|-
-|-|311,329,636,654,2121,2137,2373,2389|3624,3643,3930,3949,5395,5409,5663,5677
-|-|312,330,637,655,2122,2138,2374,2390|3625,3644,3931,3950,5396,5410,5664,5678
-|-|313,331,638,656,2123,2139,2375,2391|3626,3645,3932,3951,5397,5411,5665,5679
-|-|314,332,639,657,2124,2140,2376,2392|3627,3646,3933,3952,5398,5412,5666,5680
315,333,640,658,2125,2141,2377,2393|3628,3647,3934,3953,5399,5413,5667,5681|-|-
316,334,641,659,2126,2142,2378,2394|3629,3648,3935,3954,5400,5414,5668,5682|-|-
317,335,642,660,2127,2143,2379,2395|3630,3649,3936,3955,5401,5415,5669,5683|-|-
318,336,643,661,2128,2144,2380,2396|3631,3650,3937,3956,5402,5416,5670,5684|-|-
3561,3581,3867,3887,5333,5353,5601,5621|232,253,557,578,2063,2079,2315,2331|-|-
3562,3582,3868,3888,5334,5354,5602,5622|233,254,558,579,2064,2080,2316,2332|-|-
3563,3583,3869,3889,5335,5355,5603,5623|234,255,559,580,2065,2081,2317,2333|-|-
3564,3584,3870,3890,5336,5356,5604,5624|235,256,560,581,2066,2082,2318,2334|-|-
-|-|3561,3581,3867,3887,5333,5353,5601,5621|232,253,557,578,2063,2079,2315,2331
-|-|3562,3582,3868,3888,5334,5354,5602,5622|233,254,558,579,2064,2080,2316,2332
-|-|3563,3583,3869,3889,5335,5355,5603,5623|234,255,559,580,2065,2081,2317,2333
-|-|3564,3584,3870,3890,5336,5356,5604,5624|235,256,560,581,2066,2082,2318,2334
3568,3588,3874,3894,5340,5360,5608,5628|239,260,564,585,2070,2086,2322,2338|-|-
240,261,565,586,2071,2087,2323,2339|3561,3581,3867,3887,5333,5353,5601,5621|-|-
241,262,566,587,2072,2088,2324,2340|3562,3582,3868,3888,5334,5354,5602,5622|-|-
242,263,567,588,2073,2089,2325,2341|3563,3583,3869,3889,5335,5355,5603,5623|-|-
243,264,568,589,2074,2090,2326,2342|3564,3584,3870,3890,5336,5356,5604,5624|-|-
-|-|240,261,565,586,2071,2087,2323,2339|3561,3581,3867,3887,5333,5353,5601,5621
-|-|241,262,566,587,2072,2088,2324,2340|3562,3582,3868,3888,5334,5354,5602,5622
-|-|242,263,567,588,2073,2089,2325,2341|3563,3583,3869,3889,5335,5355,5603,5623
-|-|243,264,568,589,2074,2090,2326,2342|3564,3584,3870,3890,5336,5356,5604,5624
247,268,572,593,2078,2094,2330,2346|3568,3588,3874,3894,5340,5360,5608,5628|-|-
-|-|3605,3911,5377,5645|274,599,2095,2347
-|-|3606,3912,5378,5646|275,600,2096,2348
-|-|3607,3913,5379,5647|276,601,2097,2349
-|-|3608,3914,5380,5648|277,602,2098,2350
3609,3915,5381,5649|278,603,2099,2351|-|-
3610,3916,5382,5650|279,604,2100,2352|-|-
3611,3917,5383,5651|280,605,2101,2353|-|-
3612,3918,5384,5652|281,606,2102,2354|-|-
-|-|3612,3918,5384,5652|281,606,2102,2354
-|-|282,607,2103,2355|3605,3911,5377,5645
-|-|283,608,2104,2356|3606,3912,5378,5646
-|-|284,609,2105,2357|3607,3913,5379,5647
-|-|285,610,2106,2358|3608,3914,5380,5648
286,611,2107,2359|3609,3915,5381,5649|-|-
287,612,2108,2360|3610,3916,5382,5650|-|-
288,613,2109,2361|3611,3917,5383,5651|-|-
289,614,2110,2362|3612,3918,5384,5652|-|-
-|-|289,614,2110,2362|3612,3918,5384,5652
338,359,663,684,2145,2161,2397,2413|3656,3677,3962,3983,5417,5437,5685,5705|-|-
339,360,664,685,2146,2162,2398,2414|3657,3678,3963,3984,5418,5438,5686,5706|-|-
340,361,665,686,2147,2163,2399,2415|3658,3679,3964,3985,5419,5439,5687,5707|-|-
341,362,666,687,2148,2164,2400,2416|3659,3680,3965,3986,5420,5440,5688,5708|-|-
-|-|338,359,663,684,2145,2161,2397,2413|3656,3677,3962,3983,5417,5437,5685,5705
-|-|339,360,664,685,2146,2162,2398,2414|3657,3678,3963,3984,5418,5438,5686,5706
-|-|340,361,665,686,2147,2163,2399,2415|3658,3679,3964,3985,5419,5439,5687,5707
-|-|341,362,666,687,2148,2164,2400,2416|3659,3680,3965,3986,5420,5440,5688,5708
3660,3681,3966,3987,5421,5441,5689,5709|338,359,663,684,2145,2161,2397,2413|-|-
3661,3682,3967,3988,5422,5442,5690,5710|339,360,664,685,2146,2162,2398,2414|-|-
3662,3683,3968,3989,5423,5443,5691,5711|340,361,665,686,2147,2163,2399,2415|-|-
3663,3684,3969,3990,5424,5444,5692,5712|341,362,666,687,2148,2164,2400,2416|-|-
-|-|3660,3681,3966,3987,5421,5441,5689,5709|338,359,663,684,2145,2161,2397,2413
-|-|3661,3682,3967,3988,5422,5442,5690,5710|339,360,664,685,2146,2162,2398,2414
-|-|3662,3683,3968,3989,5423,5443,5691,5711|340,361,665,686,2147,2163,2399,2415
-|-|3663,3684,3969,3990,5424,5444,5692,5712|341,362,666,687,2148,2164,2400,2416
3667,3688,3973,3994,5428,5448,5696,5716|345,366,670,691,2152,2168,2404,2420|-|-
-|-|346,367,671,692,2153,2169,2405,2421|3660,3681,3966,3987,5421,5441,5689,5709
-|-|347,368,672,693,2154,2170,2406,2422|3661,3682,3967,3988,5422,5442,5690,5710
-|-|348,369,673,694,2155,2171,2407,2423|3662,3683,3968,3989,5423,5443,5691,5711
-|-|349,370,674,695,2156,2172,2408,2424|3663,3684,3969,3990,5424,5444,5692,5712
-|-|380,705,2177,2429|3698,4004,5457,5725
-|-|381,706,2178,2430|3699,4005,5458,5726
-|-|382,707,2179,2431|3700,4006,5459,5727
-|-|383,708,2180,2432|3701,4007,5460,5728
384,709,2181,2433|3702,4008,5461,5729|-|-
385,710,2182,2434|3703,4009,5462,5730|-|-
386,711,2183,2435|3704,4010,5463,5731|-|-
387,712,2184,2436|3705,4011,5464,5732|-|-
-|-|3706,4012,5465,5733|380,705,2177,2429
-|-|3707,4013,5466,5734|381,706,2178,2430
-|-|3708,4014,5467,5735|382,707,2179,2431
-|-|3709,4015,5468,5736|383,708,2180,2432
3710,4016,5469,5737|384,709,2181,2433|-|-
3711,4017,5470,5738|385,710,2182,2434|-|-
3712,4018,5471,5739|386,711,2183,2435|-|-
3713,4019,5472,5740|387,712,2184,2436|-|-
-|-|3713,4019,5472,5740|387,712,2184,2436
393,718,2190,2442|3710,4016,5469,5737|-|-
394,719,2191,2443|3711,4017,5470,5738|-|-
395,720,2192,2444|3712,4018,5471,5739|-|-
396,721,2193,2445|3713,4019,5472,5740|-|-
409,427,734,752,2196,2213,2448,2465|3722,3739,4028,4045,5478,5491,5746,5759|-|-
410,428,735,753,2197,2214,2449,2466|3723,3740,4029,4046,5479,5492,5747,5760|-|-
411,429,736,754,2198,2215,2450,2467|3724,3741,4030,4047,5480,5493,5748,5761|-|-
412,430,737,755,2199,2216,2451,2468|3725,3742,4031,4048,5481,5494,5749,5762|-|-
-|-|409,427,734,752,2196,2213,2448,2465|3722,3739,4028,4045,5478,5491,5746,5759
-|-|410,428,735,753,2197,2214,2449,2466|3723,3740,4029,4046,5479,5492,5747,5760
-|-|411,429,736,754,2198,2215,2450,2467|3724,3741,4030,4047,5480,5493,5748,5761
-|-|412,430,737,755,2199,2216,2451,2468|3725,3742,4031,4048,5481,5494,5749,5762
416,434,741,759,2203,2220,2455,2472|3726,3743,4032,4049,5482,5495,5750,5763|-|-
3727,3744,4033,4050,5483,5496,5751,5764|409,427,734,752,2196,2213,2448,2465|-|-
3728,3745,4034,4051,5484,5497,5752,5765|410,428,735,753,2197,2214,2449,2466|-|-
3729,3746,4035,4052,5485,5498,5753,5766|411,429,736,754,2198,2215,2450,2467|-|-
3730,3747,4036,4053,5486,5499,5754,5767|412,430,737,755,2199,2216,2451,2468|-|-
-|-|3727,3744,4033,4050,5483,5496,5751,5764|409,427,734,752,2196,2213,2448,2465
-|-|3728,3745,4034,4051,5484,5497,5752,5765|410,428,735,753,2197,2214,2449,2466
-|-|3729,3746,4035,4052,5485,5498,5753,5766|411,429,736,754,2198,2215,2450,2467
-|-|3730,3747,4036,4053,5486,5499,5754,5767|412,430,737,755,2199,2216,2451,2468
3731,3748,4037,4054,5487,5500,5755,5768|413,431,738,756,2200,2217,2452,2469|-|-
3732,3749,4038,4055,5488,5501,5756,5769|414,432,739,757,2201,2218,2453,2470|-|-
3733,3750,4039,4056,5489,5502,5757,5770|415,433,740,758,2202,2219,2454,2471|-|-
3734,3751,4040,4057,5490,5503,5758,5771|416,434,741,759,2203,2220,2455,2472|-|-
-|-|417,435,742,760,2204,2221,2456,2473|3727,3744,4033,4050,5483,5496,5751,5764
-|-|418,436,743,761,2205,2222,2457,2474|3728,3745,4034,4051,5484,5497,5752,5765
-|-|419,437,744,762,2206,2223,2458,2475|3729,3746,4035,4052,5485,5498,5753,5766
-|-|420,438,745,763,2207,2224,2459,2476|3730,3747,4036,4053,5486,5499,5754,5767
421,439,746,764,2208,2225,2460,2477|3731,3748,4037,4054,5487,5500,5755,5768|-|-
422,440,747,765,2209,2226,2461,2478|3732,3749,4038,4055,5488,5501,5756,5769|-|-
423,441,748,766,2210,2227,2462,2479|3733,3750,4039,4056,5489,5502,5757,5770|-|-
424,442,749,767,2211,2228,2463,2480|3734,3751,4040,4057,5490,5503,5758,5771|-|-
3660,3681,3966,3987,5421,5441,5689,5709|338,359,663,684,2145,2161,2397,2413|-|-
3661,3682,3967,3988,5422,5442,5690,5710|339,360,664,685,2146,2162,2398,2414|-|-
3662,3683,3968,3989,5423,5443,5691,5711|340,361,665,686,2147,2163,2399,2415|-|-
3663,3684,3969,3990,5424,5444,5692,5712|341,362,666,687,2148,2164,2400,2416|-|-
-|-|3660,3681,3966,3987,5421,5441,5689,5709|338,359,663,684,2145,2161,2397,2413
-|-|3661,3682,3967,3988,5422,5442,5690,5710|339,360,664,685,2146,2162,2398,2414
-|-|3662,3683,3968,3989,5423,5443,5691,5711|340,361,665,686,2147,2163,2399,2415
-|-|3663,3684,3969,3990,5424,5444,5692,5712|341,362,666,687,2148,2164,2400,2416
346,367,671,692,2153,2169,2405,2421|3660,3681,3966,3987,5421,5441,5689,5709|-|-
347,368,672,693,2154,2170,2406,2422|3661,3682,3967,3988,5422,5442,5690,5710|-|-
348,369,673,694,2155,2171,2407,2423|3662,3683,3968,3989,5423,5443,5691,5711|-|-
349,370,674,695,2156,2172,2408,2424|3663,3684,3969,3990,5424,5444,5692,5712|-|-
-|-|346,367,671,692,2153,2169,2405,2421|3660,3681,3966,3987,5421,5441,5689,5709
-|-|347,368,672,693,2154,2170,2406,2422|3661,3682,3967,3988,5422,5442,5690,5710
-|-|348,369,673,694,2155,2171,2407,2423|3662,3683,3968,3989,5423,5443,5691,5711
-|-|349,370,674,695,2156,2172,2408,2424|3663,3684,3969,3990,5424,5444,5692,5712
352,373,677,698,2159,2175,2411,2427|3666,3687,3972,3993,5427,5447,5695,5715|-|-
353,374,678,699,2160,2176,2412,2428|3667,3688,3973,3994,5428,5448,5696,5716|-|-
-|-|3706,4012,5465,5733|380,705,2177,2429
-|-|3707,4013,5466,5734|381,706,2178,2430
-|-|3708,4014,5467,5735|382,707,2179,2431
-|-|3709,4015,5468,5736|383,708,2180,2432
3710,4016,5469,5737|384,709,2181,2433|-|-
3711,4017,5470,5738|385,710,2182,2434|-|-
3712,4018,5471,5739|386,711,2183,2435|-|-
3713,4019,5472,5740|387,712,2184,2436|-|-
-|-|389,714,2186,2438|3706,4012,5465,5733
-|-|390,715,2187,2439|3707,4013,5466,5734
-|-|391,716,2188,2440|3708,4014,5467,5735
-|-|392,717,2189,2441|3709,4015,5468,5736
393,718,2190,2442|3710,4016,5469,5737|-|-
394,719,2191,2443|3711,4017,5470,5738|-|-
395,720,2192,2444|3712,4018,5471,5739|-|-
396,721,2193,2445|3713,4019,5472,5740|-|-
-|-|395,720,2192,2444|3712,4018,5471,5739
-|-|396,721,2193,2445|3713,4019,5472,5740
-|-|770,792,2482,2499|4062,4086,5772,5789
-|-|771,793,2483,2500|4063,4087,5773,5790
-|-|772,794,2484,2501|4064,4088,5774,5791
-|-|773,795,2485,2502|4065,4089,5775,5792
774,796,2486,2503|4066,4090,5776,5793|-|-
775,797,2487,2504|4067,4091,5777,5794|-|-
776,798,2488,2505|4068,4092,5778,5795|-|-
777,799,2489,2506|4069,4093,5779,5796|-|-
-|-|777,799,2489,2506|4069,4093,5779,5796
-|-|4071,4095,5781,5798|770,792,2482,2499
-|-|4072,4096,5782,5799|771,793,2483,2500
-|-|4073,4097,5783,5800|772,794,2484,2501
-|-|4074,4098,5784,5801|773,795,2485,2502
4075,4099,5785,5802|774,796,2486,2503|-|-
4076,4100,5786,5803|775,797,2487,2504|-|-
4077,4101,5787,5804|776,798,2488,2505|-|-
4078,4102,5788,5805|777,799,2489,2506|-|-
-|-|4078,4102,5788,5805|777,799,2489,2506
784,806,2495,2512|4075,4099,5785,5802|-|-
785,807,2496,2513|4076,4100,5786,5803|-|-
786,808,2497,2514|4077,4101,5787,5804|-|-
787,809,2498,2515|4078,4102,5788,5805|-|-
814,2516|4110,5806|-|-
815,2517|4111,5807|-|-
816,2518|4112,5808|-|-
817,2519|4113,5809|-|-
-|-|814,2516|4110,5806
-|-|815,2517|4111,5807
-|-|816,2518|4112,5808
-|-|817,2519|4113,5809
821,2523|4115,5811|-|-
4116,5812|814,2516|-|-
4117,5813|815,2517|-|-
4118,5814|816,2518|-|-
4119,5815|817,2519|-|-
-|-|4116,5812|814,2516
-|-|4117,5813|815,2517
-|-|4118,5814|816,2518
-|-|4119,5815|817,2519
4123,5817|821,2523|-|-
-|-|823,2524|4116,5812
-|-|824,2525|4117,5813
-|-|825,2526|4118,5814
-|-|826,2527|4119,5815
-|-|831,851,2532,2548|4133,4151,5818,5834
-|-|832,852,2533,2549|4134,4152,5819,5835
-|-|833,853,2534,2550|4135,4153,5820,5836
-|-|834,854,2535,2551|4136,4154,5821,5837
835,855,2536,2552|4137,4155,5822,5838|-|-
836,856,2537,2553|4138,4156,5823,5839|-|-
837,857,2538,2554|4139,4157,5824,5840|-|-
838,858,2539,2555|4140,4158,5825,5841|-|-
-|-|837,857,2538,2554|4139,4157,5824,5840
-|-|838,858,2539,2555|4140,4158,5825,5841
-|-|4141,4159,5826,5842|831,851,2532,2548
-|-|4142,4160,5827,5843|832,852,2533,2549
-|-|4143,4161,5828,5844|833,853,2534,2550
-|-|4144,4162,5829,5845|834,854,2535,2551
4145,4163,5830,5846|835,855,2536,2552|-|-
4146,4164,5831,5847|836,856,2537,2553|-|-
4147,4165,5832,5848|837,857,2538,2554|-|-
4148,4166,5833,5849|838,858,2539,2555|-|-
-|-|4145,4163,5830,5846|835,855,2536,2552
-|-|4146,4164,5831,5847|836,856,2537,2553
-|-|4147,4165,5832,5848|837,857,2538,2554
-|-|4148,4166,5833,5849|838,858,2539,2555
843,863,2542,2558|4145,4163,5830,5846|-|-
844,864,2543,2559|4146,4164,5831,5847|-|-
845,865,2544,2560|4147,4165,5832,5848|-|-
846,866,2545,2561|4148,4166,5833,5849|-|-
-|-|843,863,2542,2558|4145,4163,5830,5846
-|-|844,864,2543,2559|4146,4164,5831,5847
-|-|845,865,2544,2560|4147,4165,5832,5848
-|-|846,866,2545,2561|4148,4166,5833,5849
-|-|4071,4095,5781,5798|770,792,2482,2499
-|-|4072,4096,5782,5799|771,793,2483,2500
-|-|4073,4097,5783,5800|772,794,2484,2501
-|-|4074,4098,5784,5801|773,795,2485,2502
4075,4099,5785,5802|774,796,2486,2503|-|-
4076,4100,5786,5803|775,797,2487,2504|-|-
4077,4101,5787,5804|776,798,2488,2505|-|-
4078,4102,5788,5805|777,799,2489,2506|-|-
-|-|4078,4102,5788,5805|777,799,2489,2506
-|-|780,802,2491,2508|4071,4095,5781,5798
-|-|781,803,2492,2509|4072,4096,5782,5799
-|-|782,804,2493,2510|4073,4097,5783,5800
-|-|783,805,2494,2511|4074,4098,5784,5801
784,806,2495,2512|4075,4099,5785,5802|-|-
785,807,2496,2513|4076,4100,5786,5803|-|-
786,808,2497,2514|4077,4101,5787,5804|-|-
787,809,2498,2515|4078,4102,5788,5805|-|-
-|-|786,808,2497,2514|4077,4101,5787,5804
-|-|787,809,2498,2515|4078,4102,5788,5805
4116,5812|814,2516|-|-
4117,5813|815,2517|-|-
4118,5814|816,2518|-|-
4119,5815|817,2519|-|-
-|-|4116,5812|814,2516
-|-|4117,5813|815,2517
-|-|4118,5814|816,2518
-|-|4119,5815|817,2519
4123,5817|821,2523|-|-
823,2524|4116,5812|-|-
824,2525|4117,5813|-|-
825,2526|4118,5814|-|-
826,2527|4119,5815|-|-
-|-|823,2524|4116,5812
-|-|824,2525|4117,5813
-|-|825,2526|4118,5814
-|-|826,2527|4119,5815
829,2530|4122,5816|-|-
830,2531|4123,5817|-|-
-|-|871,891,2564,2581|4169,4189,5850,5866
-|-|872,892,2565,2582|4170,4190,5851,5867
-|-|873,893,2566,2583|4171,4191,5852,5868
-|-|874,894,2567,2584|4172,4192,5853,5869
875,895,2568,2585|4173,4193,5854,5870|-|-
876,896,2569,2586|4174,4194,5855,5871|-|-
877,897,2570,2587|4175,4195,5856,5872|-|-
878,898,2571,2588|4176,4196,5857,5873|-|-
-|-|4177,4197,5858,5874|871,891,2564,2581
-|-|4178,4198,5859,5875|872,892,2565,2582
-|-|4179,4199,5860,5876|873,893,2566,2583
-|-|4180,4200,5861,5877|874,894,2567,2584
4181,4201,5862,5878|875,895,2568,2585|-|-
4182,4202,5863,5879|876,896,2569,2586|-|-
4183,4203,5864,5880|877,897,2570,2587|-|-
4184,4204,5865,5881|878,898,2571,2588|-|-
-|-|4184,4204,5865,5881|878,898,2571,2588
883,903,2576,2593|4181,4201,5862,5878|-|-
884,904,2577,2594|4182,4202,5863,5879|-|-
885,905,2578,2595|4183,4203,5864,5880|-|-
886,906,2579,2596|4184,4204,5865,5881|-|-
911,2598|4209,5882|-|-
912,2599|4210,5883|-|-
913,2600|4211,5884|-|-
914,2601|4212,5885|-|-
-|-|911,2598|4209,5882
-|-|912,2599|4210,5883
-|-|913,2600|4211,5884
-|-|914,2601|4212,5885
4213,5886|911,2598|-|-
4214,5887|912,2599|-|-
4215,5888|913,2600|-|-
4216,5889|914,2601|-|-
-|-|4213,5886|911,2598
-|-|4214,5887|912,2599
-|-|4215,5888|913,2600
-|-|4216,5889|914,2601
4220,5890|918,2605|-|-
-|-|919,2606|4213,5886
-|-|920,2607|4214,5887
-|-|921,2608|4215,5888
-|-|922,2609|4216,5889
-|-|927,947,2614,2628|4229,4248,5891,5908
-|-|928,948,2615,2629|4230,4249,5892,5909
-|-|929,949,2616,2630|4231,4250,5893,5910
-|-|930,950,2617,2631|4232,4251,5894,5911
931,951,2618,2632|4233,4252,5895,5912|-|-
932,952,2619,2633|4234,4253,5896,5913|-|-
933,953,2620,2634|4235,4254,5897,5914|-|-
934,954,2621,2635|4236,4255,5898,5915|-|-
-|-|4238,4257,5900,5917|927,947,2614,2628
-|-|4239,4258,5901,5918|928,948,2615,2629
-|-|4240,4259,5902,5919|929,949,2616,2630
-|-|4241,4260,5903,5920|930,950,2617,2631
4242,4261,5904,5921|931,951,2618,2632|-|-
4243,4262,5905,5922|932,952,2619,2633|-|-
4244,4263,5906,5923|933,953,2620,2634|-|-
4245,4264,5907,5924|934,954,2621,2635|-|-
-|-|4242,4261,5904,5921|931,951,2618,2632
-|-|4243,4262,5905,5922|932,952,2619,2633
-|-|4244,4263,5906,5923|933,953,2620,2634
-|-|4245,4264,5907,5924|934,954,2621,2635
939,959,2623,2637|4242,4261,5904,5921|-|-
940,960,2624,2638|4243,4262,5905,5922|-|-
941,961,2625,2639|4244,4263,5906,5923|-|-
942,962,2626,2640|4245,4264,5907,5924|-|-
-|-|939,959,2623,2637|4242,4261,5904,5921
-|-|940,960,2624,2638|4243,4262,5905,5922
-|-|941,961,2625,2639|4244,4263,5906,5923
-|-|942,962,2626,2640|4245,4264,5907,5924
-|-|4177,4197,5858,5874|871,891,2564,2581
-|-|4178,4198,5859,5875|872,892,2565,2582
-|-|4179,4199,5860,5876|873,893,2566,2583
-|-|4180,4200,5861,5877|874,894,2567,2584
4181,4201,5862,5878|875,895,2568,2585|-|-
4182,4202,5863,5879|876,896,2569,2586|-|-
4183,4203,5864,5880|877,897,2570,2587|-|-
4184,4204,5865,5881|878,898,2571,2588|-|-
-|-|4184,4204,5865,5881|878,898,2571,2588
-|-|879,899,2572,2589|4177,4197,5858,5874
-|-|880,900,2573,2590|4178,4198,5859,5875
-|-|881,901,2574,2591|4179,4199,5860,5876
-|-|882,902,2575,2592|4180,4200,5861,5877
883,903,2576,2593|4181,4201,5862,5878|-|-
884,904,2577,2594|4182,4202,5863,5879|-|-
885,905,2578,2595|4183,4203,5864,5880|-|-
886,906,2579,2596|4184,4204,5865,5881|-|-
-|-|886,906,2579,2596|4184,4204,5865,5881
4213,5886|911,2598|-|-
4214,5887|912,2599|-|-
4215,5888|913,2600|-|-
4216,5889|914,2601|-|-
-|-|4213,5886|911,2598
-|-|4214,5887|912,2599
-|-|4215,5888|913,2600
-|-|4216,5889|914,2601
4220,5890|918,2605|-|-
919,2606|4213,5886|-|-
920,2607|4214,5887|-|-
921,2608|4215,5888|-|-
922,2609|4216,5889|-|-
-|-|919,2606|4213,5886
-|-|920,2607|4214,5887
-|-|921,2608|4215,5888
-|-|922,2609|4216,5889
926,2613|4220,5890|-|-
-|-|967,988,2642,2659|4267,4290,5925,5942
-|-|968,989,2643,2660|4268,4291,5926,5943
-|-|969,990,2644,2661|4269,4292,5927,5944
-|-|970,991,2645,2662|4270,4293,5928,5945
971,992,2646,2663|4271,4294,5929,5946|-|-
972,993,2647,2664|4272,4295,5930,5947|-|-
973,994,2648,2665|4273,4296,5931,5948|-|-
974,995,2649,2666|4274,4297,5932,5949|-|-
-|-|4275,4298,5933,5950|967,988,2642,2659
-|-|4276,4299,5934,5951|968,989,2643,2660
-|-|4277,4300,5935,5952|969,990,2644,2661
-|-|4278,4301,5936,5953|970,991,2645,2662
4279,4302,5937,5954|971,992,2646,2663|-|-
4280,4303,5938,5955|972,993,2647,2664|-|-
4281,4304,5939,5956|973,994,2648,2665|-|-
4282,4305,5940,5957|974,995,2649,2666|-|-
-|-|4282,4305,5940,5957|974,995,2649,2666
980,1001,2655,2672|4279,4302,5937,5954|-|-
981,1002,2656,2673|4280,4303,5938,5955|-|-
982,1003,2657,2674|4281,4304,5939,5956|-|-
983,1004,2658,2675|4282,4305,5940,5957|-|-
1009,2676|4313,5959|-|-
1010,2677|4314,5960|-|-
1011,2678|4315,5961|-|-
1012,2679|4316,5962|-|-
-|-|1009,2676|4313,5959
-|-|1010,2677|4314,5960
-|-|1011,2678|4315,5961
-|-|1012,2679|4316,5962
4317,5963|1009,2676|-|-
4318,5964|1010,2677|-|-
4319,5965|1011,2678|-|-
4320,5966|1012,2679|-|-
-|-|4317,5963|1009,2676
-|-|4318,5964|1010,2677
-|-|4319,5965|1011,2678
-|-|4320,5966|1012,2679
4324,5968|1016,2683|-|-
-|-|1017,2684|4317,5963
-|-|1018,2685|4318,5964
-|-|1019,2686|4319,5965
-|-|1020,2687|4320,5966
-|-|1026,1046,2692,2708|4334,4352,5969,5985
-|-|1027,1047,2693,2709|4335,4353,5970,5986
-|-|1028,1048,2694,2710|4336,4354,5971,5987
-|-|1029,1049,2695,2711|4337,4355,5972,5988
1030,1050,2696,2712|4338,4356,5973,5989|-|-
1031,1051,2697,2713|4339,4357,5974,5990|-|-
1032,1052,2698,2714|4340,4358,5975,5991|-|-
1033,1053,2699,2715|4341,4359,5976,5992|-|-
-|-|1033,1053,2699,2715|4341,4359,5976,5992
-|-|4342,4360,5977,5993|1026,1046,2692,2708
-|-|4343,4361,5978,5994|1027,1047,2693,2709
-|-|4344,4362,5979,5995|1028,1048,2694,2710
-|-|4345,4363,5980,5996|1029,1049,2695,2711
4346,4364,5981,5997|1030,1050,2696,2712|-|-
4347,4365,5982,5998|1031,1051,2697,2713|-|-
4348,4366,5983,5999|1032,1052,2698,2714|-|-
4349,4367,5984,6000|1033,1053,2699,2715|-|-
-|-|4346,4364,5981,5997|1030,1050,2696,2712
-|-|4347,4365,5982,5998|1031,1051,2697,2713
-|-|4348,4366,5983,5999|1032,1052,2698,2714
-|-|4349,4367,5984,6000|1033,1053,2699,2715
1038,1058,2702,2718|4346,4364,5981,5997|-|-
1039,1059,2703,2719|4347,4365,5982,5998|-|-
1040,1060,2704,2720|4348,4366,5983,5999|-|-
1041,1061,2705,2721|4349,4367,5984,6000|-|-
-|-|1038,1058,2702,2718|4346,4364,5981,5997
-|-|1039,1059,2703,2719|4347,4365,5982,5998
-|-|1040,1060,2704,2720|4348,4366,5983,5999
-|-|1041,1061,2705,2721|4349,4367,5984,6000
-|-|4275,4298,5933,5950|967,988,2642,2659
-|-|4276,4299,5934,5951|968,989,2643,2660
-|-|4277,4300,5935,5952|969,990,2644,2661
-|-|4278,4301,5936,5953|970,991,2645,2662
4279,4302,5937,5954|971,992,2646,2663|-|-
4280,4303,5938,5955|972,993,2647,2664|-|-
4281,4304,5939,5956|973,994,2648,2665|-|-
4282,4305,5940,5957|974,995,2649,2666|-|-
-|-|976,997,2651,2668|4275,4298,5933,5950
-|-|977,998,2652,2669|4276,4299,5934,5951
-|-|978,999,2653,2670|4277,4300,5935,5952
-|-|979,1000,2654,2671|4278,4301,5936,5953
980,1001,2655,2672|4279,4302,5937,5954|-|-
981,1002,2656,2673|4280,4303,5938,5955|-|-
982,1003,2657,2674|4281,4304,5939,5956|-|-
983,1004,2658,2675|4282,4305,5940,5957|-|-
-|-|982,1003,2657,2674|4281,4304,5939,5956
-|-|983,1004,2658,2675|4282,4305,5940,5957
4317,5963|1009,2676|-|-
4318,5964|1010,2677|-|-
4319,5965|1011,2678|-|-
4320,5966|1012,2679|-|-
-|-|4317,5963|1009,2676
-|-|4318,5964|1010,2677
-|-|4319,5965|1011,2678
-|-|4320,5966|1012,2679
1017,2684|4317,5963|-|-
1018,2685|4318,5964|-|-
1019,2686|4319,5965|-|-
1020,2687|4320,5966|-|-
-|-|1017,2684|4317,5963
-|-|1018,2685|4318,5964
-|-|1019,2686|4319,5965
-|-|1020,2687|4320,5966
1023,2690|4323,5967|-|-
1024,2691|4324,5968|-|-
3456,3479,3762,3785,5242,5264,5510,5532|120,142,445,467,1978,1994,2230,2246|-|-
3457,3480,3763,3786,5243,5265,5511,5533|121,143,446,468,1979,1995,2231,2247|-|-
3458,3481,3764,3787,5244,5266,5512,5534|122,144,447,469,1980,1996,2232,2248|-|-
3459,3482,3765,3788,5245,5267,5513,5535|123,145,448,470,1981,1997,2233,2249|-|-
-|-|3456,3479,3762,3785,5242,5264,5510,5532|120,142,445,467,1978,1994,2230,2246
-|-|3457,3480,3763,3786,5243,5265,5511,5533|121,143,446,468,1979,1995,2231,2247
-|-|3458,3481,3764,3787,5244,5266,5512,5534|122,144,447,469,1980,1996,2232,2248
-|-|3459,3482,3765,3788,5245,5267,5513,5535|123,145,448,470,1981,1997,2233,2249
3462,3485,3768,3791,5248,5270,5516,5538|126,148,451,473,1984,2000,2236,2252|-|-
3463,3486,3769,3792,5249,5271,5517,5539|127,149,452,474,1985,2001,2237,2253|-|-
129,151,454,476,1986,2002,2238,2254|3456,3479,3762,3785,5242,5264,5510,5532|-|-
130,152,455,477,1987,2003,2239,2255|3457,3480,3763,3786,5243,5265,5511,5533|-|-
131,153,456,478,1988,2004,2240,2256|3458,3481,3764,3787,5244,5266,5512,5534|-|-
132,154,457,479,1989,2005,2241,2257|3459,3482,3765,3788,5245,5267,5513,5535|-|-
-|-|129,151,454,476,1986,2002,2238,2254|3456,3479,3762,3785,5242,5264,5510,5532
-|-|130,152,455,477,1987,2003,2239,2255|3457,3480,3763,3786,5243,5265,5511,5533
-|-|131,153,456,478,1988,2004,2240,2256|3458,3481,3764,3787,5244,5266,5512,5534
-|-|132,154,457,479,1989,2005,2241,2257|3459,3482,3765,3788,5245,5267,5513,5535
133,155,458,480,1990,2006,2242,2258|3460,3483,3766,3789,5246,5268,5514,5536|-|-
134,156,459,481,1991,2007,2243,2259|3461,3484,3767,3790,5247,5269,5515,5537|-|-
135,157,460,482,1992,2008,2244,2260|3462,3485,3768,3791,5248,5270,5516,5538|-|-
136,158,461,483,1993,2009,2245,2261|3463,3486,3769,3792,5249,5271,5517,5539|-|-
-|-|3505,3811,5289,5557|164,489,2010,2262
-|-|3506,3812,5290,5558|165,490,2011,2263
-|-|3507,3813,5291,5559|166,491,2012,2264
-|-|3508,3814,5292,5560|167,492,2013,2265
3509,3815,5293,5561|168,493,2014,2266|-|-
3510,3816,5294,5562|169,494,2015,2267|-|-
3511,3817,5295,5563|170,495,2016,2268|-|-
3512,3818,5296,5564|171,496,2017,2269|-|-
-|-|3511,3817,5295,5563|170,495,2016,2268
-|-|3512,3818,5296,5564|171,496,2017,2269
-|-|174,499,2019,2271|3505,3811,5289,5557
-|-|175,500,2020,2272|3506,3812,5290,5558
-|-|176,501,2021,2273|3507,3813,5291,5559
-|-|177,502,2022,2274|3508,3814,5292,5560
178,503,2023,2275|3509,3815,5293,5561|-|-
179,504,2024,2276|3510,3816,5294,5562|-|-
180,505,2025,2277|3511,3817,5295,5563|-|-
181,506,2026,2278|3512,3818,5296,5564|-|-
-|-|178,503,2023,2275|3509,3815,5293,5561
-|-|179,504,2024,2276|3510,3816,5294,5562
-|-|180,505,2025,2277|3511,3817,5295,5563
-|-|181,506,2026,2278|3512,3818,5296,5564
-|-|3527,3545,3833,3851,5307,5321,5575,5589|194,213,519,538,2029,2046,2281,2298
-|-|3528,3546,3834,3852,5308,5322,5576,5590|195,214,520,539,2030,2047,2282,2299
-|-|3529,3547,3835,3853,5309,5323,5577,5591|196,215,521,540,2031,2048,2283,2300
-|-|3530,3548,3836,3854,5310,5324,5578,5592|197,216,522,541,2032,2049,2284,2301
3531,3549,3837,3855,5311,5325,5579,5593|198,217,523,542,2033,2050,2285,2302|-|-
3532,3550,3838,3856,5312,5326,5580,5594|199,218,524,543,2034,2051,2286,2303|-|-
3533,3551,3839,3857,5313,5327,5581,5595|200,219,525,544,2035,2052,2287,2304|-|-
3534,3552,3840,3858,5314,5328,5582,5596|201,220,526,545,2036,2053,2288,2305|-|-
-|-|3534,3552,3840,3858,5314,5328,5582,5596|201,220,526,545,2036,2053,2288,2305
-|-|203,222,528,547,2037,2054,2289,2306|3527,3545,3833,3851,5307,5321,5575,5589
-|-|204,223,529,548,2038,2055,2290,2307|3528,3546,3834,3852,5308,5322,5576,5590
-|-|205,224,530,549,2039,2056,2291,2308|3529,3547,3835,3853,5309,5323,5577,5591
-|-|206,225,531,550,2040,2057,2292,2309|3530,3548,3836,3854,5310,5324,5578,5592
207,226,532,551,2041,2058,2293,2310|3531,3549,3837,3855,5311,5325,5579,5593|-|-
208,227,533,552,2042,2059,2294,2311|3532,3550,3838,3856,5312,5326,5580,5594|-|-
209,228,534,553,2043,2060,2295,2312|3533,3551,3839,3857,5313,5327,5581,5595|-|-
210,229,535,554,2044,2061,2296,2313|3534,3552,3840,3858,5314,5328,5582,5596|-|-
129,151,454,476,1986,2002,2238,2254|3456,3479,3762,3785,5242,5264,5510,5532|-|-
130,152,455,477,1987,2003,2239,2255|3457,3480,3763,3786,5243,5265,5511,5533|-|-
131,153,456,478,1988,2004,2240,2256|3458,3481,3764,3787,5244,5266,5512,5534|-|-
132,154,457,479,1989,2005,2241,2257|3459,3482,3765,3788,5245,5267,5513,5535|-|-
-|-|129,151,454,476,1986,2002,2238,2254|3456,3479,3762,3785,5242,5264,5510,5532
-|-|130,152,455,477,1987,2003,2239,2255|3457,3480,3763,3786,5243,5265,5511,5533
-|-|131,153,456,478,1988,2004,2240,2256|3458,3481,3764,3787,5244,5266,5512,5534
-|-|132,154,457,479,1989,2005,2241,2257|3459,3482,3765,3788,5245,5267,5513,5535
133,155,458,480,1990,2006,2242,2258|3460,3483,3766,3789,5246,5268,5514,5536|-|-
134,156,459,481,1991,2007,2243,2259|3461,3484,3767,3790,5247,5269,5515,5537|-|-
135,157,460,482,1992,2008,2244,2260|3462,3485,3768,3791,5248,5270,5516,5538|-|-
136,158,461,483,1993,2009,2245,2261|3463,3486,3769,3792,5249,5271,5517,5539|-|-
-|-|3465,3488,3771,3794,5250,5272,5518,5540|129,151,454,476,1986,2002,2238,2254
-|-|3466,3489,3772,3795,5251,5273,5519,5541|130,152,455,477,1987,2003,2239,2255
-|-|3467,3490,3773,3796,5252,5274,5520,5542|131,153,456,478,1988,2004,2240,2256
-|-|3468,3491,3774,3797,5253,5275,5521,5543|132,154,457,479,1989,2005,2241,2257
3469,3492,3775,3798,5254,5276,5522,5544|133,155,458,480,1990,2006,2242,2258|-|-
3470,3493,3776,3799,5255,5277,5523,5545|134,156,459,481,1991,2007,2243,2259|-|-
3471,3494,3777,3800,5256,5278,5524,5546|135,157,460,482,1992,2008,2244,2260|-|-
3472,3495,3778,3801,5257,5279,5525,5547|136,158,461,483,1993,2009,2245,2261|-|-
-|-|174,499,2019,2271|3505,3811,5289,5557
-|-|175,500,2020,2272|3506,3812,5290,5558
-|-|176,501,2021,2273|3507,3813,5291,5559
-|-|177,502,2022,2274|3508,3814,5292,5560
178,503,2023,2275|3509,3815,5293,5561|-|-
179,504,2024,2276|3510,3816,5294,5562|-|-
180,505,2025,2277|3511,3817,5295,5563|-|-
181,506,2026,2278|3512,3818,5296,5564|-|-
-|-|178,503,2023,2275|3509,3815,5293,5561
-|-|179,504,2024,2276|3510,3816,5294,5562
-|-|180,505,2025,2277|3511,3817,5295,5563
-|-|181,506,2026,2278|3512,3818,5296,5564
3515,3821,5297,5565|178,503,2023,2275|-|-
3516,3822,5298,5566|179,504,2024,2276|-|-
3517,3823,5299,5567|180,505,2025,2277|-|-
3518,3824,5300,5568|181,506,2026,2278|-|-
-|-|3515,3821,5297,5565|178,503,2023,2275
-|-|3516,3822,5298,5566|179,504,2024,2276
-|-|3517,3823,5299,5567|180,505,2025,2277
-|-|3518,3824,5300,5568|181,506,2026,2278
3561,3581,3867,3887,5333,5353,5601,5621|232,253,557,578,2063,2079,2315,2331|-|-
3562,3582,3868,3888,5334,5354,5602,5622|233,254,558,579,2064,2080,2316,2332|-|-
3563,3583,3869,3889,5335,5355,5603,5623|234,255,559,580,2065,2081,2317,2333|-|-
3564,3584,3870,3890,5336,5356,5604,5624|235,256,560,581,2066,2082,2318,2334|-|-
-|-|3561,3581,3867,3887,5333,5353,5601,5621|232,253,557,578,2063,2079,2315,2331
-|-|3562,3582,3868,3888,5334,5354,5602,5622|233,254,558,579,2064,2080,2316,2332
-|-|3563,3583,3869,3889,5335,5355,5603,5623|234,255,559,580,2065,2081,2317,2333
-|-|3564,3584,3870,3890,5336,5356,5604,5624|235,256,560,581,2066,2082,2318,2334
240,261,565,586,2071,2087,2323,2339|3561,3581,3867,3887,5333,5353,5601,5621|-|-
241,262,566,587,2072,2088,2324,2340|3562,3582,3868,3888,5334,5354,5602,5622|-|-
242,263,567,588,2073,2089,2325,2341|3563,3583,3869,3889,5335,5355,5603,5623|-|-
243,264,568,589,2074,2090,2326,2342|3564,3584,3870,3890,5336,5356,5604,5624|-|-
-|-|240,261,565,586,2071,2087,2323,2339|3561,3581,3867,3887,5333,5353,5601,5621
-|-|241,262,566,587,2072,2088,2324,2340|3562,3582,3868,3888,5334,5354,5602,5622
-|-|242,263,567,588,2073,2089,2325,2341|3563,3583,3869,3889,5335,5355,5603,5623
-|-|243,264,568,589,2074,2090,2326,2342|3564,3584,3870,3890,5336,5356,5604,5624
244,265,569,590,2075,2091,2327,2343|3565,3585,3871,3891,5337,5357,5605,5625|-|-
245,266,570,591,2076,2092,2328,2344|3566,3586,3872,3892,5338,5358,5606,5626|-|-
246,267,571,592,2077,2093,2329,2345|3567,3587,3873,3893,5339,5359,5607,5627|-|-
247,268,572,593,2078,2094,2330,2346|3568,3588,3874,3894,5340,5360,5608,5628|-|-
-|-|3605,3911,5377,5645|274,599,2095,2347
-|-|3606,3912,5378,5646|275,600,2096,2348
-|-|3607,3913,5379,5647|276,601,2097,2349
-|-|3608,3914,5380,5648|277,602,2098,2350
3609,3915,5381,5649|278,603,2099,2351|-|-
3610,3916,5382,5650|279,604,2100,2352|-|-
3611,3917,5383,5651|280,605,2101,2353|-|-
3612,3918,5384,5652|281,606,2102,2354|-|-
-|-|282,607,2103,2355|3605,3911,5377,5645
-|-|283,608,2104,2356|3606,3912,5378,5646
-|-|284,609,2105,2357|3607,3913,5379,5647
-|-|285,610,2106,2358|3608,3914,5380,5648
286,611,2107,2359|3609,3915,5381,5649|-|-
287,612,2108,2360|3610,3916,5382,5650|-|-
288,613,2109,2361|3611,3917,5383,5651|-|-
289,614,2110,2362|3612,3918,5384,5652|-|-
-|-|286,611,2107,2359|3609,3915,5381,5649
-|-|287,612,2108,2360|3610,3916,5382,5650
-|-|288,613,2109,2361|3611,3917,5383,5651
-|-|289,614,2110,2362|3612,3918,5384,5652
-|-|3624,3643,3930,3949,5395,5409,5663,5677|302,320,627,645,2113,2129,2365,2381
-|-|3625,3644,3931,3950,5396,5410,5664,5678|303,321,628,646,2114,2130,2366,2382
-|-|3626,3645,3932,3951,5397,5411,5665,5679|304,322,629,647,2115,2131,2367,2383
-|-|3627,3646,3933,3952,5398,5412,5666,5680|305,323,630,648,2116,2132,2368,2384
3628,3647,3934,3953,5399,5413,5667,5681|306,324,631,649,2117,2133,2369,2385|-|-
3629,3648,3935,3954,5400,5414,5668,5682|307,325,632,650,2118,2134,2370,2386|-|-
3630,3649,3936,3955,5401,5415,5669,5683|308,326,633,651,2119,2135,2371,2387|-|-
3631,3650,3937,3956,5402,5416,5670,5684|309,327,634,652,2120,2136,2372,2388|-|-
-|-|311,329,636,654,2121,2137,2373,2389|3624,3643,3930,3949,5395,5409,5663,5677
-|-|312,330,637,655,2122,2138,2374,2390|3625,3644,3931,3950,5396,5410,5664,5678
-|-|313,331,638,656,2123,2139,2375,2391|3626,3645,3932,3951,5397,5411,5665,5679
-|-|314,332,639,657,2124,2140,2376,2392|3627,3646,3933,3952,5398,5412,5666,5680
315,333,640,658,2125,2141,2377,2393|3628,3647,3934,3953,5399,5413,5667,5681|-|-
316,334,641,659,2126,2142,2378,2394|3629,3648,3935,3954,5400,5414,5668,5682|-|-
317,335,642,660,2127,2143,2379,2395|3630,3649,3936,3955,5401,5415,5669,5683|-|-
318,336,643,661,2128,2144,2380,2396|3631,3650,3937,3956,5402,5416,5670,5684|-|-
240,261,565,586,2071,2087,2323,2339|3561,3581,3867,3887,5333,5353,5601,5621|-|-
241,262,566,587,2072,2088,2324,2340|3562,3582,3868,3888,5334,5354,5602,5622|-|-
242,263,567,588,2073,2089,2325,2341|3563,3583,3869,3889,5335,5355,5603,5623|-|-
243,264,568,589,2074,2090,2326,2342|3564,3584,3870,3890,5336,5356,5604,5624|-|-
-|-|240,261,565,586,2071,2087,2323,2339|3561,3581,3867,3887,5333,5353,5601,5621
-|-|241,262,566,587,2072,2088,2324,2340|3562,3582,3868,3888,5334,5354,5602,5622
-|-|242,263,567,588,2073,2089,2325,2341|3563,3583,3869,3889,5335,5355,5603,5623
-|-|243,264,568,589,2074,2090,2326,2342|3564,3584,3870,3890,5336,5356,5604,5624
244,265,569,590,2075,2091,2327,2343|3565,3585,3871,3891,5337,5357,5605,5625|-|-
245,266,570,591,2076,2092,2328,2344|3566,3586,3872,3892,5338,5358,5606,5626|-|-
246,267,571,592,2077,2093,2329,2345|3567,3587,3873,3893,5339,5359,5607,5627|-|-
247,268,572,593,2078,2094,2330,2346|3568,3588,3874,3894,5340,5360,5608,5628|-|-
-|-|3569,3589,3875,3895,5341,5361,5609,5629|240,261,565,586,2071,2087,2323,2339
-|-|3570,3590,3876,3896,5342,5362,5610,5630|241,262,566,587,2072,2088,2324,2340
-|-|3571,3591,3877,3897,5343,5363,5611,5631|242,263,567,588,2073,2089,2325,2341
-|-|3572,3592,3878,3898,5344,5364,5612,5632|243,264,568,589,2074,2090,2326,2342
3573,3593,3879,3899,5345,5365,5613,5633|244,265,569,590,2075,2091,2327,2343|-|-
3574,3594,3880,3900,5346,5366,5614,5634|245,266,570,591,2076,2092,2328,2344|-|-
3575,3595,3881,3901,5347,5367,5615,5635|246,267,571,592,2077,2093,2329,2345|-|-
3576,3596,3882,3902,5348,5368,5616,5636|247,268,572,593,2078,2094,2330,2346|-|-
-|-|282,607,2103,2355|3605,3911,5377,5645
-|-|283,608,2104,2356|3606,3912,5378,5646
-|-|284,609,2105,2357|3607,3913,5379,5647
-|-|285,610,2106,2358|3608,3914,5380,5648
286,611,2107,2359|3609,3915,5381,5649|-|-
287,612,2108,2360|3610,3916,5382,5650|-|-
288,613,2109,2361|3611,3917,5383,5651|-|-
289,614,2110,2362|3612,3918,5384,5652|-|-
-|-|286,611,2107,2359|3609,3915,5381,5649
-|-|287,612,2108,2360|3610,3916,5382,5650
-|-|288,613,2109,2361|3611,3917,5383,5651
-|-|289,614,2110,2362|3612,3918,5384,5652
3613,3919,5385,5653|286,611,2107,2359|-|-
3614,3920,5386,5654|287,612,2108,2360|-|-
3615,3921,5387,5655|288,613,2109,2361|-|-
3616,3922,5388,5656|289,614,2110,2362|-|-
-|-|3613,3919,5385,5653|286,611,2107,2359
-|-|3614,3920,5386,5654|287,612,2108,2360
-|-|3615,3921,5387,5655|288,613,2109,2361
-|-|3616,3922,5388,5656|289,614,2110,2362
3660,3681,3966,3987,5421,5441,5689,5709|338,359,663,684,2145,2161,2397,2413|-|-
3661,3682,3967,3988,5422,5442,5690,5710|339,360,664,685,2146,2162,2398,2414|-|-
3662,3683,3968,3989,5423,5443,5691,5711|340,361,665,686,2147,2163,2399,2415|-|-
3663,3684,3969,3990,5424,5444,5692,5712|341,362,666,687,2148,2164,2400,2416|-|-
-|-|3660,3681,3966,3987,5421,5441,5689,5709|338,359,663,684,2145,2161,2397,2413
-|-|3661,3682,3967,3988,5422,5442,5690,5710|339,360,664,685,2146,2162,2398,2414
-|-|3662,3683,3968,3989,5423,5443,5691,5711|340,361,665,686,2147,2163,2399,2415
-|-|3663,3684,3969,3990,5424,5444,5692,5712|341,362,666,687,2148,2164,2400,2416
3667,3688,3973,3994,5428,5448,5696,5716|345,366,670,691,2152,2168,2404,2420|-|-
346,367,671,692,2153,2169,2405,2421|3660,3681,3966,3987,5421,5441,5689,5709|-|-
347,368,672,693,2154,2170,2406,2422|3661,3682,3967,3988,5422,5442,5690,5710|-|-
348,369,673,694,2155,2171,2407,2423|3662,3683,3968,3989,5423,5443,5691,5711|-|-
349,370,674,695,2156,2172,2408,2424|3663,3684,3969,3990,5424,5444,5692,5712|-|-
-|-|346,367,671,692,2153,2169,2405,2421|3660,3681,3966,3987,5421,5441,5689,5709
-|-|347,368,672,693,2154,2170,2406,2422|3661,3682,3967,3988,5422,5442,5690,5710
-|-|348,369,673,694,2155,2171,2407,2423|3662,3683,3968,3989,5423,5443,5691,5711
-|-|349,370,674,695,2156,2172,2408,2424|3663,3684,3969,3990,5424,5444,5692,5712
350,371,675,696,2157,2173,2409,2425|3664,3685,3970,3991,5425,5445,5693,5713|-|-
351,372,676,697,2158,2174,2410,2426|3665,3686,3971,3992,5426,5446,5694,5714|-|-
352,373,677,698,2159,2175,2411,2427|3666,3687,3972,3993,5427,5447,5695,5715|-|-
353,374,678,699,2160,2176,2412,2428|3667,3688,3973,3994,5428,5448,5696,5716|-|-
-|-|3706,4012,5465,5733|380,705,2177,2429
-|-|3707,4013,5466,5734|381,706,2178,2430
-|-|3708,4014,5467,5735|382,707,2179,2431
-|-|3709,4015,5468,5736|383,708,2180,2432
3710,4016,5469,5737|384,709,2181,2433|-|-
3711,4017,5470,5738|385,710,2182,2434|-|-
3712,4018,5471,5739|386,711,2183,2435|-|-
3713,4019,5472,5740|387,712,2184,2436|-|-
-|-|3713,4019,5472,5740|387,712,2184,2436
-|-|389,714,2186,2438|3706,4012,5465,5733
-|-|390,715,2187,2439|3707,4013,5466,5734
-|-|391,716,2188,2440|3708,4014,5467,5735
-|-|392,717,2189,2441|3709,4015,5468,5736
393,718,2190,2442|3710,4016,5469,5737|-|-
394,719,2191,2443|3711,4017,5470,5738|-|-
395,720,2192,2444|3712,4018,5471,5739|-|-
396,721,2193,2445|3713,4019,5472,5740|-|-
-|-|393,718,2190,2442|3710,4016,5469,5737
-|-|394,719,2191,2443|3711,4017,5470,5738
-|-|395,720,2192,2444|3712,4018,5471,5739
-|-|396,721,2193,2445|3713,4019,5472,5740
-|-|3727,3744,4033,4050,5483,5496,5751,5764|409,427,734,752,2196,2213,2448,2465
-|-|3728,3745,4034,4051,5484,5497,5752,5765|410,428,735,753,2197,2214,2449,2466
-|-|3729,3746,4035,4052,5485,5498,5753,5766|411,429,736,754,2198,2215,2450,2467
-|-|3730,3747,4036,4053,5486,5499,5754,5767|412,430,737,755,2199,2216,2451,2468
3731,3748,4037,4054,5487,5500,5755,5768|413,431,738,756,2200,2217,2452,2469|-|-
3732,3749,4038,4055,5488,5501,5756,5769|414,432,739,757,2201,2218,2453,2470|-|-
3733,3750,4039,4056,5489,5502,5757,5770|415,433,740,758,2202,2219,2454,2471|-|-
3734,3751,4040,4057,5490,5503,5758,5771|416,434,741,759,2203,2220,2455,2472|-|-
-|-|417,435,742,760,2204,2221,2456,2473|3727,3744,4033,4050,5483,5496,5751,5764
-|-|418,436,743,761,2205,2222,2457,2474|3728,3745,4034,4051,5484,5497,5752,5765
-|-|419,437,744,762,2206,2223,2458,2475|3729,3746,4035,4052,5485,5498,5753,5766
-|-|420,438,745,763,2207,2224,2459,2476|3730,3747,4036,4053,5486,5499,5754,5767
421,439,746,764,2208,2225,2460,2477|3731,3748,4037,4054,5487,5500,5755,5768|-|-
422,440,747,765,2209,2226,2461,2478|3732,3749,4038,4055,5488,5501,5756,5769|-|-
423,441,748,766,2210,2227,2462,2479|3733,3750,4039,4056,5489,5502,5757,5770|-|-
424,442,749,767,2211,2228,2463,2480|3734,3751,4040,4057,5490,5503,5758,5771|-|-
-|-|424,442,749,767,2211,2228,2463,2480|3734,3751,4040,4057,5490,5503,5758,5771
346,367,671,692,2153,2169,2405,2421|3660,3681,3966,3987,5421,5441,5689,5709|-|-
347,368,672,693,2154,2170,2406,2422|3661,3682,3967,3988,5422,5442,5690,5710|-|-
348,369,673,694,2155,2171,2407,2423|3662,3683,3968,3989,5423,5443,5691,5711|-|-
349,370,674,695,2156,2172,2408,2424|3663,3684,3969,3990,5424,5444,5692,5712|-|-
-|-|346,367,671,692,2153,2169,2405,2421|3660,3681,3966,3987,5421,5441,5689,5709
-|-|347,368,672,693,2154,2170,2406,2422|3661,3682,3967,3988,5422,5442,5690,5710
-|-|348,369,673,694,2155,2171,2407,2423|3662,3683,3968,3989,5423,5443,5691,5711
-|-|349,370,674,695,2156,2172,2408,2424|3663,3684,3969,3990,5424,5444,5692,5712
350,371,675,696,2157,2173,2409,2425|3664,3685,3970,3991,5425,5445,5693,5713|-|-
351,372,676,697,2158,2174,2410,2426|3665,3686,3971,3992,5426,5446,5694,5714|-|-
352,373,677,698,2159,2175,2411,2427|3666,3687,3972,3993,5427,5447,5695,5715|-|-
353,374,678,699,2160,2176,2412,2428|3667,3688,3973,3994,5428,5448,5696,5716|-|-
-|-|3669,3690,3975,3996,5429,5449,5697,5717|346,367,671,692,2153,2169,2405,2421
-|-|3670,3691,3976,3997,5430,5450,5698,5718|347,368,672,693,2154,2170,2406,2422
-|-|3671,3692,3977,3998,5431,5451,5699,5719|348,369,673,694,2155,2171,2407,2423
-|-|3672,3693,3978,3999,5432,5452,5700,5720|349,370,674,695,2156,2172,2408,2424
3673,3694,3979,4000,5433,5453,5701,5721|350,371,675,696,2157,2173,2409,2425|-|-
3674,3695,3980,4001,5434,5454,5702,5722|351,372,676,697,2158,2174,2410,2426|-|-
3675,3696,3981,4002,5435,5455,5703,5723|352,373,677,698,2159,2175,2411,2427|-|-
3676,3697,3982,4003,5436,5456,5704,5724|353,374,678,699,2160,2176,2412,2428|-|-
-|-|389,714,2186,2438|3706,4012,5465,5733
-|-|390,715,2187,2439|3707,4013,5466,5734
-|-|391,716,2188,2440|3708,4014,5467,5735
-|-|392,717,2189,2441|3709,4015,5468,5736
393,718,2190,2442|3710,4016,5469,5737|-|-
394,719,2191,2443|3711,4017,5470,5738|-|-
395,720,2192,2444|3712,4018,5471,5739|-|-
396,721,2193,2445|3713,4019,5472,5740|-|-
-|-|393,718,2190,2442|3710,4016,5469,5737
-|-|394,719,2191,2443|3711,4017,5470,5738
-|-|395,720,2192,2444|3712,4018,5471,5739
-|-|396,721,2193,2445|3713,4019,5472,5740
3716,4022,5474,5742|393,718,2190,2442|-|-
3717,4023,5475,5743|394,719,2191,2443|-|-
3718,4024,5476,5744|395,720,2192,2444|-|-
3719,4025,5477,5745|396,721,2193,2445|-|-
-|-|3716,4022,5474,5742|393,718,2190,2442
-|-|3717,4023,5475,5743|394,719,2191,2443
-|-|3718,4024,5476,5744|395,720,2192,2444
-|-|3719,4025,5477,5745|396,721,2193,2445
1066,1087,1377,1398,2724,2740,2968,2984|4370,4391,4662,4683,6001,6021,6257,6277|-|-
1067,1088,1378,1399,2725,2741,2969,2985|4371,4392,4663,4684,6002,6022,6258,6278|-|-
1068,1089,1379,1400,2726,2742,2970,2986|4372,4393,4664,4685,6003,6023,6259,6279|-|-
1069,1090,1380,1401,2727,2743,2971,2987|4373,4394,4665,4686,6004,6024,6260,6280|-|-
-|-|1066,1087,1377,1398,2724,2740,2968,2984|4370,4391,4662,4683,6001,6021,6257,6277
-|-|1067,1088,1378,1399,2725,2741,2969,2985|4371,4392,4663,4684,6002,6022,6258,6278
-|-|1068,1089,1379,1400,2726,2742,2970,2986|4372,4393,4664,4685,6003,6023,6259,6279
-|-|1069,1090,1380,1401,2727,2743,2971,2987|4373,4394,4665,4686,6004,6024,6260,6280
4374,4395,4666,4687,6005,6025,6261,6281|1066,1087,1377,1398,2724,2740,2968,2984|-|-
4375,4396,4667,4688,6006,6026,6262,6282|1067,1088,1378,1399,2725,2741,2969,2985|-|-
4376,4397,4668,4689,6007,6027,6263,6283|1068,1089,1379,1400,2726,2742,2970,2986|-|-
4377,4398,4669,4690,6008,6028,6264,6284|1069,1090,1380,1401,2727,2743,2971,2987|-|-
-|-|4374,4395,4666,4687,6005,6025,6261,6281|1066,1087,1377,1398,2724,2740,2968,2984
-|-|4375,4396,4667,4688,6006,6026,6262,6282|1067,1088,1378,1399,2725,2741,2969,2985
-|-|4376,4397,4668,4689,6007,6027,6263,6283|1068,1089,1379,1400,2726,2742,2970,2986
-|-|4377,4398,4669,4690,6008,6028,6264,6284|1069,1090,1380,1401,2727,2743,2971,2987
4381,4402,4673,4694,6012,6032,6268,6288|1073,1094,1384,1405,2731,2747,2975,2991|-|-
-|-|1074,1095,1385,1406,2732,2748,2976,2992|4374,4395,4666,4687,6005,6025,6261,6281
-|-|1075,1096,1386,1407,2733,2749,2977,2993|4375,4396,4667,4688,6006,6026,6262,6282
-|-|1076,1097,1387,1408,2734,2750,2978,2994|4376,4397,4668,4689,6007,6027,6263,6283
-|-|1077,1098,1388,1409,2735,2751,2979,2995|4377,4398,4669,4690,6008,6028,6264,6284
-|-|1108,1419,2756,3000|4412,4704,6041,6297
-|-|1109,1420,2757,3001|4413,4705,6042,6298
-|-|1110,1421,2758,3002|4414,4706,6043,6299
-|-|1111,1422,2759,3003|4415,4707,6044,6300
1112,1423,2760,3004|4416,4708,6045,6301|-|-
1113,1424,2761,3005|4417,4709,6046,6302|-|-
1114,1425,2762,3006|4418,4710,6047,6303|-|-
1115,1426,2763,3007|4419,4711,6048,6304|-|-
-|-|4420,4712,6049,6305|1108,1419,2756,3000
-|-|4421,4713,6050,6306|1109,1420,2757,3001
-|-|4422,4714,6051,6307|1110,1421,2758,3002
-|-|4423,4715,6052,6308|1111,1422,2759,3003
4424,4716,6053,6309|1112,1423,2760,3004|-|-
4425,4717,6054,6310|1113,1424,2761,3005|-|-
4426,4718,6055,6311|1114,1425,2762,3006|-|-
4427,4719,6056,6312|1115,1426,2763,3007|-|-
-|-|4427,4719,6056,6312|1115,1426,2763,3007
1121,1432,2769,3013|4424,4716,6053,6309|-|-
1122,1433,2770,3014|4425,4717,6054,6310|-|-
1123,1434,2771,3015|4426,4718,6055,6311|-|-
1124,1435,2772,3016|4427,4719,6056,6312|-|-
1137,1154,1448,1465,2774,2790,3018,3034|4436,4453,4728,4745,6062,6075,6318,6331|-|-
1138,1155,1449,1466,2775,2791,3019,3035|4437,4454,4729,4746,6063,6076,6319,6332|-|-
1139,1156,1450,1467,2776,2792,3020,3036|4438,4455,4730,4747,6064,6077,6320,6333|-|-
1140,1157,1451,1468,2777,2793,3021,3037|4439,4456,4731,4748,6065,6078,6321,6334|-|-
-|-|1137,1154,1448,1465,2774,2790,3018,3034|4436,4453,4728,4745,6062,6075,6318,6331
-|-|1138,1155,1449,1466,2775,2791,3019,3035|4437,4454,4729,4746,6063,6076,6319,6332
-|-|1139,1156,1450,1467,2776,2792,3020,3036|4438,4455,4730,4747,6064,6077,6320,6333
-|-|1140,1157,1451,1468,2777,2793,3021,3037|4439,4456,4731,4748,6065,6078,6321,6334
1144,1161,1455,1472,2781,2797,3025,3041|4440,4457,4732,4749,6066,6079,6322,6335|-|-
4441,4458,4733,4750,6067,6080,6323,6336|1137,1154,1448,1465,2774,2790,3018,3034|-|-
4442,4459,4734,4751,6068,6081,6324,6337|1138,1155,1449,1466,2775,2791,3019,3035|-|-
4443,4460,4735,4752,6069,6082,6325,6338|1139,1156,1450,1467,2776,2792,3020,3036|-|-
4444,4461,4736,4753,6070,6083,6326,6339|1140,1157,1451,1468,2777,2793,3021,3037|-|-
-|-|4441,4458,4733,4750,6067,6080,6323,6336|1137,1154,1448,1465,2774,2790,3018,3034
-|-|4442,4459,4734,4751,6068,6081,6324,6337|1138,1155,1449,1466,2775,2791,3019,3035
-|-|4443,4460,4735,4752,6069,6082,6325,6338|1139,1156,1450,1467,2776,2792,3020,3036
-|-|4444,4461,4736,4753,6070,6083,6326,6339|1140,1157,1451,1468,2777,2793,3021,3037
4445,4462,4737,4754,6071,6084,6327,6340|1141,1158,1452,1469,2778,2794,3022,3038|-|-
4446,4463,4738,4755,6072,6085,6328,6341|1142,1159,1453,1470,2779,2795,3023,3039|-|-
4447,4464,4739,4756,6073,6086,6329,6342|1143,1160,1454,1471,2780,2796,3024,3040|-|-
4448,4465,4740,4757,6074,6087,6330,6343|1144,1161,1455,1472,2781,2797,3025,3041|-|-
-|-|1145,1162,1456,1473,2782,2798,3026,3042|4441,4458,4733,4750,6067,6080,6323,6336
-|-|1146,1163,1457,1474,2783,2799,3027,3043|4442,4459,4734,4751,6068,6081,6324,6337
-|-|1147,1164,1458,1475,2784,2800,3028,3044|4443,4460,4735,4752,6069,6082,6325,6338
-|-|1148,1165,1459,1476,2785,2801,3029,3045|4444,4461,4736,4753,6070,6083,6326,6339
1149,1166,1460,1477,2786,2802,3030,3046|4445,4462,4737,4754,6071,6084,6327,6340|-|-
1150,1167,1461,1478,2787,2803,3031,3047|4446,4463,4738,4755,6072,6085,6328,6341|-|-
1151,1168,1462,1479,2788,2804,3032,3048|4447,4464,4739,4756,6073,6086,6329,6342|-|-
1152,1169,1463,1480,2789,2805,3033,3049|4448,4465,4740,4757,6074,6087,6330,6343|-|-
4374,4395,4666,4687,6005,6025,6261,6281|1066,1087,1377,1398,2724,2740,2968,2984|-|-
4375,4396,4667,4688,6006,6026,6262,6282|1067,1088,1378,1399,2725,2741,2969,2985|-|-
4376,4397,4668,4689,6007,6027,6263,6283|1068,1089,1379,1400,2726,2742,2970,2986|-|-
4377,4398,4669,4690,6008,6028,6264,6284|1069,1090,1380,1401,2727,2743,2971,2987|-|-
-|-|4374,4395,4666,4687,6005,6025,6261,6281|1066,1087,1377,1398,2724,2740,2968,2984
-|-|4375,4396,4667,4688,6006,6026,6262,6282|1067,1088,1378,1399,2725,2741,2969,2985
-|-|4376,4397,4668,4689,6007,6027,6263,6283|1068,1089,1379,1400,2726,2742,2970,2986
-|-|4377,4398,4669,4690,6008,6028,6264,6284|1069,1090,1380,1401,2727,2743,2971,2987
1074,1095,1385,1406,2732,2748,2976,2992|4374,4395,4666,4687,6005,6025,6261,6281|-|-
1075,1096,1386,1407,2733,2749,2977,2993|4375,4396,4667,4688,6006,6026,6262,6282|-|-
1076,1097,1387,1408,2734,2750,2978,2994|4376,4397,4668,4689,6007,6027,6263,6283|-|-
1077,1098,1388,1409,2735,2751,2979,2995|4377,4398,4669,4690,6008,6028,6264,6284|-|-
-|-|1074,1095,1385,1406,2732,2748,2976,2992|4374,4395,4666,4687,6005,6025,6261,6281
-|-|1075,1096,1386,1407,2733,2749,2977,2993|4375,4396,4667,4688,6006,6026,6262,6282
-|-|1076,1097,1387,1408,2734,2750,2978,2994|4376,4397,4668,4689,6007,6027,6263,6283
-|-|1077,1098,1388,1409,2735,2751,2979,2995|4377,4398,4669,4690,6008,6028,6264,6284
1081,1102,1392,1413,2739,2755,2983,2999|4381,4402,4673,4694,6012,6032,6268,6288|-|-
-|-|4420,4712,6049,6305|1108,1419,2756,3000
-|-|4421,4713,6050,6306|1109,1420,2757,3001
-|-|4422,4714,6051,6307|1110,1421,2758,3002
-|-|4423,4715,6052,6308|1111,1422,2759,3003
4424,4716,6053,6309|1112,1423,2760,3004|-|-
4425,4717,6054,6310|1113,1424,2761,3005|-|-
4426,4718,6055,6311|1114,1425,2762,3006|-|-
4427,4719,6056,6312|1115,1426,2763,3007|-|-
-|-|1117,1428,2765,3009|4420,4712,6049,6305
-|-|1118,1429,2766,3010|4421,4713,6050,6306
-|-|1119,1430,2767,3011|4422,4714,6051,6307
-|-|1120,1431,2768,3012|4423,4715,6052,6308
1121,1432,2769,3013|4424,4716,6053,6309|-|-
1122,1433,2770,3014|4425,4717,6054,6310|-|-
1123,1434,2771,3015|4426,4718,6055,6311|-|-
1124,1435,2772,3016|4427,4719,6056,6312|-|-
-|-|1124,1435,2772,3016|4427,4719,6056,6312
1171,1191,1482,1502,2806,2822,3050,3066|4470,4490,4762,4782,6088,6108,6344,6364|-|-
1172,1192,1483,1503,2807,2823,3051,3067|4471,4491,4763,4783,6089,6109,6345,6365|-|-
1173,1193,1484,1504,2808,2824,3052,3068|4472,4492,4764,4784,6090,6110,6346,6366|-|-
1174,1194,1485,1505,2809,2825,3053,3069|4473,4493,4765,4785,6091,6111,6347,6367|-|-
-|-|1171,1191,1482,1502,2806,2822,3050,3066|4470,4490,4762,4782,6088,6108,6344,6364
-|-|1172,1192,1483,1503,2807,2823,3051,3067|4471,4491,4763,4783,6089,6109,6345,6365
-|-|1173,1193,1484,1504,2808,2824,3052,3068|4472,4492,4764,4784,6090,6110,6346,6366
-|-|1174,1194,1485,1505,2809,2825,3053,3069|4473,4493,4765,4785,6091,6111,6347,6367
4474,4494,4766,4786,6092,6112,6348,6368|1171,1191,1482,1502,2806,2822,3050,3066|-|-
4475,4495,4767,4787,6093,6113,6349,6369|1172,1192,1483,1503,2807,2823,3051,3067|-|-
4476,4496,4768,4788,6094,6114,6350,6370|1173,1193,1484,1504,2808,2824,3052,3068|-|-
4477,4497,4769,4789,6095,6115,6351,6371|1174,1194,1485,1505,2809,2825,3053,3069|-|-
-|-|4474,4494,4766,4786,6092,6112,6348,6368|1171,1191,1482,1502,2806,2822,3050,3066
-|-|4475,4495,4767,4787,6093,6113,6349,6369|1172,1192,1483,1503,2807,2823,3051,3067
-|-|4476,4496,4768,4788,6094,6114,6350,6370|1173,1193,1484,1504,2808,2824,3052,3068
-|-|4477,4497,4769,4789,6095,6115,6351,6371|1174,1194,1485,1505,2809,2825,3053,3069
-|-|1179,1199,1490,1510,2814,2830,3058,3074|4474,4494,4766,4786,6092,6112,6348,6368
-|-|1180,1200,1491,1511,2815,2831,3059,3075|4475,4495,4767,4787,6093,6113,6349,6369
-|-|1181,1201,1492,1512,2816,2832,3060,3076|4476,4496,4768,4788,6094,6114,6350,6370
-|-|1182,1202,1493,1513,2817,2833,3061,3077|4477,4497,4769,4789,6095,6115,6351,6371
-|-|1211,1522,2838,3082|4510,4802,6128,6384
-|-|1212,1523,2839,3083|4511,4803,6129,6385
-|-|1213,1524,2840,3084|4512,4804,6130,6386
-|-|1214,1525,2841,3085|4513,4805,6131,6387
1215,1526,2842,3086|4514,4806,6132,6388|-|-
1216,1527,2843,3087|4515,4807,6133,6389|-|-
1217,1528,2844,3088|4516,4808,6134,6390|-|-
1218,1529,2845,3089|4517,4809,6135,6391|-|-
-|-|4518,4810,6136,6392|1211,1522,2838,3082
-|-|4519,4811,6137,6393|1212,1523,2839,3083
-|-|4520,4812,6138,6394|1213,1524,2840,3084
-|-|4521,4813,6139,6395|1214,1525,2841,3085
4522,4814,6140,6396|1215,1526,2842,3086|-|-
4523,4815,6141,6397|1216,1527,2843,3087|-|-
4524,4816,6142,6398|1217,1528,2844,3088|-|-
4525,4817,6143,6399|1218,1529,2845,3089|-|-
1223,1534,2850,3094|4522,4814,6140,6396|-|-
1224,1535,2851,3095|4523,4815,6141,6397|-|-
1225,1536,2852,3096|4524,4816,6142,6398|-|-
1226,1537,2853,3097|4525,4817,6143,6399|-|-
1239,1256,1550,1567,2855,2871,3099,3115|4531,4548,4823,4840,6148,6160,6404,6416|-|-
1240,1257,1551,1568,2856,2872,3100,3116|4532,4549,4824,4841,6149,6161,6405,6417|-|-
1241,1258,1552,1569,2857,2873,3101,3117|4533,4550,4825,4842,6150,6162,6406,6418|-|-
1242,1259,1553,1570,2858,2874,3102,3118|4534,4551,4826,4843,6151,6163,6407,6419|-|-
-|-|1239,1256,1550,1567,2855,2871,3099,3115|4531,4548,4823,4840,6148,6160,6404,6416
-|-|1240,1257,1551,1568,2856,2872,3100,3116|4532,4549,4824,4841,6149,6161,6405,6417
-|-|1241,1258,1552,1569,2857,2873,3101,3117|4533,4550,4825,4842,6150,6162,6406,6418
-|-|1242,1259,1553,1570,2858,2874,3102,3118|4534,4551,4826,4843,6151,6163,6407,6419
4535,4552,4827,4844,6152,6164,6408,6420|1239,1256,1550,1567,2855,2871,3099,3115|-|-
4536,4553,4828,4845,6153,6165,6409,6421|1240,1257,1551,1568,2856,2872,3100,3116|-|-
4537,4554,4829,4846,6154,6166,6410,6422|1241,1258,1552,1569,2857,2873,3101,3117|-|-
4538,4555,4830,4847,6155,6167,6411,6423|1242,1259,1553,1570,2858,2874,3102,3118|-|-
-|-|4535,4552,4827,4844,6152,6164,6408,6420|1239,1256,1550,1567,2855,2871,3099,3115
-|-|4536,4553,4828,4845,6153,6165,6409,6421|1240,1257,1551,1568,2856,2872,3100,3116
-|-|4537,4554,4829,4846,6154,6166,6410,6422|1241,1258,1552,1569,2857,2873,3101,3117
-|-|4538,4555,4830,4847,6155,6167,6411,6423|1242,1259,1553,1570,2858,2874,3102,3118
4539,4556,4831,4848,6156,6168,6412,6424|1243,1260,1554,1571,2859,2875,3103,3119|-|-
4540,4557,4832,4849,6157,6169,6413,6425|1244,1261,1555,1572,2860,2876,3104,3120|-|-
4541,4558,4833,4850,6158,6170,6414,6426|1245,1262,1556,1573,2861,2877,3105,3121|-|-
4542,4559,4834,4851,6159,6171,6415,6427|1246,1263,1557,1574,2862,2878,3106,3122|-|-
-|-|1247,1264,1558,1575,2863,2879,3107,3123|4535,4552,4827,4844,6152,6164,6408,6420
-|-|1248,1265,1559,1576,2864,2880,3108,3124|4536,4553,4828,4845,6153,6165,6409,6421
-|-|1249,1266,1560,1577,2865,2881,3109,3125|4537,4554,4829,4846,6154,6166,6410,6422
-|-|1250,1267,1561,1578,2866,2882,3110,3126|4538,4555,4830,4847,6155,6167,6411,6423
1251,1268,1562,1579,2867,2883,3111,3127|4539,4556,4831,4848,6156,6168,6412,6424|-|-
1252,1269,1563,1580,2868,2884,3112,3128|4540,4557,4832,4849,6157,6169,6413,6425|-|-
1253,1270,1564,1581,2869,2885,3113,3129|4541,4558,4833,4850,6158,6170,6414,6426|-|-
1254,1271,1565,1582,2870,2886,3114,3130|4542,4559,4834,4851,6159,6171,6415,6427|-|-
4474,4494,4766,4786,6092,6112,6348,6368|1171,1191,1482,1502,2806,2822,3050,3066|-|-
4475,4495,4767,4787,6093,6113,6349,6369|1172,1192,1483,1503,2807,2823,3051,3067|-|-
4476,4496,4768,4788,6094,6114,6350,6370|1173,1193,1484,1504,2808,2824,3052,3068|-|-
4477,4497,4769,4789,6095,6115,6351,6371|1174,1194,1485,1505,2809,2825,3053,3069|-|-
-|-|4474,4494,4766,4786,6092,6112,6348,6368|1171,1191,1482,1502,2806,2822,3050,3066
-|-|4475,4495,4767,4787,6093,6113,6349,6369|1172,1192,1483,1503,2807,2823,3051,3067
-|-|4476,4496,4768,4788,6094,6114,6350,6370|1173,1193,1484,1504,2808,2824,3052,3068
-|-|4477,4497,4769,4789,6095,6115,6351,6371|1174,1194,1485,1505,2809,2825,3053,3069
1179,1199,1490,1510,2814,2830,3058,3074|4474,4494,4766,4786,6092,6112,6348,6368|-|-
1180,1200,1491,1511,2815,2831,3059,3075|4475,4495,4767,4787,6093,6113,6349,6369|-|-
1181,1201,1492,1512,2816,2832,3060,3076|4476,4496,4768,4788,6094,6114,6350,6370|-|-
1182,1202,1493,1513,2817,2833,3061,3077|4477,4497,4769,4789,6095,6115,6351,6371|-|-
-|-|1179,1199,1490,1510,2814,2830,3058,3074|4474,4494,4766,4786,6092,6112,6348,6368
-|-|1180,1200,1491,1511,2815,2831,3059,3075|4475,4495,4767,4787,6093,6113,6349,6369
-|-|1181,1201,1492,1512,2816,2832,3060,3076|4476,4496,4768,4788,6094,6114,6350,6370
-|-|1182,1202,1493,1513,2817,2833,3061,3077|4477,4497,4769,4789,6095,6115,6351,6371
1186,1206,1497,1517,2821,2837,3065,3081|4481,4501,4773,4793,6099,6119,6355,6375|-|-
-|-|4518,4810,6136,6392|1211,1522,2838,3082
-|-|4519,4811,6137,6393|1212,1523,2839,3083
-|-|4520,4812,6138,6394|1213,1524,2840,3084
-|-|4521,4813,6139,6395|1214,1525,2841,3085
4522,4814,6140,6396|1215,1526,2842,3086|-|-
4523,4815,6141,6397|1216,1527,2843,3087|-|-
4524,4816,6142,6398|1217,1528,2844,3088|-|-
4525,4817,6143,6399|1218,1529,2845,3089|-|-
-|-|1219,1530,2846,3090|4518,4810,6136,6392
-|-|1220,1531,2847,3091|4519,4811,6137,6393
-|-|1221,1532,2848,3092|4520,4812,6138,6394
-|-|1222,1533,2849,3093|4521,4813,6139,6395
1223,1534,2850,3094|4522,4814,6140,6396|-|-
1224,1535,2851,3095|4523,4815,6141,6397|-|-
1225,1536,2852,3096|4524,4816,6142,6398|-|-
1226,1537,2853,3097|4525,4817,6143,6399|-|-
-|-|1226,1537,2853,3097|4525,4817,6143,6399
1273,1294,1584,1605,2887,2903,3131,3147|4565,4586,4857,4878,6172,6192,6428,6448|-|-
1274,1295,1585,1606,2888,2904,3132,3148|4566,4587,4858,4879,6173,6193,6429,6449|-|-
1275,1296,1586,1607,2889,2905,3133,3149|4567,4588,4859,4880,6174,6194,6430,6450|-|-
1276,1297,1587,1608,2890,2906,3134,3150|4568,4589,4860,4881,6175,6195,6431,6451|-|-
-|-|1273,1294,1584,1605,2887,2903,3131,3147|4565,4586,4857,4878,6172,6192,6428,6448
-|-|1274,1295,1585,1606,2888,2904,3132,3148|4566,4587,4858,4879,6173,6193,6429,6449
-|-|1275,1296,1586,1607,2889,2905,3133,3149|4567,4588,4859,4880,6174,6194,6430,6450
-|-|1276,1297,1587,1608,2890,2906,3134,3150|4568,4589,4860,4881,6175,6195,6431,6451
4569,4590,4861,4882,6176,6196,6432,6452|1273,1294,1584,1605,2887,2903,3131,3147|-|-
4570,4591,4862,4883,6177,6197,6433,6453|1274,1295,1585,1606,2888,2904,3132,3148|-|-
4571,4592,4863,4884,6178,6198,6434,6454|1275,1296,1586,1607,2889,2905,3133,3149|-|-
4572,4593,4864,4885,6179,6199,6435,6455|1276,1297,1587,1608,2890,2906,3134,3150|-|-
-|-|4569,4590,4861,4882,6176,6196,6432,6452|1273,1294,1584,1605,2887,2903,3131,3147
-|-|4570,4591,4862,4883,6177,6197,6433,6453|1274,1295,1585,1606,2888,2904,3132,3148
-|-|4571,4592,4863,4884,6178,6198,6434,6454|1275,1296,1586,1607,2889,2905,3133,3149
-|-|4572,4593,4864,4885,6179,6199,6435,6455|1276,1297,1587,1608,2890,2906,3134,3150
4576,4597,4868,4889,6183,6203,6439,6459|1280,1301,1591,1612,2894,2910,3138,3154|-|-
-|-|1281,1302,1592,1613,2895,2911,3139,3155|4569,4590,4861,4882,6176,6196,6432,6452
-|-|1282,1303,1593,1614,2896,2912,3140,3156|4570,4591,4862,4883,6177,6197,6433,6453
-|-|1283,1304,1594,1615,2897,2913,3141,3157|4571,4592,4863,4884,6178,6198,6434,6454
-|-|1284,1305,1595,1616,2898,2914,3142,3158|4572,4593,4864,4885,6179,6199,6435,6455
-|-|1315,1626,2919,3163|4607,4899,6212,6468
-|-|1316,1627,2920,3164|4608,4900,6213,6469
-|-|1317,1628,2921,3165|4609,4901,6214,6470
-|-|1318,1629,2922,3166|4610,4902,6215,6471
1319,1630,2923,3167|4611,4903,6216,6472|-|-
1320,1631,2924,3168|4612,4904,6217,6473|-|-
1321,1632,2925,3169|4613,4905,6218,6474|-|-
1322,1633,2926,3170|4614,4906,6219,6475|-|-
-|-|4615,4907,6220,6476|1315,1626,2919,3163
-|-|4616,4908,6221,6477|1316,1627,2920,3164
-|-|4617,4909,6222,6478|1317,1628,2921,3165
-|-|4618,4910,6223,6479|1318,1629,2922,3166
4619,4911,6224,6480|1319,1630,2923,3167|-|-
4620,4912,6225,6481|1320,1631,2924,3168|-|-
4621,4913,6226,6482|1321,1632,2925,3169|-|-
4622,4914,6227,6483|1322,1633,2926,3170|-|-
-|-|4622,4914,6227,6483|1322,1633,2926,3170
1327,1638,2931,3175|4619,4911,6224,6480|-|-
1328,1639,2932,3176|4620,4912,6225,6481|-|-
1329,1640,2933,3177|4621,4913,6226,6482|-|-
1330,1641,2934,3178|4622,4914,6227,6483|-|-
1343,1360,1654,1671,2936,2952,3180,3196|4630,4646,4922,4938,6233,6245,6489,6501|-|-
1344,1361,1655,1672,2937,2953,3181,3197|4631,4647,4923,4939,6234,6246,6490,6502|-|-
1345,1362,1656,1673,2938,2954,3182,3198|4632,4648,4924,4940,6235,6247,6491,6503|-|-
1346,1363,1657,1674,2939,2955,3183,3199|4633,4649,4925,4941,6236,6248,6492,6504|-|-
-|-|1343,1360,1654,1671,2936,2952,3180,3196|4630,4646,4922,4938,6233,6245,6489,6501
-|-|1344,1361,1655,1672,2937,2953,3181,3197|4631,4647,4923,4939,6234,6246,6490,6502
-|-|1345,1362,1656,1673,2938,2954,3182,3198|4632,4648,4924,4940,6235,6247,6491,6503
-|-|1346,1363,1657,1674,2939,2955,3183,3199|4633,4649,4925,4941,6236,6248,6492,6504
4634,4650,4926,4942,6237,6249,6493,6505|1343,1360,1654,1671,2936,2952,3180,3196|-|-
4635,4651,4927,4943,6238,6250,6494,6506|1344,1361,1655,1672,2937,2953,3181,3197|-|-
4636,4652,4928,4944,6239,6251,6495,6507|1345,1362,1656,1673,2938,2954,3182,3198|-|-
4637,4653,4929,4945,6240,6252,6496,6508|1346,1363,1657,1674,2939,2955,3183,3199|-|-
-|-|4634,4650,4926,4942,6237,6249,6493,6505|1343,1360,1654,1671,2936,2952,3180,3196
-|-|4635,4651,4927,4943,6238,6250,6494,6506|1344,1361,1655,1672,2937,2953,3181,3197
-|-|4636,4652,4928,4944,6239,6251,6495,6507|1345,1362,1656,1673,2938,2954,3182,3198
-|-|4637,4653,4929,4945,6240,6252,6496,6508|1346,1363,1657,1674,2939,2955,3183,3199
4638,4654,4930,4946,6241,6253,6497,6509|1347,1364,1658,1675,2940,2956,3184,3200|-|-
4639,4655,4931,4947,6242,6254,6498,6510|1348,1365,1659,1676,2941,2957,3185,3201|-|-
4640,4656,4932,4948,6243,6255,6499,6511|1349,1366,1660,1677,2942,2958,3186,3202|-|-
4641,4657,4933,4949,6244,6256,6500,6512|1350,1367,1661,1678,2943,2959,3187,3203|-|-
-|-|1351,1368,1662,1679,2944,2960,3188,3204|4634,4650,4926,4942,6237,6249,6493,6505
-|-|1352,1369,1663,1680,2945,2961,3189,3205|4635,4651,4927,4943,6238,6250,6494,6506
-|-|1353,1370,1664,1681,2946,2962,3190,3206|4636,4652,4928,4944,6239,6251,6495,6507
-|-|1354,1371,1665,1682,2947,2963,3191,3207|4637,4653,4929,4945,6240,6252,6496,6508
1355,1372,1666,1683,2948,2964,3192,3208|4638,4654,4930,4946,6241,6253,6497,6509|-|-
1356,1373,1667,1684,2949,2965,3193,3209|4639,4655,4931,4947,6242,6254,6498,6510|-|-
1357,1374,1668,1685,2950,2966,3194,3210|4640,4656,4932,4948,6243,6255,6499,6511|-|-
1358,1375,1669,1686,2951,2967,3195,3211|4641,4657,4933,4949,6244,6256,6500,6512|-|-
4569,4590,4861,4882,6176,6196,6432,6452|1273,1294,1584,1605,2887,2903,3131,3147|-|-
4570,4591,4862,4883,6177,6197,6433,6453|1274,1295,1585,1606,2888,2904,3132,3148|-|-
4571,4592,4863,4884,6178,6198,6434,6454|1275,1296,1586,1607,2889,2905,3133,3149|-|-
4572,4593,4864,4885,6179,6199,6435,6455|1276,1297,1587,1608,2890,2906,3134,3150|-|-
-|-|4569,4590,4861,4882,6176,6196,6432,6452|1273,1294,1584,1605,2887,2903,3131,3147
-|-|4570,4591,4862,4883,6177,6197,6433,6453|1274,1295,1585,1606,2888,2904,3132,3148
-|-|4571,4592,4863,4884,6178,6198,6434,6454|1275,1296,1586,1607,2889,2905,3133,3149
-|-|4572,4593,4864,4885,6179,6199,6435,6455|1276,1297,1587,1608,2890,2906,3134,3150
1281,1302,1592,1613,2895,2911,3139,3155|4569,4590,4861,4882,6176,6196,6432,6452|-|-
1282,1303,1593,1614,2896,2912,3140,3156|4570,4591,4862,4883,6177,6197,6433,6453|-|-
1283,1304,1594,1615,2897,2913,3141,3157|4571,4592,4863,4884,6178,6198,6434,6454|-|-
1284,1305,1595,1616,2898,2914,3142,3158|4572,4593,4864,4885,6179,6199,6435,6455|-|-
-|-|1281,1302,1592,1613,2895,2911,3139,3155|4569,4590,4861,4882,6176,6196,6432,6452
-|-|1282,1303,1593,1614,2896,2912,3140,3156|4570,4591,4862,4883,6177,6197,6433,6453
-|-|1283,1304,1594,1615,2897,2913,3141,3157|4571,4592,4863,4884,6178,6198,6434,6454
-|-|1284,1305,1595,1616,2898,2914,3142,3158|4572,4593,4864,4885,6179,6199,6435,6455
1288,1309,1599,1620,2902,2918,3146,3162|4576,4597,4868,4889,6183,6203,6439,6459|-|-
-|-|4615,4907,6220,6476|1315,1626,2919,3163
-|-|4616,4908,6221,6477|1316,1627,2920,3164
-|-|4617,4909,6222,6478|1317,1628,2921,3165
-|-|4618,4910,6223,6479|1318,1629,2922,3166
4619,4911,6224,6480|1319,1630,2923,3167|-|-
4620,4912,6225,6481|1320,1631,2924,3168|-|-
4621,4913,6226,6482|1321,1632,2925,3169|-|-
4622,4914,6227,6483|1322,1633,2926,3170|-|-
-|-|1323,1634,2927,3171|4615,4907,6220,6476
-|-|1324,1635,2928,3172|4616,4908,6221,6477
-|-|1325,1636,2929,3173|4617,4909,6222,6478
-|-|1326,1637,2930,3174|4618,4910,6223,6479
1327,1638,2931,3175|4619,4911,6224,6480|-|-
1328,1639,2932,3176|4620,4912,6225,6481|-|-
1329,1640,2933,3177|4621,4913,6226,6482|-|-
1330,1641,2934,3178|4622,4914,6227,6483|-|-
-|-|1330,1641,2934,3178|4622,4914,6227,6483
-|-|1688,1709,3212,3229|4954,4974,6513,6529
-|-|1689,1710,3213,3230|4955,4975,6514,6530
-|-|1690,1711,3214,3231|4956,4976,6515,6531
-|-|1691,1712,3215,3232|4957,4977,6516,6532
1692,1713,3216,3233|4958,4978,6517,6533|-|-
1693,1714,3217,3234|4959,4979,6518,6534|-|-
1694,1715,3218,3235|4960,4980,6519,6535|-|-
1695,1716,3219,3236|4961,4981,6520,6536|-|-
-|-|4962,4982,6521,6537|1688,1709,3212,3229
-|-|4963,4983,6522,6538|1689,1710,3213,3230
-|-|4964,4984,6523,6539|1690,1711,3214,3231
-|-|4965,4985,6524,6540|1691,1712,3215,3232
4966,4986,6525,6541|1692,1713,3216,3233|-|-
4967,4987,6526,6542|1693,1714,3217,3234|-|-
4968,4988,6527,6543|1694,1715,3218,3235|-|-
4969,4989,6528,6544|1695,1716,3219,3236|-|-
-|-|4969,4989,6528,6544|1695,1716,3219,3236
1701,1722,3225,3242|4966,4986,6525,6541|-|-
1702,1723,3226,3243|4967,4987,6526,6542|-|-
1703,1724,3227,3244|4968,4988,6527,6543|-|-
1704,1725,3228,3245|4969,4989,6528,6544|-|-
1730,3246|4994,6545|-|-
1731,3247|4995,6546|-|-
1732,3248|4996,6547|-|-
1733,3249|4997,6548|-|-
-|-|1730,3246|4994,6545
-|-|1731,3247|4995,6546
-|-|1732,3248|4996,6547
-|-|1733,3249|4997,6548
4998,6549|1730,3246|-|-
4999,6550|1731,3247|-|-
5000,6551|1732,3248|-|-
5001,6552|1733,3249|-|-
-|-|4998,6549|1730,3246
-|-|4999,6550|1731,3247
-|-|5000,6551|1732,3248
-|-|5001,6552|1733,3249
5005,6553|1737,3253|-|-
-|-|1738,3254|4998,6549
-|-|1739,3255|4999,6550
-|-|1740,3256|5000,6551
-|-|1741,3257|5001,6552
-|-|1746,1766,3262,3278|5014,5031,6554,6570
-|-|1747,1767,3263,3279|5015,5032,6555,6571
-|-|1748,1768,3264,3280|5016,5033,6556,6572
-|-|1749,1769,3265,3281|5017,5034,6557,6573
1750,1770,3266,3282|5018,5035,6558,6574|-|-
1751,1771,3267,3283|5019,5036,6559,6575|-|-
1752,1772,3268,3284|5020,5037,6560,6576|-|-
1753,1773,3269,3285|5021,5038,6561,6577|-|-
-|-|1753,1773,3269,3285|5021,5038,6561,6577
-|-|5022,5039,6562,6578|1746,1766,3262,3278
-|-|5023,5040,6563,6579|1747,1767,3263,3279
-|-|5024,5041,6564,6580|1748,1768,3264,3280
-|-|5025,5042,6565,6581|1749,1769,3265,3281
5026,5043,6566,6582|1750,1770,3266,3282|-|-
5027,5044,6567,6583|1751,1771,3267,3283|-|-
5028,5045,6568,6584|1752,1772,3268,3284|-|-
5029,5046,6569,6585|1753,1773,3269,3285|-|-
-|-|5026,5043,6566,6582|1750,1770,3266,3282
-|-|5027,5044,6567,6583|1751,1771,3267,3283
-|-|5028,5045,6568,6584|1752,1772,3268,3284
-|-|5029,5046,6569,6585|1753,1773,3269,3285
1758,1778,3272,3288|5026,5043,6566,6582|-|-
1759,1779,3273,3289|5027,5044,6567,6583|-|-
1760,1780,3274,3290|5028,5045,6568,6584|-|-
1761,1781,3275,3291|5029,5046,6569,6585|-|-
-|-|1758,1778,3272,3288|5026,5043,6566,6582
-|-|1759,1779,3273,3289|5027,5044,6567,6583
-|-|1760,1780,3274,3290|5028,5045,6568,6584
-|-|1761,1781,3275,3291|5029,5046,6569,6585
-|-|4962,4982,6521,6537|1688,1709,3212,3229
-|-|4963,4983,6522,6538|1689,1710,3213,3230
-|-|4964,4984,6523,6539|1690,1711,3214,3231
-|-|4965,4985,6524,6540|1691,1712,3215,3232
4966,4986,6525,6541|1692,1713,3216,3233|-|-
4967,4987,6526,6542|1693,1714,3217,3234|-|-
4968,4988,6527,6543|1694,1715,3218,3235|-|-
4969,4989,6528,6544|1695,1716,3219,3236|-|-
-|-|1697,1718,3221,3238|4962,4982,6521,6537
-|-|1698,1719,3222,3239|4963,4983,6522,6538
-|-|1699,1720,3223,3240|4964,4984,6523,6539
-|-|1700,1721,3224,3241|4965,4985,6524,6540
1701,1722,3225,3242|4966,4986,6525,6541|-|-
1702,1723,3226,3243|4967,4987,6526,6542|-|-
1703,1724,3227,3244|4968,4988,6527,6543|-|-
1704,1725,3228,3245|4969,4989,6528,6544|-|-
-|-|1704,1725,3228,3245|4969,4989,6528,6544
4998,6549|1730,3246|-|-
4999,6550|1731,3247|-|-
5000,6551|1732,3248|-|-
5001,6552|1733,3249|-|-
-|-|4998,6549|1730,3246
-|-|4999,6550|1731,3247
-|-|5000,6551|1732,3248
-|-|5001,6552|1733,3249
1738,3254|4998,6549|-|-
1739,3255|4999,6550|-|-
1740,3256|5000,6551|-|-
1741,3257|5001,6552|-|-
-|-|1738,3254|4998,6549
-|-|1739,3255|4999,6550
-|-|1740,3256|5000,6551
-|-|1741,3257|5001,6552
1745,3261|5005,6553|-|-
-|-|1786,1806,3294,3311|5048,5068,6586,6602
-|-|1787,1807,3295,3312|5049,5069,6587,6603
-|-|1788,1808,3296,3313|5050,5070,6588,6604
-|-|1789,1809,3297,3314|5051,5071,6589,6605
1790,1810,3298,3315|5052,5072,6590,6606|-|-
1791,1811,3299,3316|5053,5073,6591,6607|-|-
1792,1812,3300,3317|5054,5074,6592,6608|-|-
1793,1813,3301,3318|5055,5075,6593,6609|-|-
-|-|5056,5076,6594,6610|1786,1806,3294,3311
-|-|5057,5077,6595,6611|1787,1807,3295,3312
-|-|5058,5078,6596,6612|1788,1808,3296,3313
-|-|5059,5079,6597,6613|1789,1809,3297,3314
5060,5080,6598,6614|1790,1810,3298,3315|-|-
5061,5081,6599,6615|1791,1811,3299,3316|-|-
5062,5082,6600,6616|1792,1812,3300,3317|-|-
5063,5083,6601,6617|1793,1813,3301,3318|-|-
1798,1818,3306,3323|5060,5080,6598,6614|-|-
1799,1819,3307,3324|5061,5081,6599,6615|-|-
1800,1820,3308,3325|5062,5082,6600,6616|-|-
1801,1821,3309,3326|5063,5083,6601,6617|-|-
1826,3328|5088,6618|-|-
1827,3329|5089,6619|-|-
1828,3330|5090,6620|-|-
1829,3331|5091,6621|-|-
-|-|1826,3328|5088,6618
-|-|1827,3329|5089,6619
-|-|1828,3330|5090,6620
-|-|1829,3331|5091,6621
5092,6622|1826,3328|-|-
5093,6623|1827,3329|-|-
5094,6624|1828,3330|-|-
5095,6625|1829,3331|-|-
-|-|5092,6622|1826,3328
-|-|5093,6623|1827,3329
-|-|5094,6624|1828,3330
-|-|5095,6625|1829,3331
-|-|1834,3336|5092,6622
-|-|1835,3337|5093,6623
-|-|1836,3338|5094,6624
-|-|1837,3339|5095,6625
-|-|1842,1862,3344,3357|5108,5125,6627,6643
-|-|1843,1863,3345,3358|5109,5126,6628,6644
-|-|1844,1864,3346,3359|5110,5127,6629,6645
-|-|1845,1865,3347,3360|5111,5128,6630,6646
1846,1866,3348,3361|5112,5129,6631,6647|-|-
1847,1867,3349,3362|5113,5130,6632,6648|-|-
1848,1868,3350,3363|5114,5131,6633,6649|-|-
1849,1869,3351,3364|5115,5132,6634,6650|-|-
-|-|5116,5133,6635,6651|1842,1862,3344,3357
-|-|5117,5134,6636,6652|1843,1863,3345,3358
-|-|5118,5135,6637,6653|1844,1864,3346,3359
-|-|5119,5136,6638,6654|1845,1865,3347,3360
5120,5137,6639,6655|1846,1866,3348,3361|-|-
5121,5138,6640,6656|1847,1867,3349,3362|-|-
5122,5139,6641,6657|1848,1868,3350,3363|-|-
5123,5140,6642,6658|1849,1869,3351,3364|-|-
-|-|5120,5137,6639,6655|1846,1866,3348,3361
-|-|5121,5138,6640,6656|1847,1867,3349,3362
-|-|5122,5139,6641,6657|1848,1868,3350,3363
-|-|5123,5140,6642,6658|1849,1869,3351,3364
1854,1874,3352,3365|5120,5137,6639,6655|-|-
1855,1875,3353,3366|5121,5138,6640,6656|-|-
1856,1876,3354,3367|5122,5139,6641,6657|-|-
1857,1877,3355,3368|5123,5140,6642,6658|-|-
-|-|1854,1874,3352,3365|5120,5137,6639,6655
-|-|1855,1875,3353,3366|5121,5138,6640,6656
-|-|1856,1876,3354,3367|5122,5139,6641,6657
-|-|1857,1877,3355,3368|5123,5140,6642,6658
-|-|5056,5076,6594,6610|1786,1806,3294,3311
-|-|5057,5077,6595,6611|1787,1807,3295,3312
-|-|5058,5078,6596,6612|1788,1808,3296,3313
-|-|5059,5079,6597,6613|1789,1809,3297,3314
5060,5080,6598,6614|1790,1810,3298,3315|-|-
5061,5081,6599,6615|1791,1811,3299,3316|-|-
5062,5082,6600,6616|1792,1812,3300,3317|-|-
5063,5083,6601,6617|1793,1813,3301,3318|-|-
-|-|1794,1814,3302,3319|5056,5076,6594,6610
-|-|1795,1815,3303,3320|5057,5077,6595,6611
-|-|1796,1816,3304,3321|5058,5078,6596,6612
-|-|1797,1817,3305,3322|5059,5079,6597,6613
1798,1818,3306,3323|5060,5080,6598,6614|-|-
1799,1819,3307,3324|5061,5081,6599,6615|-|-
1800,1820,3308,3325|5062,5082,6600,6616|-|-
1801,1821,3309,3326|5063,5083,6601,6617|-|-
-|-|1801,1821,3309,3326|5063,5083,6601,6617
5092,6622|1826,3328|-|-
5093,6623|1827,3329|-|-
5094,6624|1828,3330|-|-
5095,6625|1829,3331|-|-
-|-|5092,6622|1826,3328
-|-|5093,6623|1827,3329
-|-|5094,6624|1828,3330
-|-|5095,6625|1829,3331
1834,3336|5092,6622|-|-
1835,3337|5093,6623|-|-
1836,3338|5094,6624|-|-
1837,3339|5095,6625|-|-
-|-|1834,3336|5092,6622
-|-|1835,3337|5093,6623
-|-|1836,3338|5094,6624
-|-|1837,3339|5095,6625
1841,3343|5099,6626|-|-
-|-|1882,1902,3370,3387|5142,5162,6659,6675
-|-|1883,1903,3371,3388|5143,5163,6660,6676
-|-|1884,1904,3372,3389|5144,5164,6661,6677
-|-|1885,1905,3373,3390|5145,5165,6662,6678
1886,1906,3374,3391|5146,5166,6663,6679|-|-
1887,1907,3375,3392|5147,5167,6664,6680|-|-
1888,1908,3376,3393|5148,5168,6665,6681|-|-
1889,1909,3377,3394|5149,5169,6666,6682|-|-
-|-|5150,5170,6667,6683|1882,1902,3370,3387
-|-|5151,5171,6668,6684|1883,1903,3371,3388
-|-|5152,5172,6669,6685|1884,1904,3372,3389
-|-|5153,5173,6670,6686|1885,1905,3373,3390
5154,5174,6671,6687|1886,1906,3374,3391|-|-
5155,5175,6672,6688|1887,1907,3375,3392|-|-
5156,5176,6673,6689|1888,1908,3376,3393|-|-
5157,5177,6674,6690|1889,1909,3377,3394|-|-
-|-|5157,5177,6674,6690|1889,1909,3377,3394
1894,1914,3382,3399|5154,5174,6671,6687|-|-
1895,1915,3383,3400|5155,5175,6672,6688|-|-
1896,1916,3384,3401|5156,5176,6673,6689|-|-
1897,1917,3385,3402|5157,5177,6674,6690|-|-
1922,3404|5182,6691|-|-
1923,3405|5183,6692|-|-
1924,3406|5184,6693|-|-
1925,3407|5185,6694|-|-
-|-|1922,3404|5182,6691
-|-|1923,3405|5183,6692
-|-|1924,3406|5184,6693
-|-|1925,3407|5185,6694
5186,6695|1922,3404|-|-
5187,6696|1923,3405|-|-
5188,6697|1924,3406|-|-
5189,6698|1925,3407|-|-
-|-|5186,6695|1922,3404
-|-|5187,6696|1923,3405
-|-|5188,6697|1924,3406
-|-|5189,6698|1925,3407
5193,6699|1929,3411|-|-
-|-|1930,3412|5186,6695
-|-|1931,3413|5187,6696
-|-|1932,3414|5188,6697
-|-|1933,3415|5189,6698
-|-|1938,1958,3420,3435|5202,5219,6700,6716
-|-|1939,1959,3421,3436|5203,5220,6701,6717
-|-|1940,1960,3422,3437|5204,5221,6702,6718
-|-|1941,1961,3423,3438|5205,5222,6703,6719
1942,1962,3424,3439|5206,5223,6704,6720|-|-
1943,1963,3425,3440|5207,5224,6705,6721|-|-
1944,1964,3426,3441|5208,5225,6706,6722|-|-
1945,1965,3427,3442|5209,5226,6707,6723|-|-
-|-|5210,5227,6708,6724|1938,1958,3420,3435
-|-|5211,5228,6709,6725|1939,1959,3421,3436
-|-|5212,5229,6710,6726|1940,1960,3422,3437
-|-|5213,5230,6711,6727|1941,1961,3423,3438
5214,5231,6712,6728|1942,1962,3424,3439|-|-
5215,5232,6713,6729|1943,1963,3425,3440|-|-
5216,5233,6714,6730|1944,1964,3426,3441|-|-
5217,5234,6715,6731|1945,1965,3427,3442|-|-
-|-|5214,5231,6712,6728|1942,1962,3424,3439
-|-|5215,5232,6713,6729|1943,1963,3425,3440
-|-|5216,5233,6714,6730|1944,1964,3426,3441
-|-|5217,5234,6715,6731|1945,1965,3427,3442
1950,1970,3429,3444|5214,5231,6712,6728|-|-
1951,1971,3430,3445|5215,5232,6713,6729|-|-
1952,1972,3431,3446|5216,5233,6714,6730|-|-
1953,1973,3432,3447|5217,5234,6715,6731|-|-
-|-|1950,1970,3429,3444|5214,5231,6712,6728
-|-|1951,1971,3430,3445|5215,5232,6713,6729
-|-|1952,1972,3431,3446|5216,5233,6714,6730
-|-|1953,1973,3432,3447|5217,5234,6715,6731
-|-|5150,5170,6667,6683|1882,1902,3370,3387
-|-|5151,5171,6668,6684|1883,1903,3371,3388
-|-|5152,5172,6669,6685|1884,1904,3372,3389
-|-|5153,5173,6670,6686|1885,1905,3373,3390
5154,5174,6671,6687|1886,1906,3374,3391|-|-
5155,5175,6672,6688|1887,1907,3375,3392|-|-
5156,5176,6673,6689|1888,1908,3376,3393|-|-
5157,5177,6674,6690|1889,1909,3377,3394|-|-
-|-|1890,1910,3378,3395|5150,5170,6667,6683
-|-|1891,1911,3379,3396|5151,5171,6668,6684
-|-|1892,1912,3380,3397|5152,5172,6669,6685
-|-|1893,1913,3381,3398|5153,5173,6670,6686
1894,1914,3382,3399|5154,5174,6671,6687|-|-
1895,1915,3383,3400|5155,5175,6672,6688|-|-
1896,1916,3384,3401|5156,5176,6673,6689|-|-
1897,1917,3385,3402|5157,5177,6674,6690|-|-
-|-|1897,1917,3385,3402|5157,5177,6674,6690
5186,6695|1922,3404|-|-
5187,6696|1923,3405|-|-
5188,6697|1924,3406|-|-
5189,6698|1925,3407|-|-
-|-|5186,6695|1922,3404
-|-|5187,6696|1923,3405
-|-|5188,6697|1924,3406
-|-|5189,6698|1925,3407
1930,3412|5186,6695|-|-
1931,3413|5187,6696|-|-
1932,3414|5188,6697|-|-
1933,3415|5189,6698|-|-
-|-|1930,3412|5186,6695
-|-|1931,3413|5187,6696
-|-|1932,3414|5188,6697
-|-|1933,3415|5189,6698
1937,3419|5193,6699|-|-
4374,4395,4666,4687,6005,6025,6261,6281|1066,1087,1377,1398,2724,2740,2968,2984|-|-
4375,4396,4667,4688,6006,6026,6262,6282|1067,1088,1378,1399,2725,2741,2969,2985|-|-
4376,4397,4668,4689,6007,6027,6263,6283|1068,1089,1379,1400,2726,2742,2970,2986|-|-
4377,4398,4669,4690,6008,6028,6264,6284|1069,1090,1380,1401,2727,2743,2971,2987|-|-
-|-|4374,4395,4666,4687,6005,6025,6261,6281|1066,1087,1377,1398,2724,2740,2968,2984
-|-|4375,4396,4667,4688,6006,6026,6262,6282|1067,1088,1378,1399,2725,2741,2969,2985
-|-|4376,4397,4668,4689,6007,6027,6263,6283|1068,1089,1379,1400,2726,2742,2970,2986
-|-|4377,4398,4669,4690,6008,6028,6264,6284|1069,1090,1380,1401,2727,2743,2971,2987
4381,4402,4673,4694,6012,6032,6268,6288|1073,1094,1384,1405,2731,2747,2975,2991|-|-
1074,1095,1385,1406,2732,2748,2976,2992|4374,4395,4666,4687,6005,6025,6261,6281|-|-
1075,1096,1386,1407,2733,2749,2977,2993|4375,4396,4667,4688,6006,6026,6262,6282|-|-
1076,1097,1387,1408,2734,2750,2978,2994|4376,4397,4668,4689,6007,6027,6263,6283|-|-
1077,1098,1388,1409,2735,2751,2979,2995|4377,4398,4669,4690,6008,6028,6264,6284|-|-
-|-|1074,1095,1385,1406,2732,2748,2976,2992|4374,4395,4666,4687,6005,6025,6261,6281
-|-|1075,1096,1386,1407,2733,2749,2977,2993|4375,4396,4667,4688,6006,6026,6262,6282
-|-|1076,1097,1387,1408,2734,2750,2978,2994|4376,4397,4668,4689,6007,6027,6263,6283
-|-|1077,1098,1388,1409,2735,2751,2979,2995|4377,4398,4669,4690,6008,6028,6264,6284
1078,1099,1389,1410,2736,2752,2980,2996|4378,4399,4670,4691,6009,6029,6265,6285|-|-
1079,1100,1390,1411,2737,2753,2981,2997|4379,4400,4671,4692,6010,6030,6266,6286|-|-
1080,1101,1391,1412,2738,2754,2982,2998|4380,4401,4672,4693,6011,6031,6267,6287|-|-
1081,1102,1392,1413,2739,2755,2983,2999|4381,4402,4673,4694,6012,6032,6268,6288|-|-
-|-|4420,4712,6049,6305|1108,1419,2756,3000
-|-|4421,4713,6050,6306|1109,1420,2757,3001
-|-|4422,4714,6051,6307|1110,1421,2758,3002
-|-|4423,4715,6052,6308|1111,1422,2759,3003
4424,4716,6053,6309|1112,1423,2760,3004|-|-
4425,4717,6054,6310|1113,1424,2761,3005|-|-
4426,4718,6055,6311|1114,1425,2762,3006|-|-
4427,4719,6056,6312|1115,1426,2763,3007|-|-
-|-|4427,4719,6056,6312|1115,1426,2763,3007
-|-|1117,1428,2765,3009|4420,4712,6049,6305
-|-|1118,1429,2766,3010|4421,4713,6050,6306
-|-|1119,1430,2767,3011|4422,4714,6051,6307
-|-|1120,1431,2768,3012|4423,4715,6052,6308
1121,1432,2769,3013|4424,4716,6053,6309|-|-
1122,1433,2770,3014|4425,4717,6054,6310|-|-
1123,1434,2771,3015|4426,4718,6055,6311|-|-
1124,1435,2772,3016|4427,4719,6056,6312|-|-
-|-|1121,1432,2769,3013|4424,4716,6053,6309
-|-|1122,1433,2770,3014|4425,4717,6054,6310
-|-|1123,1434,2771,3015|4426,4718,6055,6311
-|-|1124,1435,2772,3016|4427,4719,6056,6312
-|-|4441,4458,4733,4750,6067,6080,6323,6336|1137,1154,1448,1465,2774,2790,3018,3034
-|-|4442,4459,4734,4751,6068,6081,6324,6337|1138,1155,1449,1466,2775,2791,3019,3035
-|-|4443,4460,4735,4752,6069,6082,6325,6338|1139,1156,1450,1467,2776,2792,3020,3036
-|-|4444,4461,4736,4753,6070,6083,6326,6339|1140,1157,1451,1468,2777,2793,3021,3037
4445,4462,4737,4754,6071,6084,6327,6340|1141,1158,1452,1469,2778,2794,3022,3038|-|-
4446,4463,4738,4755,6072,6085,6328,6341|1142,1159,1453,1470,2779,2795,3023,3039|-|-
4447,4464,4739,4756,6073,6086,6329,6342|1143,1160,1454,1471,2780,2796,3024,3040|-|-
4448,4465,4740,4757,6074,6087,6330,6343|1144,1161,1455,1472,2781,2797,3025,3041|-|-
-|-|1145,1162,1456,1473,2782,2798,3026,3042|4441,4458,4733,4750,6067,6080,6323,6336
-|-|1146,1163,1457,1474,2783,2799,3027,3043|4442,4459,4734,4751,6068,6081,6324,6337
-|-|1147,1164,1458,1475,2784,2800,3028,3044|4443,4460,4735,4752,6069,6082,6325,6338
-|-|1148,1165,1459,1476,2785,2801,3029,3045|4444,4461,4736,4753,6070,6083,6326,6339
1149,1166,1460,1477,2786,2802,3030,3046|4445,4462,4737,4754,6071,6084,6327,6340|-|-
1150,1167,1461,1478,2787,2803,3031,3047|4446,4463,4738,4755,6072,6085,6328,6341|-|-
1151,1168,1462,1479,2788,2804,3032,3048|4447,4464,4739,4756,6073,6086,6329,6342|-|-
1152,1169,1463,1480,2789,2805,3033,3049|4448,4465,4740,4757,6074,6087,6330,6343|-|-
1074,1095,1385,1406,2732,2748,2976,2992|4374,4395,4666,4687,6005,6025,6261,6281|-|-
1075,1096,1386,1407,2733,2749,2977,2993|4375,4396,4667,4688,6006,6026,6262,6282|-|-
1076,1097,1387,1408,2734,2750,2978,2994|4376,4397,4668,4689,6007,6027,6263,6283|-|-
1077,1098,1388,1409,2735,2751,2979,2995|4377,4398,4669,4690,6008,6028,6264,6284|-|-
-|-|1074,1095,1385,1406,2732,2748,2976,2992|4374,4395,4666,4687,6005,6025,6261,6281
-|-|1075,1096,1386,1407,2733,2749,2977,2993|4375,4396,4667,4688,6006,6026,6262,6282
-|-|1076,1097,1387,1408,2734,2750,2978,2994|4376,4397,4668,4689,6007,6027,6263,6283
-|-|1077,1098,1388,1409,2735,2751,2979,2995|4377,4398,4669,4690,6008,6028,6264,6284
1078,1099,1389,1410,2736,2752,2980,2996|4378,4399,4670,4691,6009,6029,6265,6285|-|-
1079,1100,1390,1411,2737,2753,2981,2997|4379,4400,4671,4692,6010,6030,6266,6286|-|-
1080,1101,1391,1412,2738,2754,2982,2998|4380,4401,4672,4693,6011,6031,6267,6287|-|-
1081,1102,1392,1413,2739,2755,2983,2999|4381,4402,4673,4694,6012,6032,6268,6288|-|-
-|-|4383,4404,4675,4696,6013,6033,6269,6289|1074,1095,1385,1406,2732,2748,2976,2992
-|-|4384,4405,4676,4697,6014,6034,6270,6290|1075,1096,1386,1407,2733,2749,2977,2993
-|-|4385,4406,4677,4698,6015,6035,6271,6291|1076,1097,1387,1408,2734,2750,2978,2994
-|-|4386,4407,4678,4699,6016,6036,6272,6292|1077,1098,1388,1409,2735,2751,2979,2995
4387,4408,4679,4700,6017,6037,6273,6293|1078,1099,1389,1410,2736,2752,2980,2996|-|-
4388,4409,4680,4701,6018,6038,6274,6294|1079,1100,1390,1411,2737,2753,2981,2997|-|-
4389,4410,4681,4702,6019,6039,6275,6295|1080,1101,1391,1412,2738,2754,2982,2998|-|-
4390,4411,4682,4703,6020,6040,6276,6296|1081,1102,1392,1413,2739,2755,2983,2999|-|-
-|-|1117,1428,2765,3009|4420,4712,6049,6305
-|-|1118,1429,2766,3010|4421,4713,6050,6306
-|-|1119,1430,2767,3011|4422,4714,6051,6307
-|-|1120,1431,2768,3012|4423,4715,6052,6308
1121,1432,2769,3013|4424,4716,6053,6309|-|-
1122,1433,2770,3014|4425,4717,6054,6310|-|-
1123,1434,2771,3015|4426,4718,6055,6311|-|-
1124,1435,2772,3016|4427,4719,6056,6312|-|-
-|-|1121,1432,2769,3013|4424,4716,6053,6309
-|-|1122,1433,2770,3014|4425,4717,6054,6310
-|-|1123,1434,2771,3015|4426,4718,6055,6311
-|-|1124,1435,2772,3016|4427,4719,6056,6312
4430,4722,6058,6314|1121,1432,2769,3013|-|-
4431,4723,6059,6315|1122,1433,2770,3014|-|-
4432,4724,6060,6316|1123,1434,2771,3015|-|-
4433,4725,6061,6317|1124,1435,2772,3016|-|-
-|-|4430,4722,6058,6314|1121,1432,2769,3013
-|-|4431,4723,6059,6315|1122,1433,2770,3014
-|-|4432,4724,6060,6316|1123,1434,2771,3015
-|-|4433,4725,6061,6317|1124,1435,2772,3016
4474,4494,4766,4786,6092,6112,6348,6368|1171,1191,1482,1502,2806,2822,3050,3066|-|-
4475,4495,4767,4787,6093,6113,6349,6369|1172,1192,1483,1503,2807,2823,3051,3067|-|-
4476,4496,4768,4788,6094,6114,6350,6370|1173,1193,1484,1504,2808,2824,3052,3068|-|-
4477,4497,4769,4789,6095,6115,6351,6371|1174,1194,1485,1505,2809,2825,3053,3069|-|-
-|-|4474,4494,4766,4786,6092,6112,6348,6368|1171,1191,1482,1502,2806,2822,3050,3066
-|-|4475,4495,4767,4787,6093,6113,6349,6369|1172,1192,1483,1503,2807,2823,3051,3067
-|-|4476,4496,4768,4788,6094,6114,6350,6370|1173,1193,1484,1504,2808,2824,3052,3068
-|-|4477,4497,4769,4789,6095,6115,6351,6371|1174,1194,1485,1505,2809,2825,3053,3069
1179,1199,1490,1510,2814,2830,3058,3074|4474,4494,4766,4786,6092,6112,6348,6368|-|-
1180,1200,1491,1511,2815,2831,3059,3075|4475,4495,4767,4787,6093,6113,6349,6369|-|-
1181,1201,1492,1512,2816,2832,3060,3076|4476,4496,4768,4788,6094,6114,6350,6370|-|-
1182,1202,1493,1513,2817,2833,3061,3077|4477,4497,4769,4789,6095,6115,6351,6371|-|-
-|-|1179,1199,1490,1510,2814,2830,3058,3074|4474,4494,4766,4786,6092,6112,6348,6368
-|-|1180,1200,1491,1511,2815,2831,3059,3075|4475,4495,4767,4787,6093,6113,6349,6369
-|-|1181,1201,1492,1512,2816,2832,3060,3076|4476,4496,4768,4788,6094,6114,6350,6370
-|-|1182,1202,1493,1513,2817,2833,3061,3077|4477,4497,4769,4789,6095,6115,6351,6371
1183,1203,1494,1514,2818,2834,3062,3078|4478,4498,4770,4790,6096,6116,6352,6372|-|-
1184,1204,1495,1515,2819,2835,3063,3079|4479,4499,4771,4791,6097,6117,6353,6373|-|-
1185,1205,1496,1516,2820,2836,3064,3080|4480,4500,4772,4792,6098,6118,6354,6374|-|-
1186,1206,1497,1517,2821,2837,3065,3081|4481,4501,4773,4793,6099,6119,6355,6375|-|-
-|-|4518,4810,6136,6392|1211,1522,2838,3082
-|-|4519,4811,6137,6393|1212,1523,2839,3083
-|-|4520,4812,6138,6394|1213,1524,2840,3084
-|-|4521,4813,6139,6395|1214,1525,2841,3085
4522,4814,6140,6396|1215,1526,2842,3086|-|-
4523,4815,6141,6397|1216,1527,2843,3087|-|-
4524,4816,6142,6398|1217,1528,2844,3088|-|-
4525,4817,6143,6399|1218,1529,2845,3089|-|-
-|-|1219,1530,2846,3090|4518,4810,6136,6392
-|-|1220,1531,2847,3091|4519,4811,6137,6393
-|-|1221,1532,2848,3092|4520,4812,6138,6394
-|-|1222,1533,2849,3093|4521,4813,6139,6395
1223,1534,2850,3094|4522,4814,6140,6396|-|-
1224,1535,2851,3095|4523,4815,6141,6397|-|-
1225,1536,2852,3096|4524,4816,6142,6398|-|-
1226,1537,2853,3097|4525,4817,6143,6399|-|-
-|-|1223,1534,2850,3094|4522,4814,6140,6396
-|-|1224,1535,2851,3095|4523,4815,6141,6397
-|-|1225,1536,2852,3096|4524,4816,6142,6398
-|-|1226,1537,2853,3097|4525,4817,6143,6399
-|-|4535,4552,4827,4844,6152,6164,6408,6420|1239,1256,1550,1567,2855,2871,3099,3115
-|-|4536,4553,4828,4845,6153,6165,6409,6421|1240,1257,1551,1568,2856,2872,3100,3116
-|-|4537,4554,4829,4846,6154,6166,6410,6422|1241,1258,1552,1569,2857,2873,3101,3117
-|-|4538,4555,4830,4847,6155,6167,6411,6423|1242,1259,1553,1570,2858,2874,3102,3118
4539,4556,4831,4848,6156,6168,6412,6424|1243,1260,1554,1571,2859,2875,3103,3119|-|-
4540,4557,4832,4849,6157,6169,6413,6425|1244,1261,1555,1572,2860,2876,3104,3120|-|-
4541,4558,4833,4850,6158,6170,6414,6426|1245,1262,1556,1573,2861,2877,3105,3121|-|-
4542,4559,4834,4851,6159,6171,6415,6427|1246,1263,1557,1574,2862,2878,3106,3122|-|-
-|-|1247,1264,1558,1575,2863,2879,3107,3123|4535,4552,4827,4844,6152,6164,6408,6420
-|-|1248,1265,1559,1576,2864,2880,3108,3124|4536,4553,4828,4845,6153,6165,6409,6421
-|-|1249,1266,1560,1577,2865,2881,3109,3125|4537,4554,4829,4846,6154,6166,6410,6422
-|-|1250,1267,1561,1578,2866,2882,3110,3126|4538,4555,4830,4847,6155,6167,6411,6423
1251,1268,1562,1579,2867,2883,3111,3127|4539,4556,4831,4848,6156,6168,6412,6424|-|-
1252,1269,1563,1580,2868,2884,3112,3128|4540,4557,4832,4849,6157,6169,6413,6425|-|-
1253,1270,1564,1581,2869,2885,3113,3129|4541,4558,4833,4850,6158,6170,6414,6426|-|-
1254,1271,1565,1582,2870,2886,3114,3130|4542,4559,4834,4851,6159,6171,6415,6427|-|-
1179,1199,1490,1510,2814,2830,3058,3074|4474,4494,4766,4786,6092,6112,6348,6368|-|-
1180,1200,1491,1511,2815,2831,3059,3075|4475,4495,4767,4787,6093,6113,6349,6369|-|-
1181,1201,1492,1512,2816,2832,3060,3076|4476,4496,4768,4788,6094,6114,6350,6370|-|-
1182,1202,1493,1513,2817,2833,3061,3077|4477,4497,4769,4789,6095,6115,6351,6371|-|-
-|-|1179,1199,1490,1510,2814,2830,3058,3074|4474,4494,4766,4786,6092,6112,6348,6368
-|-|1180,1200,1491,1511,2815,2831,3059,3075|4475,4495,4767,4787,6093,6113,6349,6369
-|-|1181,1201,1492,1512,2816,2832,3060,3076|4476,4496,4768,4788,6094,6114,6350,6370
-|-|1182,1202,1493,1513,2817,2833,3061,3077|4477,4497,4769,4789,6095,6115,6351,6371
1183,1203,1494,1514,2818,2834,3062,3078|4478,4498,4770,4790,6096,6116,6352,6372|-|-
1184,1204,1495,1515,2819,2835,3063,3079|4479,4499,4771,4791,6097,6117,6353,6373|-|-
1185,1205,1496,1516,2820,2836,3064,3080|4480,4500,4772,4792,6098,6118,6354,6374|-|-
1186,1206,1497,1517,2821,2837,3065,3081|4481,4501,4773,4793,6099,6119,6355,6375|-|-
-|-|4482,4502,4774,4794,6100,6120,6356,6376|1179,1199,1490,1510,2814,2830,3058,3074
-|-|4483,4503,4775,4795,6101,6121,6357,6377|1180,1200,1491,1511,2815,2831,3059,3075
-|-|4484,4504,4776,4796,6102,6122,6358,6378|1181,1201,1492,1512,2816,2832,3060,3076
-|-|4485,4505,4777,4797,6103,6123,6359,6379|1182,1202,1493,1513,2817,2833,3061,3077
4486,4506,4778,4798,6104,6124,6360,6380|1183,1203,1494,1514,2818,2834,3062,3078|-|-
4487,4507,4779,4799,6105,6125,6361,6381|1184,1204,1495,1515,2819,2835,3063,3079|-|-
4488,4508,4780,4800,6106,6126,6362,6382|1185,1205,1496,1516,2820,2836,3064,3080|-|-
4489,4509,4781,4801,6107,6127,6363,6383|1186,1206,1497,1517,2821,2837,3065,3081|-|-
-|-|1219,1530,2846,3090|4518,4810,6136,6392
-|-|1220,1531,2847,3091|4519,4811,6137,6393
-|-|1221,1532,2848,3092|4520,4812,6138,6394
-|-|1222,1533,2849,3093|4521,4813,6139,6395
1223,1534,2850,3094|4522,4814,6140,6396|-|-
1224,1535,2851,3095|4523,4815,6141,6397|-|-
1225,1536,2852,3096|4524,4816,6142,6398|-|-
1226,1537,2853,3097|4525,4817,6143,6399|-|-
-|-|1223,1534,2850,3094|4522,4814,6140,6396
-|-|1224,1535,2851,3095|4523,4815,6141,6397
-|-|1225,1536,2852,3096|4524,4816,6142,6398
-|-|1226,1537,2853,3097|4525,4817,6143,6399
4526,4818,6144,6400|1223,1534,2850,3094|-|-
4527,4819,6145,6401|1224,1535,2851,3095|-|-
4528,4820,6146,6402|1225,1536,2852,3096|-|-
4529,4821,6147,6403|1226,1537,2853,3097|-|-
-|-|4526,4818,6144,6400|1223,1534,2850,3094
-|-|4527,4819,6145,6401|1224,1535,2851,3095
-|-|4528,4820,6146,6402|1225,1536,2852,3096
-|-|4529,4821,6147,6403|1226,1537,2853,3097
4569,4590,4861,4882,6176,6196,6432,6452|1273,1294,1584,1605,2887,2903,3131,3147|-|-
4570,4591,4862,4883,6177,6197,6433,6453|1274,1295,1585,1606,2888,2904,3132,3148|-|-
4571,4592,4863,4884,6178,6198,6434,6454|1275,1296,1586,1607,2889,2905,3133,3149|-|-
4572,4593,4864,4885,6179,6199,6435,6455|1276,1297,1587,1608,2890,2906,3134,3150|-|-
-|-|4569,4590,4861,4882,6176,6196,6432,6452|1273,1294,1584,1605,2887,2903,3131,3147
-|-|4570,4591,4862,4883,6177,6197,6433,6453|1274,1295,1585,1606,2888,2904,3132,3148
-|-|4571,4592,4863,4884,6178,6198,6434,6454|1275,1296,1586,1607,2889,2905,3133,3149
-|-|4572,4593,4864,4885,6179,6199,6435,6455|1276,1297,1587,1608,2890,2906,3134,3150
1281,1302,1592,1613,2895,2911,3139,3155|4569,4590,4861,4882,6176,6196,6432,6452|-|-
1282,1303,1593,1614,2896,2912,3140,3156|4570,4591,4862,4883,6177,6197,6433,6453|-|-
1283,1304,1594,1615,2897,2913,3141,3157|4571,4592,4863,4884,6178,6198,6434,6454|-|-
1284,1305,1595,1616,2898,2914,3142,3158|4572,4593,4864,4885,6179,6199,6435,6455|-|-
-|-|1281,1302,1592,1613,2895,2911,3139,3155|4569,4590,4861,4882,6176,6196,6432,6452
-|-|1282,1303,1593,1614,2896,2912,3140,3156|4570,4591,4862,4883,6177,6197,6433,6453
-|-|1283,1304,1594,1615,2897,2913,3141,3157|4571,4592,4863,4884,6178,6198,6434,6454
-|-|1284,1305,1595,1616,2898,2914,3142,3158|4572,4593,4864,4885,6179,6199,6435,6455
1285,1306,1596,1617,2899,2915,3143,3159|4573,4594,4865,4886,6180,6200,6436,6456|-|-
1286,1307,1597,1618,2900,2916,3144,3160|4574,4595,4866,4887,6181,6201,6437,6457|-|-
1287,1308,1598,1619,2901,2917,3145,3161|4575,4596,4867,4888,6182,6202,6438,6458|-|-
1288,1309,1599,1620,2902,2918,3146,3162|4576,4597,4868,4889,6183,6203,6439,6459|-|-
-|-|4615,4907,6220,6476|1315,1626,2919,3163
-|-|4616,4908,6221,6477|1316,1627,2920,3164
-|-|4617,4909,6222,6478|1317,1628,2921,3165
-|-|4618,4910,6223,6479|1318,1629,2922,3166
4619,4911,6224,6480|1319,1630,2923,3167|-|-
4620,4912,6225,6481|1320,1631,2924,3168|-|-
4621,4913,6226,6482|1321,1632,2925,3169|-|-
4622,4914,6227,6483|1322,1633,2926,3170|-|-
-|-|1323,1634,2927,3171|4615,4907,6220,6476
-|-|1324,1635,2928,3172|4616,4908,6221,6477
-|-|1325,1636,2929,3173|4617,4909,6222,6478
-|-|1326,1637,2930,3174|4618,4910,6223,6479
1327,1638,2931,3175|4619,4911,6224,6480|-|-
1328,1639,2932,3176|4620,4912,6225,6481|-|-
1329,1640,2933,3177|4621,4913,6226,6482|-|-
1330,1641,2934,3178|4622,4914,6227,6483|-|-
-|-|1327,1638,2931,3175|4619,4911,6224,6480
-|-|1328,1639,2932,3176|4620,4912,6225,6481
-|-|1329,1640,2933,3177|4621,4913,6226,6482
-|-|1330,1641,2934,3178|4622,4914,6227,6483
-|-|4634,4650,4926,4942,6237,6249,6493,6505|1343,1360,1654,1671,2936,2952,3180,3196
-|-|4635,4651,4927,4943,6238,6250,6494,6506|1344,1361,1655,1672,2937,2953,3181,3197
-|-|4636,4652,4928,4944,6239,6251,6495,6507|1345,1362,1656,1673,2938,2954,3182,3198
-|-|4637,4653,4929,4945,6240,6252,6496,6508|1346,1363,1657,1674,2939,2955,3183,3199
4638,4654,4930,4946,6241,6253,6497,6509|1347,1364,1658,1675,2940,2956,3184,3200|-|-
4639,4655,4931,4947,6242,6254,6498,6510|1348,1365,1659,1676,2941,2957,3185,3201|-|-
4640,4656,4932,4948,6243,6255,6499,6511|1349,1366,1660,1677,2942,2958,3186,3202|-|-
4641,4657,4933,4949,6244,6256,6500,6512|1350,1367,1661,1678,2943,2959,3187,3203|-|-
-|-|1351,1368,1662,1679,2944,2960,3188,3204|4634,4650,4926,4942,6237,6249,6493,6505
-|-|1352,1369,1663,1680,2945,2961,3189,3205|4635,4651,4927,4943,6238,6250,6494,6506
-|-|1353,1370,1664,1681,2946,2962,3190,3206|4636,4652,4928,4944,6239,6251,6495,6507
-|-|1354,1371,1665,1682,2947,2963,3191,3207|4637,4653,4929,4945,6240,6252,6496,6508
1355,1372,1666,1683,2948,2964,3192,3208|4638,4654,4930,4946,6241,6253,6497,6509|-|-
1356,1373,1667,1684,2949,2965,3193,3209|4639,4655,4931,4947,6242,6254,6498,6510|-|-
1357,1374,1668,1685,2950,2966,3194,3210|4640,4656,4932,4948,6243,6255,6499,6511|-|-
1358,1375,1669,1686,2951,2967,3195,3211|4641,4657,4933,4949,6244,6256,6500,6512|-|-
1281,1302,1592,1613,2895,2911,3139,3155|4569,4590,4861,4882,6176,6196,6432,6452|-|-
1282,1303,1593,1614,2896,2912,3140,3156|4570,4591,4862,4883,6177,6197,6433,6453|-|-
1283,1304,1594,1615,2897,2913,3141,3157|4571,4592,4863,4884,6178,6198,6434,6454|-|-
1284,1305,1595,1616,2898,2914,3142,3158|4572,4593,4864,4885,6179,6199,6435,6455|-|-
-|-|1281,1302,1592,1613,2895,2911,3139,3155|4569,4590,4861,4882,6176,6196,6432,6452
-|-|1282,1303,1593,1614,2896,2912,3140,3156|4570,4591,4862,4883,6177,6197,6433,6453
-|-|1283,1304,1594,1615,2897,2913,3141,3157|4571,4592,4863,4884,6178,6198,6434,6454
-|-|1284,1305,1595,1616,2898,2914,3142,3158|4572,4593,4864,4885,6179,6199,6435,6455
1285,1306,1596,1617,2899,2915,3143,3159|4573,4594,4865,4886,6180,6200,6436,6456|-|-
1286,1307,1597,1618,2900,2916,3144,3160|4574,4595,4866,4887,6181,6201,6437,6457|-|-
1287,1308,1598,1619,2901,2917,3145,3161|4575,4596,4867,4888,6182,6202,6438,6458|-|-
1288,1309,1599,1620,2902,2918,3146,3162|4576,4597,4868,4889,6183,6203,6439,6459|-|-
-|-|4577,4598,4869,4890,6184,6204,6440,6460|1281,1302,1592,1613,2895,2911,3139,3155
-|-|4578,4599,4870,4891,6185,6205,6441,6461|1282,1303,1593,1614,2896,2912,3140,3156
-|-|4579,4600,4871,4892,6186,6206,6442,6462|1283,1304,1594,1615,2897,2913,3141,3157
-|-|4580,4601,4872,4893,6187,6207,6443,6463|1284,1305,1595,1616,2898,2914,3142,3158
4581,4602,4873,4894,6188,6208,6444,6464|1285,1306,1596,1617,2899,2915,3143,3159|-|-
4582,4603,4874,4895,6189,6209,6445,6465|1286,1307,1597,1618,2900,2916,3144,3160|-|-
4583,4604,4875,4896,6190,6210,6446,6466|1287,1308,1598,1619,2901,2917,3145,3161|-|-
4584,4605,4876,4897,6191,6211,6447,6467|1288,1309,1599,1620,2902,2918,3146,3162|-|-
-|-|1323,1634,2927,3171|4615,4907,6220,6476
-|-|1324,1635,2928,3172|4616,4908,6221,6477
-|-|1325,1636,2929,3173|4617,4909,6222,6478
-|-|1326,1637,2930,3174|4618,4910,6223,6479
1327,1638,2931,3175|4619,4911,6224,6480|-|-
1328,1639,2932,3176|4620,4912,6225,6481|-|-
1329,1640,2933,3177|4621,4913,6226,6482|-|-
1330,1641,2934,3178|4622,4914,6227,6483|-|-
-|-|1327,1638,2931,3175|4619,4911,6224,6480
-|-|1328,1639,2932,3176|4620,4912,6225,6481
-|-|1329,1640,2933,3177|4621,4913,6226,6482
-|-|1330,1641,2934,3178|4622,4914,6227,6483
4624,4916,6229,6485|1327,1638,2931,3175|-|-
4625,4917,6230,6486|1328,1639,2932,3176|-|-
4626,4918,6231,6487|1329,1640,2933,3177|-|-
4627,4919,6232,6488|1330,1641,2934,3178|-|-
-|-|4624,4916,6229,6485|1327,1638,2931,3175
-|-|4625,4917,6230,6486|1328,1639,2932,3176
-|-|4626,4918,6231,6487|1329,1640,2933,3177
-|-|4627,4919,6232,6488|1330,1641,2934,3178
-|-|3456,3479,3762,3785|120,142,445,467
-|-|3457,3480,3763,3786|121,143,446,468
-|-|3458,3481,3764,3787|122,144,447,469
-|-|3459,3482,3765,3788|123,145,448,470
3460,3483,3766,3789|124,146,449,471|-|-
3461,3484,3767,3790|125,147,450,472|-|-
3462,3485,3768,3791|126,148,451,473|-|-
3463,3486,3769,3792|127,149,452,474|-|-
-|-|129,151,454,476|3456,3479,3762,3785
-|-|130,152,455,477|3457,3480,3763,3786
-|-|131,153,456,478|3458,3481,3764,3787
-|-|132,154,457,479|3459,3482,3765,3788
133,155,458,480|3460,3483,3766,3789|-|-
134,156,459,481|3461,3484,3767,3790|-|-
135,157,460,482|3462,3485,3768,3791|-|-
136,158,461,483|3463,3486,3769,3792|-|-
3509,3815|168,493|-|-
3510,3816|169,494|-|-
3511,3817|170,495|-|-
3512,3818|171,496|-|-
-|-|3509,3815|168,493
-|-|3510,3816|169,494
-|-|3511,3817|170,495
-|-|3512,3818|171,496
178,503|3509,3815|-|-
179,504|3510,3816|-|-
180,505|3511,3817|-|-
181,506|3512,3818|-|-
-|-|178,503|3509,3815
-|-|179,504|3510,3816
-|-|180,505|3511,3817
-|-|181,506|3512,3818
-|-|3527,3545,3833,3851|194,213,519,538
-|-|3528,3546,3834,3852|195,214,520,539
-|-|3529,3547,3835,3853|196,215,521,540
-|-|3530,3548,3836,3854|197,216,522,541
3531,3549,3837,3855|198,217,523,542|-|-
3532,3550,3838,3856|199,218,524,543|-|-
3533,3551,3839,3857|200,219,525,544|-|-
3534,3552,3840,3858|201,220,526,545|-|-
-|-|3534,3552,3840,3858|201,220,526,545
-|-|203,222,528,547|3527,3545,3833,3851
-|-|204,223,529,548|3528,3546,3834,3852
-|-|205,224,530,549|3529,3547,3835,3853
-|-|206,225,531,550|3530,3548,3836,3854
207,226,532,551|3531,3549,3837,3855|-|-
208,227,533,552|3532,3550,3838,3856|-|-
209,228,534,553|3533,3551,3839,3857|-|-
210,229,535,554|3534,3552,3840,3858|-|-
-|-|209,228,534,553|3533,3551,3839,3857
-|-|210,229,535,554|3534,3552,3840,3858
-|-|129,151,454,476|3456,3479,3762,3785
-|-|130,152,455,477|3457,3480,3763,3786
-|-|131,153,456,478|3458,3481,3764,3787
-|-|132,154,457,479|3459,3482,3765,3788
133,155,458,480|3460,3483,3766,3789|-|-
134,156,459,481|3461,3484,3767,3790|-|-
135,157,460,482|3462,3485,3768,3791|-|-
136,158,461,483|3463,3486,3769,3792|-|-
-|-|3465,3488,3771,3794|129,151,454,476
-|-|3466,3489,3772,3795|130,152,455,477
-|-|3467,3490,3773,3796|131,153,456,478
-|-|3468,3491,3774,3797|132,154,457,479
3469,3492,3775,3798|133,155,458,480|-|-
3470,3493,3776,3799|134,156,459,481|-|-
3471,3494,3777,3800|135,157,460,482|-|-
3472,3495,3778,3801|136,158,461,483|-|-
-|-|3472,3495,3778,3801|136,158,461,483
178,503|3509,3815|-|-
179,504|3510,3816|-|-
180,505|3511,3817|-|-
181,506|3512,3818|-|-
-|-|178,503|3509,3815
-|-|179,504|3510,3816
-|-|180,505|3511,3817
-|-|181,506|3512,3818
3515,3821|178,503|-|-
3516,3822|179,504|-|-
3517,3823|180,505|-|-
3518,3824|181,506|-|-
-|-|3515,3821|178,503
-|-|3516,3822|179,504
-|-|3517,3823|180,505
-|-|3518,3824|181,506
3520,3826|185,510|-|-
-|-|3561,3581,3867,3887|232,253,557,578
-|-|3562,3582,3868,3888|233,254,558,579
-|-|3563,3583,3869,3889|234,255,559,580
-|-|3564,3584,3870,3890|235,256,560,581
3565,3585,3871,3891|236,257,561,582|-|-
3566,3586,3872,3892|237,258,562,583|-|-
3567,3587,3873,3893|238,259,563,584|-|-
3568,3588,3874,3894|239,260,564,585|-|-
-|-|240,261,565,586|3561,3581,3867,3887
-|-|241,262,566,587|3562,3582,3868,3888
-|-|242,263,567,588|3563,3583,3869,3889
-|-|243,264,568,589|3564,3584,3870,3890
244,265,569,590|3565,3585,3871,3891|-|-
245,266,570,591|3566,3586,3872,3892|-|-
246,267,571,592|3567,3587,3873,3893|-|-
247,268,572,593|3568,3588,3874,3894|-|-
3609,3915|278,603|-|-
3610,3916|279,604|-|-
3611,3917|280,605|-|-
3612,3918|281,606|-|-
-|-|3609,3915|278,603
-|-|3610,3916|279,604
-|-|3611,3917|280,605
-|-|3612,3918|281,606
286,611|3609,3915|-|-
287,612|3610,3916|-|-
288,613|3611,3917|-|-
289,614|3612,3918|-|-
-|-|286,611|3609,3915
-|-|287,612|3610,3916
-|-|288,613|3611,3917
-|-|289,614|3612,3918
-|-|3624,3643,3930,3949|302,320,627,645
-|-|3625,3644,3931,3950|303,321,628,646
-|-|3626,3645,3932,3951|304,322,629,647
-|-|3627,3646,3933,3952|305,323,630,648
3628,3647,3934,3953|306,324,631,649|-|-
3629,3648,3935,3954|307,325,632,650|-|-
3630,3649,3936,3955|308,326,633,651|-|-
3631,3650,3937,3956|309,327,634,652|-|-
-|-|311,329,636,654|3624,3643,3930,3949
-|-|312,330,637,655|3625,3644,3931,3950
-|-|313,331,638,656|3626,3645,3932,3951
-|-|314,332,639,657|3627,3646,3933,3952
315,333,640,658|3628,3647,3934,3953|-|-
316,334,641,659|3629,3648,3935,3954|-|-
317,335,642,660|3630,3649,3936,3955|-|-
318,336,643,661|3631,3650,3937,3956|-|-
-|-|317,335,642,660|3630,3649,3936,3955
-|-|318,336,643,661|3631,3650,3937,3956
-|-|240,261,565,586|3561,3581,3867,3887
-|-|241,262,566,587|3562,3582,3868,3888
-|-|242,263,567,588|3563,3583,3869,3889
-|-|243,264,568,589|3564,3584,3870,3890
244,265,569,590|3565,3585,3871,3891|-|-
245,266,570,591|3566,3586,3872,3892|-|-
246,267,571,592|3567,3587,3873,3893|-|-
247,268,572,593|3568,3588,3874,3894|-|-
-|-|3569,3589,3875,3895|240,261,565,586
-|-|3570,3590,3876,3896|241,262,566,587
-|-|3571,3591,3877,3897|242,263,567,588
-|-|3572,3592,3878,3898|243,264,568,589
3573,3593,3879,3899|244,265,569,590|-|-
3574,3594,3880,3900|245,266,570,591|-|-
3575,3595,3881,3901|246,267,571,592|-|-
3576,3596,3882,3902|247,268,572,593|-|-
286,611|3609,3915|-|-
287,612|3610,3916|-|-
288,613|3611,3917|-|-
289,614|3612,3918|-|-
-|-|286,611|3609,3915
-|-|287,612|3610,3916
-|-|288,613|3611,3917
-|-|289,614|3612,3918
3613,3919|286,611|-|-
3614,3920|287,612|-|-
3615,3921|288,613|-|-
3616,3922|289,614|-|-
-|-|3613,3919|286,611
-|-|3614,3920|287,612
-|-|3615,3921|288,613
-|-|3616,3922|289,614
-|-|3660,3681,3966,3987|338,359,663,684
-|-|3661,3682,3967,3988|339,360,664,685
-|-|3662,3683,3968,3989|340,361,665,686
-|-|3663,3684,3969,3990|341,362,666,687
3664,3685,3970,3991|342,363,667,688|-|-
3665,3686,3971,3992|343,364,668,689|-|-
3666,3687,3972,3993|344,365,669,690|-|-
3667,3688,3973,3994|345,366,670,691|-|-
-|-|346,367,671,692|3660,3681,3966,3987
-|-|347,368,672,693|3661,3682,3967,3988
-|-|348,369,673,694|3662,3683,3968,3989
-|-|349,370,674,695|3663,3684,3969,3990
350,371,675,696|3664,3685,3970,3991|-|-
351,372,676,697|3665,3686,3971,3992|-|-
352,373,677,698|3666,3687,3972,3993|-|-
353,374,678,699|3667,3688,3973,3994|-|-
3710,4016|384,709|-|-
3711,4017|385,710|-|-
3712,4018|386,711|-|-
3713,4019|387,712|-|-
-|-|3710,4016|384,709
-|-|3711,4017|385,710
-|-|3712,4018|386,711
-|-|3713,4019|387,712
393,718|3710,4016|-|-
394,719|3711,4017|-|-
395,720|3712,4018|-|-
396,721|3713,4019|-|-
-|-|393,718|3710,4016
-|-|394,719|3711,4017
-|-|395,720|3712,4018
-|-|396,721|3713,4019
-|-|3727,3744,4033,4050|409,427,734,752
-|-|3728,3745,4034,4051|410,428,735,753
-|-|3729,3746,4035,4052|411,429,736,754
-|-|3730,3747,4036,4053|412,430,737,755
3731,3748,4037,4054|413,431,738,756|-|-
3732,3749,4038,4055|414,432,739,757|-|-
3733,3750,4039,4056|415,433,740,758|-|-
3734,3751,4040,4057|416,434,741,759|-|-
-|-|3734,3751,4040,4057|416,434,741,759
-|-|417,435,742,760|3727,3744,4033,4050
-|-|418,436,743,761|3728,3745,4034,4051
-|-|419,437,744,762|3729,3746,4035,4052
-|-|420,438,745,763|3730,3747,4036,4053
421,439,746,764|3731,3748,4037,4054|-|-
422,440,747,765|3732,3749,4038,4055|-|-
423,441,748,766|3733,3750,4039,4056|-|-
424,442,749,767|3734,3751,4040,4057|-|-
-|-|423,441,748,766|3733,3750,4039,4056
-|-|424,442,749,767|3734,3751,4040,4057
-|-|346,367,671,692|3660,3681,3966,3987
-|-|347,368,672,693|3661,3682,3967,3988
-|-|348,369,673,694|3662,3683,3968,3989
-|-|349,370,674,695|3663,3684,3969,3990
350,371,675,696|3664,3685,3970,3991|-|-
351,372,676,697|3665,3686,3971,3992|-|-
352,373,677,698|3666,3687,3972,3993|-|-
353,374,678,699|3667,3688,3973,3994|-|-
-|-|3669,3690,3975,3996|346,367,671,692
-|-|3670,3691,3976,3997|347,368,672,693
-|-|3671,3692,3977,3998|348,369,673,694
-|-|3672,3693,3978,3999|349,370,674,695
3673,3694,3979,4000|350,371,675,696|-|-
3674,3695,3980,4001|351,372,676,697|-|-
3675,3696,3981,4002|352,373,677,698|-|-
3676,3697,3982,4003|353,374,678,699|-|-
-|-|3676,3697,3982,4003|353,374,678,699
393,718|3710,4016|-|-
394,719|3711,4017|-|-
395,720|3712,4018|-|-
396,721|3713,4019|-|-
-|-|393,718|3710,4016
-|-|394,719|3711,4017
-|-|395,720|3712,4018
-|-|396,721|3713,4019
3716,4022|393,718|-|-
3717,4023|394,719|-|-
3718,4024|395,720|-|-
3719,4025|396,721|-|-
-|-|3716,4022|393,718
-|-|3717,4023|394,719
-|-|3718,4024|395,720
-|-|3719,4025|396,721
3721,4027|400,725|-|-
4075,4099|774,796|-|-
4076,4100|775,797|-|-
4077,4101|776,798|-|-
4078,4102|777,799|-|-
-|-|4075,4099|774,796
-|-|4076,4100|775,797
-|-|4077,4101|776,798
-|-|4078,4102|777,799
784,806|4075,4099|-|-
785,807|4076,4100|-|-
786,808|4077,4101|-|-
787,809|4078,4102|-|-
-|-|784,806|4075,4099
-|-|785,807|4076,4100
-|-|786,808|4077,4101
-|-|787,809|4078,4102
-|-|4116|814
-|-|4117|815
-|-|4118|816
-|-|4119|817
4120|818|-|-
4121|819|-|-
4122|820|-|-
4123|821|-|-
-|-|823|4116
-|-|824|4117
-|-|825|4118
-|-|826|4119
827|4120|-|-
828|4121|-|-
829|4122|-|-
830|4123|-|-
4145,4163|835,855|-|-
4146,4164|836,856|-|-
4147,4165|837,857|-|-
4148,4166|838,858|-|-
-|-|4145,4163|835,855
-|-|4146,4164|836,856
-|-|4147,4165|837,857
-|-|4148,4166|838,858
4150,4168|842,862|-|-
843,863|4145,4163|-|-
844,864|4146,4164|-|-
845,865|4147,4165|-|-
846,866|4148,4166|-|-
-|-|843,863|4145,4163
-|-|844,864|4146,4164
-|-|845,865|4147,4165
-|-|846,866|4148,4166
849,869|4149,4167|-|-
850,870|4150,4168|-|-
784,806|4075,4099|-|-
785,807|4076,4100|-|-
786,808|4077,4101|-|-
787,809|4078,4102|-|-
-|-|784,806|4075,4099
-|-|785,807|4076,4100
-|-|786,808|4077,4101
-|-|787,809|4078,4102
4081,4105|784,806|-|-
4082,4106|785,807|-|-
4083,4107|786,808|-|-
4084,4108|787,809|-|-
-|-|4081,4105|784,806
-|-|4082,4106|785,807
-|-|4083,4107|786,808
-|-|4084,4108|787,809
4085,4109|791,813|-|-
-|-|823|4116
-|-|824|4117
-|-|825|4118
-|-|826|4119
827|4120|-|-
828|4121|-|-
829|4122|-|-
830|4123|-|-
-|-|4125|823
-|-|4126|824
-|-|4127|825
-|-|4128|826
4129|827|-|-
4130|828|-|-
4131|829|-|-
4132|830|-|-
-|-|4132|830
4181,4201|875,895|-|-
4182,4202|876,896|-|-
4183,4203|877,897|-|-
4184,4204|878,898|-|-
-|-|4181,4201|875,895
-|-|4182,4202|876,896
-|-|4183,4203|877,897
-|-|4184,4204|878,898
883,903|4181,4201|-|-
884,904|4182,4202|-|-
885,905|4183,4203|-|-
886,906|4184,4204|-|-
-|-|883,903|4181,4201
-|-|884,904|4182,4202
-|-|885,905|4183,4203
-|-|886,906|4184,4204
-|-|4213|911
-|-|4214|912
-|-|4215|913
-|-|4216|914
4217|915|-|-
4218|916|-|-
4219|917|-|-
4220|918|-|-
-|-|919|4213
-|-|920|4214
-|-|921|4215
-|-|922|4216
923|4217|-|-
924|4218|-|-
925|4219|-|-
926|4220|-|-
4242,4261|931,951|-|-
4243,4262|932,952|-|-
4244,4263|933,953|-|-
4245,4264|934,954|-|-
-|-|4242,4261|931,951
-|-|4243,4262|932,952
-|-|4244,4263|933,953
-|-|4245,4264|934,954
939,959|4242,4261|-|-
940,960|4243,4262|-|-
941,961|4244,4263|-|-
942,962|4245,4264|-|-
-|-|939,959|4242,4261
-|-|940,960|4243,4262
-|-|941,961|4244,4263
-|-|942,962|4245,4264
945,965|4246,4265|-|-
946,966|4247,4266|-|-
883,903|4181,4201|-|-
884,904|4182,4202|-|-
885,905|4183,4203|-|-
886,906|4184,4204|-|-
-|-|883,903|4181,4201
-|-|884,904|4182,4202
-|-|885,905|4183,4203
-|-|886,906|4184,4204
4185,4205|883,903|-|-
4186,4206|884,904|-|-
4187,4207|885,905|-|-
4188,4208|886,906|-|-
-|-|4185,4205|883,903
-|-|4186,4206|884,904
-|-|4187,4207|885,905
-|-|4188,4208|886,906
-|-|919|4213
-|-|920|4214
-|-|921|4215
-|-|922|4216
923|4217|-|-
924|4218|-|-
925|4219|-|-
926|4220|-|-
-|-|4221|919
-|-|4222|920
-|-|4223|921
-|-|4224|922
4225|923|-|-
4226|924|-|-
4227|925|-|-
4228|926|-|-
4279,4302|971,992|-|-
4280,4303|972,993|-|-
4281,4304|973,994|-|-
4282,4305|974,995|-|-
-|-|4279,4302|971,992
-|-|4280,4303|972,993
-|-|4281,4304|973,994
-|-|4282,4305|974,995
980,1001|4279,4302|-|-
981,1002|4280,4303|-|-
982,1003|4281,4304|-|-
983,1004|4282,4305|-|-
-|-|980,1001|4279,4302
-|-|981,1002|4280,4303
-|-|982,1003|4281,4304
-|-|983,1004|4282,4305
-|-|4317|1009
-|-|4318|1010
-|-|4319|1011
-|-|4320|1012
4321|1013|-|-
4322|1014|-|-
4323|1015|-|-
4324|1016|-|-
-|-|1017|4317
-|-|1018|4318
-|-|1019|4319
-|-|1020|4320
1021|4321|-|-
1022|4322|-|-
1023|4323|-|-
1024|4324|-|-
4346,4364|1030,1050|-|-
4347,4365|1031,1051|-|-
4348,4366|1032,1052|-|-
4349,4367|1033,1053|-|-
-|-|4346,4364|1030,1050
-|-|4347,4365|1031,1051
-|-|4348,4366|1032,1052
-|-|4349,4367|1033,1053
4351,4369|1037,1057|-|-
1038,1058|4346,4364|-|-
1039,1059|4347,4365|-|-
1040,1060|4348,4366|-|-
1041,1061|4349,4367|-|-
-|-|1038,1058|4346,4364
-|-|1039,1059|4347,4365
-|-|1040,1060|4348,4366
-|-|1041,1061|4349,4367
1044,1064|4350,4368|-|-
1045,1065|4351,4369|-|-
980,1001|4279,4302|-|-
981,1002|4280,4303|-|-
982,1003|4281,4304|-|-
983,1004|4282,4305|-|-
-|-|980,1001|4279,4302
-|-|981,1002|4280,4303
-|-|982,1003|4281,4304
-|-|983,1004|4282,4305
4285,4308|980,1001|-|-
4286,4309|981,1002|-|-
4287,4310|982,1003|-|-
4288,4311|983,1004|-|-
-|-|4285,4308|980,1001
-|-|4286,4309|981,1002
-|-|4287,4310|982,1003
-|-|4288,4311|983,1004
4289,4312|987,1008|-|-
-|-|1017|4317
-|-|1018|4318
-|-|1019|4319
-|-|1020|4320
1021|4321|-|-
1022|4322|-|-
1023|4323|-|-
1024|4324|-|-
-|-|4326|1017
-|-|4327|1018
-|-|4328|1019
-|-|4329|1020
4330|1021|-|-
4331|1022|-|-
4332|1023|-|-
4333|1024|-|-
-|-|4333|1024
-|-|129,151,454,476|3456,3479,3762,3785
-|-|130,152,455,477|3457,3480,3763,3786
-|-|131,153,456,478|3458,3481,3764,3787
-|-|132,154,457,479|3459,3482,3765,3788
133,155,458,480|3460,3483,3766,3789|-|-
134,156,459,481|3461,3484,3767,3790|-|-
135,157,460,482|3462,3485,3768,3791|-|-
136,158,461,483|3463,3486,3769,3792|-|-
-|-|136,158,461,483|3463,3486,3769,3792
-|-|3465,3488,3771,3794|129,151,454,476
-|-|3466,3489,3772,3795|130,152,455,477
-|-|3467,3490,3773,3796|131,153,456,478
-|-|3468,3491,3774,3797|132,154,457,479
3469,3492,3775,3798|133,155,458,480|-|-
3470,3493,3776,3799|134,156,459,481|-|-
3471,3494,3777,3800|135,157,460,482|-|-
3472,3495,3778,3801|136,158,461,483|-|-
178,503|3509,3815|-|-
179,504|3510,3816|-|-
180,505|3511,3817|-|-
181,506|3512,3818|-|-
-|-|178,503|3509,3815
-|-|179,504|3510,3816
-|-|180,505|3511,3817
-|-|181,506|3512,3818
185,510|3514,3820|-|-
3515,3821|178,503|-|-
3516,3822|179,504|-|-
3517,3823|180,505|-|-
3518,3824|181,506|-|-
-|-|3515,3821|178,503
-|-|3516,3822|179,504
-|-|3517,3823|180,505
-|-|3518,3824|181,506
207,226,532,551|3531,3549,3837,3855|-|-
208,227,533,552|3532,3550,3838,3856|-|-
209,228,534,553|3533,3551,3839,3857|-|-
210,229,535,554|3534,3552,3840,3858|-|-
-|-|207,226,532,551|3531,3549,3837,3855
-|-|208,227,533,552|3532,3550,3838,3856
-|-|209,228,534,553|3533,3551,3839,3857
-|-|210,229,535,554|3534,3552,3840,3858
3535,3553,3841,3859|207,226,532,551|-|-
3536,3554,3842,3860|208,227,533,552|-|-
3537,3555,3843,3861|209,228,534,553|-|-
3538,3556,3844,3862|210,229,535,554|-|-
-|-|3535,3553,3841,3859|207,226,532,551
-|-|3536,3554,3842,3860|208,227,533,552
-|-|3537,3555,3843,3861|209,228,534,553
-|-|3538,3556,3844,3862|210,229,535,554
-|-|3465,3488,3771,3794|129,151,454,476
-|-|3466,3489,3772,3795|130,152,455,477
-|-|3467,3490,3773,3796|131,153,456,478
-|-|3468,3491,3774,3797|132,154,457,479
3469,3492,3775,3798|133,155,458,480|-|-
3470,3493,3776,3799|134,156,459,481|-|-
3471,3494,3777,3800|135,157,460,482|-|-
3472,3495,3778,3801|136,158,461,483|-|-
-|-|3471,3494,3777,3800|135,157,460,482
-|-|3472,3495,3778,3801|136,158,461,483
138,160,463,485|3469,3492,3775,3798|-|-
139,161,464,486|3470,3493,3776,3799|-|-
140,162,465,487|3471,3494,3777,3800|-|-
141,163,466,488|3472,3495,3778,3801|-|-
-|-|140,162,465,487|3471,3494,3777,3800
-|-|141,163,466,488|3472,3495,3778,3801
3515,3821|178,503|-|-
3516,3822|179,504|-|-
3517,3823|180,505|-|-
3518,3824|181,506|-|-
-|-|3515,3821|178,503
-|-|3516,3822|179,504
-|-|3517,3823|180,505
-|-|3518,3824|181,506
3519,3825|184,509|-|-
3520,3826|185,510|-|-
-|-|186,511|3515,3821
-|-|187,512|3516,3822
-|-|188,513|3517,3823
-|-|189,514|3518,3824
192,517|3519,3825|-|-
193,518|3520,3826|-|-
-|-|240,261,565,586|3561,3581,3867,3887
-|-|241,262,566,587|3562,3582,3868,3888
-|-|242,263,567,588|3563,3583,3869,3889
-|-|243,264,568,589|3564,3584,3870,3890
244,265,569,590|3565,3585,3871,3891|-|-
245,266,570,591|3566,3586,3872,3892|-|-
246,267,571,592|3567,3587,3873,3893|-|-
247,268,572,593|3568,3588,3874,3894|-|-
-|-|3569,3589,3875,3895|240,261,565,586
-|-|3570,3590,3876,3896|241,262,566,587
-|-|3571,3591,3877,3897|242,263,567,588
-|-|3572,3592,3878,3898|243,264,568,589
3573,3593,3879,3899|244,265,569,590|-|-
3574,3594,3880,3900|245,266,570,591|-|-
3575,3595,3881,3901|246,267,571,592|-|-
3576,3596,3882,3902|247,268,572,593|-|-
-|-|3576,3596,3882,3902|247,268,572,593
286,611|3609,3915|-|-
287,612|3610,3916|-|-
288,613|3611,3917|-|-
289,614|3612,3918|-|-
-|-|286,611|3609,3915
-|-|287,612|3610,3916
-|-|288,613|3611,3917
-|-|289,614|3612,3918
3613,3919|286,611|-|-
3614,3920|287,612|-|-
3615,3921|288,613|-|-
3616,3922|289,614|-|-
-|-|3613,3919|286,611
-|-|3614,3920|287,612
-|-|3615,3921|288,613
-|-|3616,3922|289,614
3617,3923|293,618|-|-
315,333,640,658|3628,3647,3934,3953|-|-
316,334,641,659|3629,3648,3935,3954|-|-
317,335,642,660|3630,3649,3936,3955|-|-
318,336,643,661|3631,3650,3937,3956|-|-
-|-|315,333,640,658|3628,3647,3934,3953
-|-|316,334,641,659|3629,3648,3935,3954
-|-|317,335,642,660|3630,3649,3936,3955
-|-|318,336,643,661|3631,3650,3937,3956
3633,3652,3939,3958|315,333,640,658|-|-
3634,3653,3940,3959|316,334,641,659|-|-
3635,3654,3941,3960|317,335,642,660|-|-
3636,3655,3942,3961|318,336,643,661|-|-
-|-|3633,3652,3939,3958|315,333,640,658
-|-|3634,3653,3940,3959|316,334,641,659
-|-|3635,3654,3941,3960|317,335,642,660
-|-|3636,3655,3942,3961|318,336,643,661
-|-|3569,3589,3875,3895|240,261,565,586
-|-|3570,3590,3876,3896|241,262,566,587
-|-|3571,3591,3877,3897|242,263,567,588
-|-|3572,3592,3878,3898|243,264,568,589
3573,3593,3879,3899|244,265,569,590|-|-
3574,3594,3880,3900|245,266,570,591|-|-
3575,3595,3881,3901|246,267,571,592|-|-
3576,3596,3882,3902|247,268,572,593|-|-
-|-|3576,3596,3882,3902|247,268,572,593
249,270,574,595|3573,3593,3879,3899|-|-
250,271,575,596|3574,3594,3880,3900|-|-
251,272,576,597|3575,3595,3881,3901|-|-
252,273,577,598|3576,3596,3882,3902|-|-
-|-|252,273,577,598|3576,3596,3882,3902
3613,3919|286,611|-|-
3614,3920|287,612|-|-
3615,3921|288,613|-|-
3616,3922|289,614|-|-
-|-|3613,3919|286,611
-|-|3614,3920|287,612
-|-|3615,3921|288,613
-|-|3616,3922|289,614
3617,3923|293,618|-|-
-|-|294,619|3613,3919
-|-|295,620|3614,3920
-|-|296,621|3615,3921
-|-|297,622|3616,3922
301,626|3617,3923|-|-
-|-|346,367,671,692|3660,3681,3966,3987
-|-|347,368,672,693|3661,3682,3967,3988
-|-|348,369,673,694|3662,3683,3968,3989
-|-|349,370,674,695|3663,3684,3969,3990
350,371,675,696|3664,3685,3970,3991|-|-
351,372,676,697|3665,3686,3971,3992|-|-
352,373,677,698|3666,3687,3972,3993|-|-
353,374,678,699|3667,3688,3973,3994|-|-
-|-|353,374,678,699|3667,3688,3973,3994
-|-|3669,3690,3975,3996|346,367,671,692
-|-|3670,3691,3976,3997|347,368,672,693
-|-|3671,3692,3977,3998|348,369,673,694
-|-|3672,3693,3978,3999|349,370,674,695
3673,3694,3979,4000|350,371,675,696|-|-
3674,3695,3980,4001|351,372,676,697|-|-
3675,3696,3981,4002|352,373,677,698|-|-
3676,3697,3982,4003|353,374,678,699|-|-
393,718|3710,4016|-|-
394,719|3711,4017|-|-
395,720|3712,4018|-|-
396,721|3713,4019|-|-
-|-|393,718|3710,4016
-|-|394,719|3711,4017
-|-|395,720|3712,4018
-|-|396,721|3713,4019
400,725|3715,4021|-|-
3716,4022|393,718|-|-
3717,4023|394,719|-|-
3718,4024|395,720|-|-
3719,4025|396,721|-|-
-|-|3716,4022|393,718
-|-|3717,4023|394,719
-|-|3718,4024|395,720
-|-|3719,4025|396,721
421,439,746,764|3731,3748,4037,4054|-|-
422,440,747,765|3732,3749,4038,4055|-|-
423,441,748,766|3733,3750,4039,4056|-|-
424,442,749,767|3734,3751,4040,4057|-|-
-|-|421,439,746,764|3731,3748,4037,4054
-|-|422,440,747,765|3732,3749,4038,4055
-|-|423,441,748,766|3733,3750,4039,4056
-|-|424,442,749,767|3734,3751,4040,4057
3735,3752,4041,4058|421,439,746,764|-|-
3736,3753,4042,4059|422,440,747,765|-|-
3737,3754,4043,4060|423,441,748,766|-|-
3738,3755,4044,4061|424,442,749,767|-|-
-|-|3735,3752,4041,4058|421,439,746,764
-|-|3736,3753,4042,4059|422,440,747,765
-|-|3737,3754,4043,4060|423,441,748,766
-|-|3738,3755,4044,4061|424,442,749,767
-|-|3669,3690,3975,3996|346,367,671,692
-|-|3670,3691,3976,3997|347,368,672,693
-|-|3671,3692,3977,3998|348,369,673,694
-|-|3672,3693,3978,3999|349,370,674,695
3673,3694,3979,4000|350,371,675,696|-|-
3674,3695,3980,4001|351,372,676,697|-|-
3675,3696,3981,4002|352,373,677,698|-|-
3676,3697,3982,4003|353,374,678,699|-|-
-|-|3675,3696,3981,4002|352,373,677,698
-|-|3676,3697,3982,4003|353,374,678,699
355,376,680,701|3673,3694,3979,4000|-|-
356,377,681,702|3674,3695,3980,4001|-|-
357,378,682,703|3675,3696,3981,4002|-|-
358,379,683,704|3676,3697,3982,4003|-|-
-|-|357,378,682,703|3675,3696,3981,4002
-|-|358,379,683,704|3676,3697,3982,4003
3716,4022|393,718|-|-
3717,4023|394,719|-|-
3718,4024|395,720|-|-
3719,4025|396,721|-|-
-|-|3716,4022|393,718
-|-|3717,4023|394,719
-|-|3718,4024|395,720
-|-|3719,4025|396,721
3720,4026|399,724|-|-
3721,4027|400,725|-|-
-|-|401,726|3716,4022
-|-|402,727|3717,4023
-|-|403,728|3718,4024
-|-|404,729|3719,4025
407,732|3720,4026|-|-
408,733|3721,4027|-|-
-|-|4374,4395,4666,4687|1066,1087,1377,1398
-|-|4375,4396,4667,4688|1067,1088,1378,1399
-|-|4376,4397,4668,4689|1068,1089,1379,1400
-|-|4377,4398,4669,4690|1069,1090,1380,1401
4378,4399,4670,4691|1070,1091,1381,1402|-|-
4379,4400,4671,4692|1071,1092,1382,1403|-|-
4380,4401,4672,4693|1072,1093,1383,1404|-|-
4381,4402,4673,4694|1073,1094,1384,1405|-|-
-|-|1074,1095,1385,1406|4374,4395,4666,4687
-|-|1075,1096,1386,1407|4375,4396,4667,4688
-|-|1076,1097,1387,1408|4376,4397,4668,4689
-|-|1077,1098,1388,1409|4377,4398,4669,4690
1078,1099,1389,1410|4378,4399,4670,4691|-|-
1079,1100,1390,1411|4379,4400,4671,4692|-|-
1080,1101,1391,1412|4380,4401,4672,4693|-|-
1081,1102,1392,1413|4381,4402,4673,4694|-|-
4424,4716|1112,1423|-|-
4425,4717|1113,1424|-|-
4426,4718|1114,1425|-|-
4427,4719|1115,1426|-|-
-|-|4424,4716|1112,1423
-|-|4425,4717|1113,1424
-|-|4426,4718|1114,1425
-|-|4427,4719|1115,1426
1121,1432|4424,4716|-|-
1122,1433|4425,4717|-|-
1123,1434|4426,4718|-|-
1124,1435|4427,4719|-|-
-|-|1121,1432|4424,4716
-|-|1122,1433|4425,4717
-|-|1123,1434|4426,4718
-|-|1124,1435|4427,4719
-|-|4441,4458,4733,4750|1137,1154,1448,1465
-|-|4442,4459,4734,4751|1138,1155,1449,1466
-|-|4443,4460,4735,4752|1139,1156,1450,1467
-|-|4444,4461,4736,4753|1140,1157,1451,1468
4445,4462,4737,4754|1141,1158,1452,1469|-|-
4446,4463,4738,4755|1142,1159,1453,1470|-|-
4447,4464,4739,4756|1143,1160,1454,1471|-|-
4448,4465,4740,4757|1144,1161,1455,1472|-|-
-|-|4448,4465,4740,4757|1144,1161,1455,1472
-|-|1145,1162,1456,1473|4441,4458,4733,4750
-|-|1146,1163,1457,1474|4442,4459,4734,4751
-|-|1147,1164,1458,1475|4443,4460,4735,4752
-|-|1148,1165,1459,1476|4444,4461,4736,4753
1149,1166,1460,1477|4445,4462,4737,4754|-|-
1150,1167,1461,1478|4446,4463,4738,4755|-|-
1151,1168,1462,1479|4447,4464,4739,4756|-|-
1152,1169,1463,1480|4448,4465,4740,4757|-|-
-|-|1152,1169,1463,1480|4448,4465,4740,4757
-|-|1074,1095,1385,1406|4374,4395,4666,4687
-|-|1075,1096,1386,1407|4375,4396,4667,4688
-|-|1076,1097,1387,1408|4376,4397,4668,4689
-|-|1077,1098,1388,1409|4377,4398,4669,4690
1078,1099,1389,1410|4378,4399,4670,4691|-|-
1079,1100,1390,1411|4379,4400,4671,4692|-|-
1080,1101,1391,1412|4380,4401,4672,4693|-|-
1081,1102,1392,1413|4381,4402,4673,4694|-|-
-|-|4383,4404,4675,4696|1074,1095,1385,1406
-|-|4384,4405,4676,4697|1075,1096,1386,1407
-|-|4385,4406,4677,4698|1076,1097,1387,1408
-|-|4386,4407,4678,4699|1077,1098,1388,1409
4387,4408,4679,4700|1078,1099,1389,1410|-|-
4388,4409,4680,4701|1079,1100,1390,1411|-|-
4389,4410,4681,4702|1080,1101,1391,1412|-|-
4390,4411,4682,4703|1081,1102,1392,1413|-|-
1121,1432|4424,4716|-|-
1122,1433|4425,4717|-|-
1123,1434|4426,4718|-|-
1124,1435|4427,4719|-|-
-|-|1121,1432|4424,4716
-|-|1122,1433|4425,4717
-|-|1123,1434|4426,4718
-|-|1124,1435|4427,4719
4430,4722|1121,1432|-|-
4431,4723|1122,1433|-|-
4432,4724|1123,1434|-|-
4433,4725|1124,1435|-|-
-|-|4430,4722|1121,1432
-|-|4431,4723|1122,1433
-|-|4432,4724|1123,1434
-|-|4433,4725|1124,1435
-|-|4474,4494,4766,4786|1171,1191,1482,1502
-|-|4475,4495,4767,4787|1172,1192,1483,1503
-|-|4476,4496,4768,4788|1173,1193,1484,1504
-|-|4477,4497,4769,4789|1174,1194,1485,1505
4478,4498,4770,4790|1175,1195,1486,1506|-|-
4479,4499,4771,4791|1176,1196,1487,1507|-|-
4480,4500,4772,4792|1177,1197,1488,1508|-|-
4481,4501,4773,4793|1178,1198,1489,1509|-|-
-|-|1179,1199,1490,1510|4474,4494,4766,4786
-|-|1180,1200,1491,1511|4475,4495,4767,4787
-|-|1181,1201,1492,1512|4476,4496,4768,4788
-|-|1182,1202,1493,1513|4477,4497,4769,4789
1183,1203,1494,1514|4478,4498,4770,4790|-|-
1184,1204,1495,1515|4479,4499,4771,4791|-|-
1185,1205,1496,1516|4480,4500,4772,4792|-|-
1186,1206,1497,1517|4481,4501,4773,4793|-|-
4522,4814|1215,1526|-|-
4523,4815|1216,1527|-|-
4524,4816|1217,1528|-|-
4525,4817|1218,1529|-|-
-|-|4522,4814|1215,1526
-|-|4523,4815|1216,1527
-|-|4524,4816|1217,1528
-|-|4525,4817|1218,1529
1223,1534|4522,4814|-|-
1224,1535|4523,4815|-|-
1225,1536|4524,4816|-|-
1226,1537|4525,4817|-|-
-|-|1223,1534|4522,4814
-|-|1224,1535|4523,4815
-|-|1225,1536|4524,4816
-|-|1226,1537|4525,4817
-|-|4535,4552,4827,4844|1239,1256,1550,1567
-|-|4536,4553,4828,4845|1240,1257,1551,1568
-|-|4537,4554,4829,4846|1241,1258,1552,1569
-|-|4538,4555,4830,4847|1242,1259,1553,1570
4539,4556,4831,4848|1243,1260,1554,1571|-|-
4540,4557,4832,4849|1244,1261,1555,1572|-|-
4541,4558,4833,4850|1245,1262,1556,1573|-|-
4542,4559,4834,4851|1246,1263,1557,1574|-|-
-|-|1247,1264,1558,1575|4535,4552,4827,4844
-|-|1248,1265,1559,1576|4536,4553,4828,4845
-|-|1249,1266,1560,1577|4537,4554,4829,4846
-|-|1250,1267,1561,1578|4538,4555,4830,4847
1251,1268,1562,1579|4539,4556,4831,4848|-|-
1252,1269,1563,1580|4540,4557,4832,4849|-|-
1253,1270,1564,1581|4541,4558,4833,4850|-|-
1254,1271,1565,1582|4542,4559,4834,4851|-|-
-|-|1254,1271,1565,1582|4542,4559,4834,4851
-|-|1179,1199,1490,1510|4474,4494,4766,4786
-|-|1180,1200,1491,1511|4475,4495,4767,4787
-|-|1181,1201,1492,1512|4476,4496,4768,4788
-|-|1182,1202,1493,1513|4477,4497,4769,4789
1183,1203,1494,1514|4478,4498,4770,4790|-|-
1184,1204,1495,1515|4479,4499,4771,4791|-|-
1185,1205,1496,1516|4480,4500,4772,4792|-|-
1186,1206,1497,1517|4481,4501,4773,4793|-|-
-|-|4482,4502,4774,4794|1179,1199,1490,1510
-|-|4483,4503,4775,4795|1180,1200,1491,1511
-|-|4484,4504,4776,4796|1181,1201,1492,1512
-|-|4485,4505,4777,4797|1182,1202,1493,1513
4486,4506,4778,4798|1183,1203,1494,1514|-|-
4487,4507,4779,4799|1184,1204,1495,1515|-|-
4488,4508,4780,4800|1185,1205,1496,1516|-|-
4489,4509,4781,4801|1186,1206,1497,1517|-|-
1223,1534|4522,4814|-|-
1224,1535|4523,4815|-|-
1225,1536|4524,4816|-|-
1226,1537|4525,4817|-|-
-|-|1223,1534|4522,4814
-|-|1224,1535|4523,4815
-|-|1225,1536|4524,4816
-|-|1226,1537|4525,4817
4526,4818|1223,1534|-|-
4527,4819|1224,1535|-|-
4528,4820|1225,1536|-|-
4529,4821|1226,1537|-|-
-|-|4526,4818|1223,1534
-|-|4527,4819|1224,1535
-|-|4528,4820|1225,1536
-|-|4529,4821|1226,1537
-|-|4569,4590,4861,4882|1273,1294,1584,1605
-|-|4570,4591,4862,4883|1274,1295,1585,1606
-|-|4571,4592,4863,4884|1275,1296,1586,1607
-|-|4572,4593,4864,4885|1276,1297,1587,1608
4573,4594,4865,4886|1277,1298,1588,1609|-|-
4574,4595,4866,4887|1278,1299,1589,1610|-|-
4575,4596,4867,4888|1279,1300,1590,1611|-|-
4576,4597,4868,4889|1280,1301,1591,1612|-|-
-|-|1281,1302,1592,1613|4569,4590,4861,4882
-|-|1282,1303,1593,1614|4570,4591,4862,4883
-|-|1283,1304,1594,1615|4571,4592,4863,4884
-|-|1284,1305,1595,1616|4572,4593,4864,4885
1285,1306,1596,1617|4573,4594,4865,4886|-|-
1286,1307,1597,1618|4574,4595,4866,4887|-|-
1287,1308,1598,1619|4575,4596,4867,4888|-|-
1288,1309,1599,1620|4576,4597,4868,4889|-|-
4619,4911|1319,1630|-|-
4620,4912|1320,1631|-|-
4621,4913|1321,1632|-|-
4622,4914|1322,1633|-|-
-|-|4619,4911|1319,1630
-|-|4620,4912|1320,1631
-|-|4621,4913|1321,1632
-|-|4622,4914|1322,1633
1327,1638|4619,4911|-|-
1328,1639|4620,4912|-|-
1329,1640|4621,4913|-|-
1330,1641|4622,4914|-|-
-|-|1327,1638|4619,4911
-|-|1328,1639|4620,4912
-|-|1329,1640|4621,4913
-|-|1330,1641|4622,4914
-|-|4634,4650,4926,4942|1343,1360,1654,1671
-|-|4635,4651,4927,4943|1344,1361,1655,1672
-|-|4636,4652,4928,4944|1345,1362,1656,1673
-|-|4637,4653,4929,4945|1346,1363,1657,1674
4638,4654,4930,4946|1347,1364,1658,1675|-|-
4639,4655,4931,4947|1348,1365,1659,1676|-|-
4640,4656,4932,4948|1349,1366,1660,1677|-|-
4641,4657,4933,4949|1350,1367,1661,1678|-|-
-|-|1351,1368,1662,1679|4634,4650,4926,4942
-|-|1352,1369,1663,1680|4635,4651,4927,4943
-|-|1353,1370,1664,1681|4636,4652,4928,4944
-|-|1354,1371,1665,1682|4637,4653,4929,4945
1355,1372,1666,1683|4638,4654,4930,4946|-|-
1356,1373,1667,1684|4639,4655,4931,4947|-|-
1357,1374,1668,1685|4640,4656,4932,4948|-|-
1358,1375,1669,1686|4641,4657,4933,4949|-|-
-|-|1358,1375,1669,1686|4641,4657,4933,4949
-|-|1281,1302,1592,1613|4569,4590,4861,4882
-|-|1282,1303,1593,1614|4570,4591,4862,4883
-|-|1283,1304,1594,1615|4571,4592,4863,4884
-|-|1284,1305,1595,1616|4572,4593,4864,4885
1285,1306,1596,1617|4573,4594,4865,4886|-|-
1286,1307,1597,1618|4574,4595,4866,4887|-|-
1287,1308,1598,1619|4575,4596,4867,4888|-|-
1288,1309,1599,1620|4576,4597,4868,4889|-|-
-|-|4577,4598,4869,4890|1281,1302,1592,1613
-|-|4578,4599,4870,4891|1282,1303,1593,1614
-|-|4579,4600,4871,4892|1283,1304,1594,1615
-|-|4580,4601,4872,4893|1284,1305,1595,1616
4581,4602,4873,4894|1285,1306,1596,1617|-|-
4582,4603,4874,4895|1286,1307,1597,1618|-|-
4583,4604,4875,4896|1287,1308,1598,1619|-|-
4584,4605,4876,4897|1288,1309,1599,1620|-|-
1327,1638|4619,4911|-|-
1328,1639|4620,4912|-|-
1329,1640|4621,4913|-|-
1330,1641|4622,4914|-|-
-|-|1327,1638|4619,4911
-|-|1328,1639|4620,4912
-|-|1329,1640|4621,4913
-|-|1330,1641|4622,4914
4624,4916|1327,1638|-|-
4625,4917|1328,1639|-|-
4626,4918|1329,1640|-|-
4627,4919|1330,1641|-|-
-|-|4624,4916|1327,1638
-|-|4625,4917|1328,1639
-|-|4626,4918|1329,1640
-|-|4627,4919|1330,1641
4966,4986|1692,1713|-|-
4967,4987|1693,1714|-|-
4968,4988|1694,1715|-|-
4969,4989|1695,1716|-|-
-|-|4966,4986|1692,1713
-|-|4967,4987|1693,1714
-|-|4968,4988|1694,1715
-|-|4969,4989|1695,1716
1701,1722|4966,4986|-|-
1702,1723|4967,4987|-|-
1703,1724|4968,4988|-|-
1704,1725|4969,4989|-|-
-|-|1701,1722|4966,4986
-|-|1702,1723|4967,4987
-|-|1703,1724|4968,4988
-|-|1704,1725|4969,4989
-|-|4998|1730
-|-|4999|1731
-|-|5000|1732
-|-|5001|1733
5002|1734|-|-
5003|1735|-|-
5004|1736|-|-
5005|1737|-|-
-|-|1738|4998
-|-|1739|4999
-|-|1740|5000
-|-|1741|5001
1742|5002|-|-
1743|5003|-|-
1744|5004|-|-
1745|5005|-|-
5026,5043|1750,1770|-|-
5027,5044|1751,1771|-|-
5028,5045|1752,1772|-|-
5029,5046|1753,1773|-|-
-|-|5026,5043|1750,1770
-|-|5027,5044|1751,1771
-|-|5028,5045|1752,1772
-|-|5029,5046|1753,1773
5030,5047|1757,1777|-|-
1758,1778|5026,5043|-|-
1759,1779|5027,5044|-|-
1760,1780|5028,5045|-|-
1761,1781|5029,5046|-|-
-|-|1758,1778|5026,5043
-|-|1759,1779|5027,5044
-|-|1760,1780|5028,5045
-|-|1761,1781|5029,5046
1765,1785|5030,5047|-|-
1701,1722|4966,4986|-|-
1702,1723|4967,4987|-|-
1703,1724|4968,4988|-|-
1704,1725|4969,4989|-|-
-|-|1701,1722|4966,4986
-|-|1702,1723|4967,4987
-|-|1703,1724|4968,4988
-|-|1704,1725|4969,4989
4970,4990|1701,1722|-|-
4971,4991|1702,1723|-|-
4972,4992|1703,1724|-|-
4973,4993|1704,1725|-|-
-|-|4970,4990|1701,1722
-|-|4971,4991|1702,1723
-|-|4972,4992|1703,1724
-|-|4973,4993|1704,1725
-|-|1738|4998
-|-|1739|4999
-|-|1740|5000
-|-|1741|5001
1742|5002|-|-
1743|5003|-|-
1744|5004|-|-
1745|5005|-|-
-|-|5006|1738
-|-|5007|1739
-|-|5008|1740
-|-|5009|1741
5010|1742|-|-
5011|1743|-|-
5012|1744|-|-
5013|1745|-|-
5060,5080|1790,1810|-|-
5061,5081|1791,1811|-|-
5062,5082|1792,1812|-|-
5063,5083|1793,1813|-|-
-|-|5060,5080|1790,1810
-|-|5061,5081|1791,1811
-|-|5062,5082|1792,1812
-|-|5063,5083|1793,1813
1798,1818|5060,5080|-|-
1799,1819|5061,5081|-|-
1800,1820|5062,5082|-|-
1801,1821|5063,5083|-|-
-|-|1798,1818|5060,5080
-|-|1799,1819|5061,5081
-|-|1800,1820|5062,5082
-|-|1801,1821|5063,5083
-|-|5092|1826
-|-|5093|1827
-|-|5094|1828
-|-|5095|1829
5096|1830|-|-
5097|1831|-|-
5098|1832|-|-
5099|1833|-|-
-|-|1834|5092
-|-|1835|5093
-|-|1836|5094
-|-|1837|5095
1838|5096|-|-
1839|5097|-|-
1840|5098|-|-
1841|5099|-|-
5120,5137|1846,1866|-|-
5121,5138|1847,1867|-|-
5122,5139|1848,1868|-|-
5123,5140|1849,1869|-|-
-|-|5120,5137|1846,1866
-|-|5121,5138|1847,1867
-|-|5122,5139|1848,1868
-|-|5123,5140|1849,1869
1854,1874|5120,5137|-|-
1855,1875|5121,5138|-|-
1856,1876|5122,5139|-|-
1857,1877|5123,5140|-|-
-|-|1854,1874|5120,5137
-|-|1855,1875|5121,5138
-|-|1856,1876|5122,5139
-|-|1857,1877|5123,5140
1861,1881|5124,5141|-|-
1798,1818|5060,5080|-|-
1799,1819|5061,5081|-|-
1800,1820|5062,5082|-|-
1801,1821|5063,5083|-|-
-|-|1798,1818|5060,5080
-|-|1799,1819|5061,5081
-|-|1800,1820|5062,5082
-|-|1801,1821|5063,5083
5064,5084|1798,1818|-|-
5065,5085|1799,1819|-|-
5066,5086|1800,1820|-|-
5067,5087|1801,1821|-|-
-|-|5064,5084|1798,1818
-|-|5065,5085|1799,1819
-|-|5066,5086|1800,1820
-|-|5067,5087|1801,1821
-|-|1834|5092
-|-|1835|5093
-|-|1836|5094
-|-|1837|5095
1838|5096|-|-
1839|5097|-|-
1840|5098|-|-
1841|5099|-|-
-|-|5100|1834
-|-|5101|1835
-|-|5102|1836
-|-|5103|1837
5104|1838|-|-
5105|1839|-|-
5106|1840|-|-
5107|1841|-|-
5154,5174|1886,1906|-|-
5155,5175|1887,1907|-|-
5156,5176|1888,1908|-|-
5157,5177|1889,1909|-|-
-|-|5154,5174|1886,1906
-|-|5155,5175|1887,1907
-|-|5156,5176|1888,1908
-|-|5157,5177|1889,1909
1894,1914|5154,5174|-|-
1895,1915|5155,5175|-|-
1896,1916|5156,5176|-|-
1897,1917|5157,5177|-|-
-|-|1894,1914|5154,5174
-|-|1895,1915|5155,5175
-|-|1896,1916|5156,5176
-|-|1897,1917|5157,5177
-|-|5186|1922
-|-|5187|1923
-|-|5188|1924
-|-|5189|1925
5190|1926|-|-
5191|1927|-|-
5192|1928|-|-
5193|1929|-|-
-|-|1930|5186
-|-|1931|5187
-|-|1932|5188
-|-|1933|5189
1934|5190|-|-
1935|5191|-|-
1936|5192|-|-
1937|5193|-|-
5214,5231|1942,1962|-|-
5215,5232|1943,1963|-|-
5216,5233|1944,1964|-|-
5217,5234|1945,1965|-|-
-|-|5214,5231|1942,1962
-|-|5215,5232|1943,1963
-|-|5216,5233|1944,1964
-|-|5217,5234|1945,1965
1950,1970|5214,5231|-|-
1951,1971|5215,5232|-|-
1952,1972|5216,5233|-|-
1953,1973|5217,5234|-|-
-|-|1950,1970|5214,5231
-|-|1951,1971|5215,5232
-|-|1952,1972|5216,5233
-|-|1953,1973|5217,5234
1957,1977|5218,5235|-|-
1894,1914|5154,5174|-|-
1895,1915|5155,5175|-|-
1896,1916|5156,5176|-|-
1897,1917|5157,5177|-|-
-|-|1894,1914|5154,5174
-|-|1895,1915|5155,5175
-|-|1896,1916|5156,5176
-|-|1897,1917|5157,5177
5158,5178|1894,1914|-|-
5159,5179|1895,1915|-|-
5160,5180|1896,1916|-|-
5161,5181|1897,1917|-|-
-|-|5158,5178|1894,1914
-|-|5159,5179|1895,1915
-|-|5160,5180|1896,1916
-|-|5161,5181|1897,1917
-|-|1930|5186
-|-|1931|5187
-|-|1932|5188
-|-|1933|5189
1934|5190|-|-
1935|5191|-|-
1936|5192|-|-
1937|5193|-|-
-|-|5194|1930
-|-|5195|1931
-|-|5196|1932
-|-|5197|1933
5198|1934|-|-
5199|1935|-|-
5200|1936|-|-
5201|1937|-|-
-|-|1074,1095,1385,1406|4374,4395,4666,4687
-|-|1075,1096,1386,1407|4375,4396,4667,4688
-|-|1076,1097,1387,1408|4376,4397,4668,4689
-|-|1077,1098,1388,1409|4377,4398,4669,4690
1078,1099,1389,1410|4378,4399,4670,4691|-|-
1079,1100,1390,1411|4379,4400,4671,4692|-|-
1080,1101,1391,1412|4380,4401,4672,4693|-|-
1081,1102,1392,1413|4381,4402,4673,4694|-|-
-|-|1081,1102,1392,1413|4381,4402,4673,4694
-|-|4383,4404,4675,4696|1074,1095,1385,1406
-|-|4384,4405,4676,4697|1075,1096,1386,1407
-|-|4385,4406,4677,4698|1076,1097,1387,1408
-|-|4386,4407,4678,4699|1077,1098,1388,1409
4387,4408,4679,4700|1078,1099,1389,1410|-|-
4388,4409,4680,4701|1079,1100,1390,1411|-|-
4389,4410,4681,4702|1080,1101,1391,1412|-|-
4390,4411,4682,4703|1081,1102,1392,1413|-|-
1121,1432|4424,4716|-|-
1122,1433|4425,4717|-|-
1123,1434|4426,4718|-|-
1124,1435|4427,4719|-|-
-|-|1121,1432|4424,4716
-|-|1122,1433|4425,4717
-|-|1123,1434|4426,4718
-|-|1124,1435|4427,4719
1128,1439|4429,4721|-|-
4430,4722|1121,1432|-|-
4431,4723|1122,1433|-|-
4432,4724|1123,1434|-|-
4433,4725|1124,1435|-|-
-|-|4430,4722|1121,1432
-|-|4431,4723|1122,1433
-|-|4432,4724|1123,1434
-|-|4433,4725|1124,1435
1149,1166,1460,1477|4445,4462,4737,4754|-|-
1150,1167,1461,1478|4446,4463,4738,4755|-|-
1151,1168,1462,1479|4447,4464,4739,4756|-|-
1152,1169,1463,1480|4448,4465,4740,4757|-|-
-|-|1149,1166,1460,1477|4445,4462,4737,4754
-|-|1150,1167,1461,1478|4446,4463,4738,4755
-|-|1151,1168,1462,1479|4447,4464,4739,4756
-|-|1152,1169,1463,1480|4448,4465,4740,4757
4449,4466,4741,4758|1149,1166,1460,1477|-|-
4450,4467,4742,4759|1150,1167,1461,1478|-|-
4451,4468,4743,4760|1151,1168,1462,1479|-|-
4452,4469,4744,4761|1152,1169,1463,1480|-|-
-|-|4449,4466,4741,4758|1149,1166,1460,1477
-|-|4450,4467,4742,4759|1150,1167,1461,1478
-|-|4451,4468,4743,4760|1151,1168,1462,1479
-|-|4452,4469,4744,4761|1152,1169,1463,1480
-|-|4383,4404,4675,4696|1074,1095,1385,1406
-|-|4384,4405,4676,4697|1075,1096,1386,1407
-|-|4385,4406,4677,4698|1076,1097,1387,1408
-|-|4386,4407,4678,4699|1077,1098,1388,1409
4387,4408,4679,4700|1078,1099,1389,1410|-|-
4388,4409,4680,4701|1079,1100,1390,1411|-|-
4389,4410,4681,4702|1080,1101,1391,1412|-|-
4390,4411,4682,4703|1081,1102,1392,1413|-|-
-|-|4389,4410,4681,4702|1080,1101,1391,1412
-|-|4390,4411,4682,4703|1081,1102,1392,1413
1083,1104,1394,1415|4387,4408,4679,4700|-|-
1084,1105,1395,1416|4388,4409,4680,4701|-|-
1085,1106,1396,1417|4389,4410,4681,4702|-|-
1086,1107,1397,1418|4390,4411,4682,4703|-|-
-|-|1085,1106,1396,1417|4389,4410,4681,4702
-|-|1086,1107,1397,1418|4390,4411,4682,4703
4430,4722|1121,1432|-|-
4431,4723|1122,1433|-|-
4432,4724|1123,1434|-|-
4433,4725|1124,1435|-|-
-|-|4430,4722|1121,1432
-|-|4431,4723|1122,1433
-|-|4432,4724|1123,1434
-|-|4433,4725|1124,1435
4434,4726|1127,1438|-|-
4435,4727|1128,1439|-|-
-|-|1129,1440|4430,4722
-|-|1130,1441|4431,4723
-|-|1131,1442|4432,4724
-|-|1132,1443|4433,4725
1135,1446|4434,4726|-|-
1136,1447|4435,4727|-|-
-|-|1179,1199,1490,1510|4474,4494,4766,4786
-|-|1180,1200,1491,1511|4475,4495,4767,4787
-|-|1181,1201,1492,1512|4476,4496,4768,4788
-|-|1182,1202,1493,1513|4477,4497,4769,4789
1183,1203,1494,1514|4478,4498,4770,4790|-|-
1184,1204,1495,1515|4479,4499,4771,4791|-|-
1185,1205,1496,1516|4480,4500,4772,4792|-|-
1186,1206,1497,1517|4481,4501,4773,4793|-|-
-|-|4482,4502,4774,4794|1179,1199,1490,1510
-|-|4483,4503,4775,4795|1180,1200,1491,1511
-|-|4484,4504,4776,4796|1181,1201,1492,1512
-|-|4485,4505,4777,4797|1182,1202,1493,1513
4486,4506,4778,4798|1183,1203,1494,1514|-|-
4487,4507,4779,4799|1184,1204,1495,1515|-|-
4488,4508,4780,4800|1185,1205,1496,1516|-|-
4489,4509,4781,4801|1186,1206,1497,1517|-|-
-|-|4489,4509,4781,4801|1186,1206,1497,1517
1223,1534|4522,4814|-|-
1224,1535|4523,4815|-|-
1225,1536|4524,4816|-|-
1226,1537|4525,4817|-|-
-|-|1223,1534|4522,4814
-|-|1224,1535|4523,4815
-|-|1225,1536|4524,4816
-|-|1226,1537|4525,4817
4526,4818|1223,1534|-|-
4527,4819|1224,1535|-|-
4528,4820|1225,1536|-|-
4529,4821|1226,1537|-|-
-|-|4526,4818|1223,1534
-|-|4527,4819|1224,1535
-|-|4528,4820|1225,1536
-|-|4529,4821|1226,1537
4530,4822|1230,1541|-|-
1251,1268,1562,1579|4539,4556,4831,4848|-|-
1252,1269,1563,1580|4540,4557,4832,4849|-|-
1253,1270,1564,1581|4541,4558,4833,4850|-|-
1254,1271,1565,1582|4542,4559,4834,4851|-|-
-|-|1251,1268,1562,1579|4539,4556,4831,4848
-|-|1252,1269,1563,1580|4540,4557,4832,4849
-|-|1253,1270,1564,1581|4541,4558,4833,4850
-|-|1254,1271,1565,1582|4542,4559,4834,4851
4544,4561,4836,4853|1251,1268,1562,1579|-|-
4545,4562,4837,4854|1252,1269,1563,1580|-|-
4546,4563,4838,4855|1253,1270,1564,1581|-|-
4547,4564,4839,4856|1254,1271,1565,1582|-|-
-|-|4544,4561,4836,4853|1251,1268,1562,1579
-|-|4545,4562,4837,4854|1252,1269,1563,1580
-|-|4546,4563,4838,4855|1253,1270,1564,1581
-|-|4547,4564,4839,4856|1254,1271,1565,1582
-|-|4482,4502,4774,4794|1179,1199,1490,1510
-|-|4483,4503,4775,4795|1180,1200,1491,1511
-|-|4484,4504,4776,4796|1181,1201,1492,1512
-|-|4485,4505,4777,4797|1182,1202,1493,1513
4486,4506,4778,4798|1183,1203,1494,1514|-|-
4487,4507,4779,4799|1184,1204,1495,1515|-|-
4488,4508,4780,4800|1185,1205,1496,1516|-|-
4489,4509,4781,4801|1186,1206,1497,1517|-|-
1187,1207,1498,1518|4486,4506,4778,4798|-|-
1188,1208,1499,1519|4487,4507,4779,4799|-|-
1189,1209,1500,1520|4488,4508,4780,4800|-|-
1190,1210,1501,1521|4489,4509,4781,4801|-|-
-|-|1190,1210,1501,1521|4489,4509,4781,4801
4526,4818|1223,1534|-|-
4527,4819|1224,1535|-|-
4528,4820|1225,1536|-|-
4529,4821|1226,1537|-|-
-|-|4526,4818|1223,1534
-|-|4527,4819|1224,1535
-|-|4528,4820|1225,1536
-|-|4529,4821|1226,1537
-|-|1231,1542|4526,4818
-|-|1232,1543|4527,4819
-|-|1233,1544|4528,4820
-|-|1234,1545|4529,4821
1238,1549|4530,4822|-|-
-|-|1281,1302,1592,1613|4569,4590,4861,4882
-|-|1282,1303,1593,1614|4570,4591,4862,4883
-|-|1283,1304,1594,1615|4571,4592,4863,4884
-|-|1284,1305,1595,1616|4572,4593,4864,4885
1285,1306,1596,1617|4573,4594,4865,4886|-|-
1286,1307,1597,1618|4574,4595,4866,4887|-|-
1287,1308,1598,1619|4575,4596,4867,4888|-|-
1288,1309,1599,1620|4576,4597,4868,4889|-|-
-|-|4577,4598,4869,4890|1281,1302,1592,1613
-|-|4578,4599,4870,4891|1282,1303,1593,1614
-|-|4579,4600,4871,4892|1283,1304,1594,1615
-|-|4580,4601,4872,4893|1284,1305,1595,1616
4581,4602,4873,4894|1285,1306,1596,1617|-|-
4582,4603,4874,4895|1286,1307,1597,1618|-|-
4583,4604,4875,4896|1287,1308,1598,1619|-|-
4584,4605,4876,4897|1288,1309,1599,1620|-|-
-|-|4584,4605,4876,4897|1288,1309,1599,1620
1327,1638|4619,4911|-|-
1328,1639|4620,4912|-|-
1329,1640|4621,4913|-|-
1330,1641|4622,4914|-|-
-|-|1327,1638|4619,4911
-|-|1328,1639|4620,4912
-|-|1329,1640|4621,4913
-|-|1330,1641|4622,4914
4624,4916|1327,1638|-|-
4625,4917|1328,1639|-|-
4626,4918|1329,1640|-|-
4627,4919|1330,1641|-|-
-|-|4624,4916|1327,1638
-|-|4625,4917|1328,1639
-|-|4626,4918|1329,1640
-|-|4627,4919|1330,1641
4629,4921|1334,1645|-|-
1355,1372,1666,1683|4638,4654,4930,4946|-|-
1356,1373,1667,1684|4639,4655,4931,4947|-|-
1357,1374,1668,1685|4640,4656,4932,4948|-|-
1358,1375,1669,1686|4641,4657,4933,4949|-|-
-|-|1355,1372,1666,1683|4638,4654,4930,4946
-|-|1356,1373,1667,1684|4639,4655,4931,4947
-|-|1357,1374,1668,1685|4640,4656,4932,4948
-|-|1358,1375,1669,1686|4641,4657,4933,4949
4642,4658,4934,4950|1355,1372,1666,1683|-|-
4643,4659,4935,4951|1356,1373,1667,1684|-|-
4644,4660,4936,4952|1357,1374,1668,1685|-|-
4645,4661,4937,4953|1358,1375,1669,1686|-|-
-|-|4642,4658,4934,4950|1355,1372,1666,1683
-|-|4643,4659,4935,4951|1356,1373,1667,1684
-|-|4644,4660,4936,4952|1357,1374,1668,1685
-|-|4645,4661,4937,4953|1358,1375,1669,1686
-|-|4577,4598,4869,4890|1281,1302,1592,1613
-|-|4578,4599,4870,4891|1282,1303,1593,1614
-|-|4579,4600,4871,4892|1283,1304,1594,1615
-|-|4580,4601,4872,4893|1284,1305,1595,1616
4581,4602,4873,4894|1285,1306,1596,1617|-|-
4582,4603,4874,4895|1286,1307,1597,1618|-|-
4583,4604,4875,4896|1287,1308,1598,1619|-|-
4584,4605,4876,4897|1288,1309,1599,1620|-|-
-|-|4584,4605,4876,4897|1288,1309,1599,1620
1290,1311,1601,1622|4581,4602,4873,4894|-|-
1291,1312,1602,1623|4582,4603,4874,4895|-|-
1292,1313,1603,1624|4583,4604,4875,4896|-|-
1293,1314,1604,1625|4584,4605,4876,4897|-|-
-|-|1292,1313,1603,1624|4583,4604,4875,4896
-|-|1293,1314,1604,1625|4584,4605,4876,4897
4624,4916|1327,1638|-|-
4625,4917|1328,1639|-|-
4626,4918|1329,1640|-|-
4627,4919|1330,1641|-|-
-|-|4624,4916|1327,1638
-|-|4625,4917|1328,1639
-|-|4626,4918|1329,1640
-|-|4627,4919|1330,1641
4629,4921|1334,1645|-|-
-|-|1335,1646|4624,4916
-|-|1336,1647|4625,4917
-|-|1337,1648|4626,4918
-|-|1338,1649|4627,4919
1341,1652|4628,4920|-|-
1342,1653|4629,4921|-|-
-|-|120,142,445,467,1978,1994,2230,2246|-
-|-|121,143,446,468,1979,1995,2231,2247|-
-|-|122,144,447,469,1980,1996,2232,2248|-
-|-|123,145,448,470,1981,1997,2233,2249|-
126,148,451,473,1984,2000,2236,2252|-|-|-
127,149,452,474,1985,2001,2237,2253|-|-|-
-|-|-|120,142,445,467,1978,1994,2230,2246
-|-|-|121,143,446,468,1979,1995,2231,2247
-|-|-|122,144,447,469,1980,1996,2232,2248
-|-|-|123,145,448,470,1981,1997,2233,2249
-|124,146,449,471,1982,1998,2234,2250|-|-
-|125,147,450,472,1983,1999,2235,2251|-|-
-|126,148,451,473,1984,2000,2236,2252|-|-
-|127,149,452,474,1985,2001,2237,2253|-|-
-|-|-|127,149,452,474,1985,2001,2237,2253
-|-|129,151,454,476,1986,2002,2238,2254|-
-|-|130,152,455,477,1987,2003,2239,2255|-
-|-|131,153,456,478,1988,2004,2240,2256|-
-|-|132,154,457,479,1989,2005,2241,2257|-
133,155,458,480,1990,2006,2242,2258|-|-|-
134,156,459,481,1991,2007,2243,2259|-|-|-
135,157,460,482,1992,2008,2244,2260|-|-|-
136,158,461,483,1993,2009,2245,2261|-|-|-
168,493,2014,2266|-|-|-
169,494,2015,2267|-|-|-
170,495,2016,2268|-|-|-
171,496,2017,2269|-|-|-
-|-|170,495,2016,2268|-
-|-|171,496,2017,2269|-
-|168,493,2014,2266|-|-
-|169,494,2015,2267|-|-
-|170,495,2016,2268|-|-
-|171,496,2017,2269|-|-
-|-|-|168,493,2014,2266
-|-|-|169,494,2015,2267
-|-|-|170,495,2016,2268
-|-|-|171,496,2017,2269
-|173,498,2018,2270|-|-
178,503,2023,2275|-|-|-
179,504,2024,2276|-|-|-
180,505,2025,2277|-|-|-
181,506,2026,2278|-|-|-
-|-|178,503,2023,2275|-
-|-|179,504,2024,2276|-
-|-|180,505,2025,2277|-
-|-|181,506,2026,2278|-
-|-|194,213,519,538,2029,2046,2281,2298|-
-|-|195,214,520,539,2030,2047,2282,2299|-
-|-|196,215,521,540,2031,2048,2283,2300|-
-|-|197,216,522,541,2032,2049,2284,2301|-
198,217,523,542,2033,2050,2285,2302|-|-|-
199,218,524,543,2034,2051,2286,2303|-|-|-
200,219,525,544,2035,2052,2287,2304|-|-|-
201,220,526,545,2036,2053,2288,2305|-|-|-
-|-|201,220,526,545,2036,2053,2288,2305|-
-|-|-|194,213,519,538,2029,2046,2281,2298
-|-|-|195,214,520,539,2030,2047,2282,2299
-|-|-|196,215,521,540,2031,2048,2283,2300
-|-|-|197,216,522,541,2032,2049,2284,2301
-|198,217,523,542,2033,2050,2285,2302|-|-
-|199,218,524,543,2034,2051,2286,2303|-|-
-|200,219,525,544,2035,2052,2287,2304|-|-
-|201,220,526,545,2036,2053,2288,2305|-|-
-|-|-|200,219,525,544,2035,2052,2287,2304
-|-|-|201,220,526,545,2036,2053,2288,2305
207,226,532,551,2041,2058,2293,2310|-|-|-
208,227,533,552,2042,2059,2294,2311|-|-|-
209,228,534,553,2043,2060,2295,2312|-|-|-
210,229,535,554,2044,2061,2296,2313|-|-|-
-|-|209,228,534,553,2043,2060,2295,2312|-
-|-|210,229,535,554,2044,2061,2296,2313|-
-|-|-|120,142,445,467,1978,1994,2230,2246
-|-|-|121,143,446,468,1979,1995,2231,2247
-|-|-|122,144,447,469,1980,1996,2232,2248
-|-|-|123,145,448,470,1981,1997,2233,2249
-|126,148,451,473,1984,2000,2236,2252|-|-
-|127,149,452,474,1985,2001,2237,2253|-|-
-|-|129,151,454,476,1986,2002,2238,2254|-
-|-|130,152,455,477,1987,2003,2239,2255|-
-|-|131,153,456,478,1988,2004,2240,2256|-
-|-|132,154,457,479,1989,2005,2241,2257|-
133,155,458,480,1990,2006,2242,2258|-|-|-
134,156,459,481,1991,2007,2243,2259|-|-|-
135,157,460,482,1992,2008,2244,2260|-|-|-
136,158,461,483,1993,2009,2245,2261|-|-|-
-|133,155,458,480,1990,2006,2242,2258|-|-
-|134,156,459,481,1991,2007,2243,2259|-|-
-|135,157,460,482,1992,2008,2244,2260|-|-
-|136,158,461,483,1993,2009,2245,2261|-|-
-|168,493,2014,2266|-|-
-|169,494,2015,2267|-|-
-|170,495,2016,2268|-|-
-|171,496,2017,2269|-|-
-|-|-|170,495,2016,2268
-|-|-|171,496,2017,2269
178,503,2023,2275|-|-|-
179,504,2024,2276|-|-|-
180,505,2025,2277|-|-|-
181,506,2026,2278|-|-|-
-|-|178,503,2023,2275|-
-|-|179,504,2024,2276|-
-|-|180,505,2025,2277|-
-|-|181,506,2026,2278|-
-|-|-|178,503,2023,2275
-|-|-|179,504,2024,2276
-|-|-|180,505,2025,2277
-|-|-|181,506,2026,2278
-|-|232,253,557,578,2063,2079,2315,2331|-
-|-|233,254,558,579,2064,2080,2316,2332|-
-|-|234,255,559,580,2065,2081,2317,2333|-
-|-|235,256,560,581,2066,2082,2318,2334|-
-|-|-|232,253,557,578,2063,2079,2315,2331
-|-|-|233,254,558,579,2064,2080,2316,2332
-|-|-|234,255,559,580,2065,2081,2317,2333
-|-|-|235,256,560,581,2066,2082,2318,2334
-|236,257,561,582,2067,2083,2319,2335|-|-
-|237,258,562,583,2068,2084,2320,2336|-|-
-|238,259,563,584,2069,2085,2321,2337|-|-
-|239,260,564,585,2070,2086,2322,2338|-|-
-|-|240,261,565,586,2071,2087,2323,2339|-
-|-|241,262,566,587,2072,2088,2324,2340|-
-|-|242,263,567,588,2073,2089,2325,2341|-
-|-|243,264,568,589,2074,2090,2326,2342|-
244,265,569,590,2075,2091,2327,2343|-|-|-
245,266,570,591,2076,2092,2328,2344|-|-|-
246,267,571,592,2077,2093,2329,2345|-|-|-
247,268,572,593,2078,2094,2330,2346|-|-|-
278,603,2099,2351|-|-|-
279,604,2100,2352|-|-|-
280,605,2101,2353|-|-|-
281,606,2102,2354|-|-|-
-|278,603,2099,2351|-|-
-|279,604,2100,2352|-|-
-|280,605,2101,2353|-|-
-|281,606,2102,2354|-|-
-|-|-|278,603,2099,2351
-|-|-|279,604,2100,2352
-|-|-|280,605,2101,2353
-|-|-|281,606,2102,2354
286,611,2107,2359|-|-|-
287,612,2108,2360|-|-|-
288,613,2109,2361|-|-|-
289,614,2110,2362|-|-|-
-|-|286,611,2107,2359|-
-|-|287,612,2108,2360|-
-|-|288,613,2109,2361|-
-|-|289,614,2110,2362|-
-|-|302,320,627,645,2113,2129,2365,2381|-
-|-|303,321,628,646,2114,2130,2366,2382|-
-|-|304,322,629,647,2115,2131,2367,2383|-
-|-|305,323,630,648,2116,2132,2368,2384|-
306,324,631,649,2117,2133,2369,2385|-|-|-
307,325,632,650,2118,2134,2370,2386|-|-|-
308,326,633,651,2119,2135,2371,2387|-|-|-
309,327,634,652,2120,2136,2372,2388|-|-|-
-|-|-|302,320,627,645,2113,2129,2365,2381
-|-|-|303,321,628,646,2114,2130,2366,2382
-|-|-|304,322,629,647,2115,2131,2367,2383
-|-|-|305,323,630,648,2116,2132,2368,2384
-|306,324,631,649,2117,2133,2369,2385|-|-
-|307,325,632,650,2118,2134,2370,2386|-|-
-|308,326,633,651,2119,2135,2371,2387|-|-
-|309,327,634,652,2120,2136,2372,2388|-|-
315,333,640,658,2125,2141,2377,2393|-|-|-
316,334,641,659,2126,2142,2378,2394|-|-|-
317,335,642,660,2127,2143,2379,2395|-|-|-
318,336,643,661,2128,2144,2380,2396|-|-|-
-|-|318,336,643,661,2128,2144,2380,2396|-
-|-|-|232,253,557,578,2063,2079,2315,2331
-|-|-|233,254,558,579,2064,2080,2316,2332
-|-|-|234,255,559,580,2065,2081,2317,2333
-|-|-|235,256,560,581,2066,2082,2318,2334
-|238,259,563,584,2069,2085,2321,2337|-|-
-|239,260,564,585,2070,2086,2322,2338|-|-
-|-|240,261,565,586,2071,2087,2323,2339|-
-|-|241,262,566,587,2072,2088,2324,2340|-
-|-|242,263,567,588,2073,2089,2325,2341|-
-|-|243,264,568,589,2074,2090,2326,2342|-
244,265,569,590,2075,2091,2327,2343|-|-|-
245,266,570,591,2076,2092,2328,2344|-|-|-
246,267,571,592,2077,2093,2329,2345|-|-|-
247,268,572,593,2078,2094,2330,2346|-|-|-
-|-|247,268,572,593,2078,2094,2330,2346|-
-|244,265,569,590,2075,2091,2327,2343|-|-
-|245,266,570,591,2076,2092,2328,2344|-|-
-|246,267,571,592,2077,2093,2329,2345|-|-
-|247,268,572,593,2078,2094,2330,2346|-|-
-|278,603,2099,2351|-|-
-|279,604,2100,2352|-|-
-|280,605,2101,2353|-|-
-|281,606,2102,2354|-|-
-|-|-|280,605,2101,2353
-|-|-|281,606,2102,2354
286,611,2107,2359|-|-|-
287,612,2108,2360|-|-|-
288,613,2109,2361|-|-|-
289,614,2110,2362|-|-|-
-|-|286,611,2107,2359|-
-|-|287,612,2108,2360|-
-|-|288,613,2109,2361|-
-|-|289,614,2110,2362|-
293,618,2112,2364|-|-|-
-|-|-|286,611,2107,2359
-|-|-|287,612,2108,2360
-|-|-|288,613,2109,2361
-|-|-|289,614,2110,2362
-|-|338,359,663,684,2145,2161,2397,2413|-
-|-|339,360,664,685,2146,2162,2398,2414|-
-|-|340,361,665,686,2147,2163,2399,2415|-
-|-|341,362,666,687,2148,2164,2400,2416|-
-|-|-|338,359,663,684,2145,2161,2397,2413
-|-|-|339,360,664,685,2146,2162,2398,2414
-|-|-|340,361,665,686,2147,2163,2399,2415
-|-|-|341,362,666,687,2148,2164,2400,2416
-|342,363,667,688,2149,2165,2401,2417|-|-
-|343,364,668,689,2150,2166,2402,2418|-|-
-|344,365,669,690,2151,2167,2403,2419|-|-
-|345,366,670,691,2152,2168,2404,2420|-|-
-|-|-|345,366,670,691,2152,2168,2404,2420
-|-|346,367,671,692,2153,2169,2405,2421|-
-|-|347,368,672,693,2154,2170,2406,2422|-
-|-|348,369,673,694,2155,2171,2407,2423|-
-|-|349,370,674,695,2156,2172,2408,2424|-
350,371,675,696,2157,2173,2409,2425|-|-|-
351,372,676,697,2158,2174,2410,2426|-|-|-
352,373,677,698,2159,2175,2411,2427|-|-|-
353,374,678,699,2160,2176,2412,2428|-|-|-
384,709,2181,2433|-|-|-
385,710,2182,2434|-|-|-
386,711,2183,2435|-|-|-
387,712,2184,2436|-|-|-
-|384,709,2181,2433|-|-
-|385,710,2182,2434|-|-
-|386,711,2183,2435|-|-
-|387,712,2184,2436|-|-
-|-|-|384,709,2181,2433
-|-|-|385,710,2182,2434
-|-|-|386,711,2183,2435
-|-|-|387,712,2184,2436
-|388,713,2185,2437|-|-
393,718,2190,2442|-|-|-
394,719,2191,2443|-|-|-
395,720,2192,2444|-|-|-
396,721,2193,2445|-|-|-
-|-|393,718,2190,2442|-
-|-|394,719,2191,2443|-
-|-|395,720,2192,2444|-
-|-|396,721,2193,2445|-
-|-|409,427,734,752,2196,2213,2448,2465|-
-|-|410,428,735,753,2197,2214,2449,2466|-
-|-|411,429,736,754,2198,2215,2450,2467|-
-|-|412,430,737,755,2199,2216,2451,2468|-
413,431,738,756,2200,2217,2452,2469|-|-|-
414,432,739,757,2201,2218,2453,2470|-|-|-
415,433,740,758,2202,2219,2454,2471|-|-|-
416,434,741,759,2203,2220,2455,2472|-|-|-
-|-|-|409,427,734,752,2196,2213,2448,2465
-|-|-|410,428,735,753,2197,2214,2449,2466
-|-|-|411,429,736,754,2198,2215,2450,2467
-|-|-|412,430,737,755,2199,2216,2451,2468
-|413,431,738,756,2200,2217,2452,2469|-|-
-|414,432,739,757,2201,2218,2453,2470|-|-
-|415,433,740,758,2202,2219,2454,2471|-|-
-|416,434,741,759,2203,2220,2455,2472|-|-
-|-|-|415,433,740,758,2202,2219,2454,2471
-|-|-|416,434,741,759,2203,2220,2455,2472
421,439,746,764,2208,2225,2460,2477|-|-|-
422,440,747,765,2209,2226,2461,2478|-|-|-
423,441,748,766,2210,2227,2462,2479|-|-|-
424,442,749,767,2211,2228,2463,2480|-|-|-
-|-|423,441,748,766,2210,2227,2462,2479|-
-|-|424,442,749,767,2211,2228,2463,2480|-
-|-|-|338,359,663,684,2145,2161,2397,2413
-|-|-|339,360,664,685,2146,2162,2398,2414
-|-|-|340,361,665,686,2147,2163,2399,2415
-|-|-|341,362,666,687,2148,2164,2400,2416
-|345,366,670,691,2152,2168,2404,2420|-|-
-|-|346,367,671,692,2153,2169,2405,2421|-
-|-|347,368,672,693,2154,2170,2406,2422|-
-|-|348,369,673,694,2155,2171,2407,2423|-
-|-|349,370,674,695,2156,2172,2408,2424|-
350,371,675,696,2157,2173,2409,2425|-|-|-
351,372,676,697,2158,2174,2410,2426|-|-|-
352,373,677,698,2159,2175,2411,2427|-|-|-
353,374,678,699,2160,2176,2412,2428|-|-|-
-|350,371,675,696,2157,2173,2409,2425|-|-
-|351,372,676,697,2158,2174,2410,2426|-|-
-|352,373,677,698,2159,2175,2411,2427|-|-
-|353,374,678,699,2160,2176,2412,2428|-|-
-|384,709,2181,2433|-|-
-|385,710,2182,2434|-|-
-|386,711,2183,2435|-|-
-|387,712,2184,2436|-|-
-|-|-|387,712,2184,2436
393,718,2190,2442|-|-|-
394,719,2191,2443|-|-|-
395,720,2192,2444|-|-|-
396,721,2193,2445|-|-|-
-|-|393,718,2190,2442|-
-|-|394,719,2191,2443|-
-|-|395,720,2192,2444|-
-|-|396,721,2193,2445|-
-|-|-|393,718,2190,2442
-|-|-|394,719,2191,2443
-|-|-|395,720,2192,2444
-|-|-|396,721,2193,2445
774,796,2486,2503|-|-|-
775,797,2487,2504|-|-|-
776,798,2488,2505|-|-|-
777,799,2489,2506|-|-|-
-|-|776,798,2488,2505|-
-|-|777,799,2489,2506|-
-|774,796,2486,2503|-|-
-|775,797,2487,2504|-|-
-|776,798,2488,2505|-|-
-|777,799,2489,2506|-|-
-|-|-|774,796,2486,2503
-|-|-|775,797,2487,2504
-|-|-|776,798,2488,2505
-|-|-|777,799,2489,2506
-|779,801,2490,2507|-|-
784,806,2495,2512|-|-|-
785,807,2496,2513|-|-|-
786,808,2497,2514|-|-|-
787,809,2498,2515|-|-|-
-|-|784,806,2495,2512|-
-|-|785,807,2496,2513|-
-|-|786,808,2497,2514|-
-|-|787,809,2498,2515|-
-|-|814,2516|-
-|-|815,2517|-
-|-|816,2518|-
-|-|817,2519|-
820,2522|-|-|-
821,2523|-|-|-
-|-|-|814,2516
-|-|-|815,2517
-|-|-|816,2518
-|-|-|817,2519
-|818,2520|-|-
-|819,2521|-|-
-|820,2522|-|-
-|821,2523|-|-
-|-|-|821,2523
-|-|823,2524|-
-|-|824,2525|-
-|-|825,2526|-
-|-|826,2527|-
827,2528|-|-|-
828,2529|-|-|-
829,2530|-|-|-
830,2531|-|-|-
835,855,2536,2552|-|-|-
836,856,2537,2553|-|-|-
837,857,2538,2554|-|-|-
838,858,2539,2555|-|-|-
-|-|835,855,2536,2552|-
-|-|836,856,2537,2553|-
-|-|837,857,2538,2554|-
-|-|838,858,2539,2555|-
842,862,2541,2557|-|-|-
-|835,855,2536,2552|-|-
-|836,856,2537,2553|-|-
-|837,857,2538,2554|-|-
-|838,858,2539,2555|-|-
-|-|-|835,855,2536,2552
-|-|-|836,856,2537,2553
-|-|-|837,857,2538,2554
-|-|-|838,858,2539,2555
-|841,861,2540,2556|-|-
-|842,862,2541,2557|-|-
-|-|843,863,2542,2558|-
-|-|844,864,2543,2559|-
-|-|845,865,2544,2560|-
-|-|846,866,2545,2561|-
849,869,2546,2562|-|-|-
850,870,2547,2563|-|-|-
-|774,796,2486,2503|-|-
-|775,797,2487,2504|-|-
-|776,798,2488,2505|-|-
-|777,799,2489,2506|-|-
-|-|-|776,798,2488,2505
-|-|-|777,799,2489,2506
784,806,2495,2512|-|-|-
785,807,2496,2513|-|-|-
786,808,2497,2514|-|-|-
787,809,2498,2515|-|-|-
-|-|784,806,2495,2512|-
-|-|785,807,2496,2513|-
-|-|786,808,2497,2514|-
-|-|787,809,2498,2515|-
-|-|-|784,806,2495,2512
-|-|-|785,807,2496,2513
-|-|-|786,808,2497,2514
-|-|-|787,809,2498,2515
-|-|-|814,2516
-|-|-|815,2517
-|-|-|816,2518
-|-|-|817,2519
-|820,2522|-|-
-|821,2523|-|-
-|-|823,2524|-
-|-|824,2525|-
-|-|825,2526|-
-|-|826,2527|-
827,2528|-|-|-
828,2529|-|-|-
829,2530|-|-|-
830,2531|-|-|-
-|827,2528|-|-
-|828,2529|-|-
-|829,2530|-|-
-|830,2531|-|-
875,895,2568,2585|-|-|-
876,896,2569,2586|-|-|-
877,897,2570,2587|-|-|-
878,898,2571,2588|-|-|-
-|875,895,2568,2585|-|-
-|876,896,2569,2586|-|-
-|877,897,2570,2587|-|-
-|878,898,2571,2588|-|-
-|-|-|875,895,2568,2585
-|-|-|876,896,2569,2586
-|-|-|877,897,2570,2587
-|-|-|878,898,2571,2588
883,903,2576,2593|-|-|-
884,904,2577,2594|-|-|-
885,905,2578,2595|-|-|-
886,906,2579,2596|-|-|-
-|-|883,903,2576,2593|-
-|-|884,904,2577,2594|-
-|-|885,905,2578,2595|-
-|-|886,906,2579,2596|-
-|-|911,2598|-
-|-|912,2599|-
-|-|913,2600|-
-|-|914,2601|-
-|-|-|911,2598
-|-|-|912,2599
-|-|-|913,2600
-|-|-|914,2601
-|915,2602|-|-
-|916,2603|-|-
-|917,2604|-|-
-|918,2605|-|-
-|-|919,2606|-
-|-|920,2607|-
-|-|921,2608|-
-|-|922,2609|-
923,2610|-|-|-
924,2611|-|-|-
925,2612|-|-|-
926,2613|-|-|-
931,951,2618,2632|-|-|-
932,952,2619,2633|-|-|-
933,953,2620,2634|-|-|-
934,954,2621,2635|-|-|-
-|-|931,951,2618,2632|-
-|-|932,952,2619,2633|-
-|-|933,953,2620,2634|-
-|-|934,954,2621,2635|-
-|931,951,2618,2632|-|-
-|932,952,2619,2633|-|-
-|933,953,2620,2634|-|-
-|934,954,2621,2635|-|-
-|-|-|931,951,2618,2632
-|-|-|932,952,2619,2633
-|-|-|933,953,2620,2634
-|-|-|934,954,2621,2635
-|-|939,959,2623,2637|-
-|-|940,960,2624,2638|-
-|-|941,961,2625,2639|-
-|-|942,962,2626,2640|-
946,966,2627,2641|-|-|-
-|875,895,2568,2585|-|-
-|876,896,2569,2586|-|-
-|877,897,2570,2587|-|-
-|878,898,2571,2588|-|-
-|-|-|877,897,2570,2587
-|-|-|878,898,2571,2588
883,903,2576,2593|-|-|-
884,904,2577,2594|-|-|-
885,905,2578,2595|-|-|-
886,906,2579,2596|-|-|-
-|-|883,903,2576,2593|-
-|-|884,904,2577,2594|-
-|-|885,905,2578,2595|-
-|-|886,906,2579,2596|-
890,910,2580,2597|-|-|-
-|-|-|883,903,2576,2593
-|-|-|884,904,2577,2594
-|-|-|885,905,2578,2595
-|-|-|886,906,2579,2596
-|-|-|911,2598
-|-|-|912,2599
-|-|-|913,2600
-|-|-|914,2601
-|917,2604|-|-
-|918,2605|-|-
-|-|919,2606|-
-|-|920,2607|-
-|-|921,2608|-
-|-|922,2609|-
923,2610|-|-|-
924,2611|-|-|-
925,2612|-|-|-
926,2613|-|-|-
-|-|926,2613|-
-|923,2610|-|-
-|924,2611|-|-
-|925,2612|-|-
-|926,2613|-|-
971,992,2646,2663|-|-|-
972,993,2647,2664|-|-|-
973,994,2648,2665|-|-|-
974,995,2649,2666|-|-|-
-|971,992,2646,2663|-|-
-|972,993,2647,2664|-|-
-|973,994,2648,2665|-|-
-|974,995,2649,2666|-|-
-|-|-|971,992,2646,2663
-|-|-|972,993,2647,2664
-|-|-|973,994,2648,2665
-|-|-|974,995,2649,2666
-|975,996,2650,2667|-|-
980,1001,2655,2672|-|-|-
981,1002,2656,2673|-|-|-
982,1003,2657,2674|-|-|-
983,1004,2658,2675|-|-|-
-|-|980,1001,2655,2672|-
-|-|981,1002,2656,2673|-
-|-|982,1003,2657,2674|-
-|-|983,1004,2658,2675|-
-|-|1009,2676|-
-|-|1010,2677|-
-|-|1011,2678|-
-|-|1012,2679|-
-|-|-|1009,2676
-|-|-|1010,2677
-|-|-|1011,2678
-|-|-|1012,2679
-|1013,2680|-|-
-|1014,2681|-|-
-|1015,2682|-|-
-|1016,2683|-|-
-|-|-|1016,2683
-|-|1017,2684|-
-|-|1018,2685|-
-|-|1019,2686|-
-|-|1020,2687|-
1021,2688|-|-|-
1022,2689|-|-|-
1023,2690|-|-|-
1024,2691|-|-|-
1030,1050,2696,2712|-|-|-
1031,1051,2697,2713|-|-|-
1032,1052,2698,2714|-|-|-
1033,1053,2699,2715|-|-|-
-|-|1030,1050,2696,2712|-
-|-|1031,1051,2697,2713|-
-|-|1032,1052,2698,2714|-
-|-|1033,1053,2699,2715|-
-|1030,1050,2696,2712|-|-
-|1031,1051,2697,2713|-|-
-|1032,1052,2698,2714|-|-
-|1033,1053,2699,2715|-|-
-|-|-|1030,1050,2696,2712
-|-|-|1031,1051,2697,2713
-|-|-|1032,1052,2698,2714
-|-|-|1033,1053,2699,2715
-|1036,1056,2700,2716|-|-
-|1037,1057,2701,2717|-|-
-|-|1038,1058,2702,2718|-
-|-|1039,1059,2703,2719|-
-|-|1040,1060,2704,2720|-
-|-|1041,1061,2705,2721|-
1044,1064,2706,2722|-|-|-
1045,1065,2707,2723|-|-|-
-|971,992,2646,2663|-|-
-|972,993,2647,2664|-|-
-|973,994,2648,2665|-|-
-|974,995,2649,2666|-|-
-|-|-|974,995,2649,2666
980,1001,2655,2672|-|-|-
981,1002,2656,2673|-|-|-
982,1003,2657,2674|-|-|-
983,1004,2658,2675|-|-|-
-|-|980,1001,2655,2672|-
-|-|981,1002,2656,2673|-
-|-|982,1003,2657,2674|-
-|-|983,1004,2658,2675|-
-|-|-|980,1001,2655,2672
-|-|-|981,1002,2656,2673
-|-|-|982,1003,2657,2674
-|-|-|983,1004,2658,2675
-|-|-|1009,2676
-|-|-|1010,2677
-|-|-|1011,2678
-|-|-|1012,2679
-|1016,2683|-|-
-|-|1017,2684|-
-|-|1018,2685|-
-|-|1019,2686|-
-|-|1020,2687|-
1021,2688|-|-|-
1022,2689|-|-|-
1023,2690|-|-|-
1024,2691|-|-|-
-|1021,2688|-|-
-|1022,2689|-|-
-|1023,2690|-|-
-|1024,2691|-|-
-|-|-|120,142,445,467,1978,1994,2230,2246
-|-|-|121,143,446,468,1979,1995,2231,2247
-|-|-|122,144,447,469,1980,1996,2232,2248
-|-|-|123,145,448,470,1981,1997,2233,2249
-|124,146,449,471,1982,1998,2234,2250|-|-
-|125,147,450,472,1983,1999,2235,2251|-|-
-|126,148,451,473,1984,2000,2236,2252|-|-
-|127,149,452,474,1985,2001,2237,2253|-|-
-|-|-|127,149,452,474,1985,2001,2237,2253
-|-|129,151,454,476,1986,2002,2238,2254|-
-|-|130,152,455,477,1987,2003,2239,2255|-
-|-|131,153,456,478,1988,2004,2240,2256|-
-|-|132,154,457,479,1989,2005,2241,2257|-
133,155,458,480,1990,2006,2242,2258|-|-|-
134,156,459,481,1991,2007,2243,2259|-|-|-
135,157,460,482,1992,2008,2244,2260|-|-|-
136,158,461,483,1993,2009,2245,2261|-|-|-
-|-|135,157,460,482,1992,2008,2244,2260|-
-|-|136,158,461,483,1993,2009,2245,2261|-
-|133,155,458,480,1990,2006,2242,2258|-|-
-|134,156,459,481,1991,2007,2243,2259|-|-
-|135,157,460,482,1992,2008,2244,2260|-|-
-|136,158,461,483,1993,2009,2245,2261|-|-
-|-|-|136,158,461,483,1993,2009,2245,2261
-|168,493,2014,2266|-|-
-|169,494,2015,2267|-|-
-|170,495,2016,2268|-|-
-|171,496,2017,2269|-|-
-|-|-|168,493,2014,2266
-|-|-|169,494,2015,2267
-|-|-|170,495,2016,2268
-|-|-|171,496,2017,2269
-|173,498,2018,2270|-|-
178,503,2023,2275|-|-|-
179,504,2024,2276|-|-|-
180,505,2025,2277|-|-|-
181,506,2026,2278|-|-|-
-|-|178,503,2023,2275|-
-|-|179,504,2024,2276|-
-|-|180,505,2025,2277|-
-|-|181,506,2026,2278|-
184,509,2027,2279|-|-|-
185,510,2028,2280|-|-|-
-|-|-|178,503,2023,2275
-|-|-|179,504,2024,2276
-|-|-|180,505,2025,2277
-|-|-|181,506,2026,2278
-|185,510,2028,2280|-|-
-|198,217,523,542,2033,2050,2285,2302|-|-
-|199,218,524,543,2034,2051,2286,2303|-|-
-|200,219,525,544,2035,2052,2287,2304|-|-
-|201,220,526,545,2036,2053,2288,2305|-|-
-|-|-|200,219,525,544,2035,2052,2287,2304
-|-|-|201,220,526,545,2036,2053,2288,2305
207,226,532,551,2041,2058,2293,2310|-|-|-
208,227,533,552,2042,2059,2294,2311|-|-|-
209,228,534,553,2043,2060,2295,2312|-|-|-
210,229,535,554,2044,2061,2296,2313|-|-|-
-|-|207,226,532,551,2041,2058,2293,2310|-
-|-|208,227,533,552,2042,2059,2294,2311|-
-|-|209,228,534,553,2043,2060,2295,2312|-
-|-|210,229,535,554,2044,2061,2296,2313|-
212,231,537,556,2045,2062,2297,2314|-|-|-
-|207,226,532,551,2041,2058,2293,2310|-|-
-|208,227,533,552,2042,2059,2294,2311|-|-
-|209,228,534,553,2043,2060,2295,2312|-|-
-|210,229,535,554,2044,2061,2296,2313|-|-
-|-|-|207,226,532,551,2041,2058,2293,2310
-|-|-|208,227,533,552,2042,2059,2294,2311
-|-|-|209,228,534,553,2043,2060,2295,2312
-|-|-|210,229,535,554,2044,2061,2296,2313
-|-|129,151,454,476,1986,2002,2238,2254|-
-|-|130,152,455,477,1987,2003,2239,2255|-
-|-|131,153,456,478,1988,2004,2240,2256|-
-|-|132,154,457,479,1989,2005,2241,2257|-
133,155,458,480,1990,2006,2242,2258|-|-|-
134,156,459,481,1991,2007,2243,2259|-|-|-
135,157,460,482,1992,2008,2244,2260|-|-|-
136,158,461,483,1993,2009,2245,2261|-|-|-
-|-|-|129,151,454,476,1986,2002,2238,2254
-|-|-|130,152,455,477,1987,2003,2239,2255
-|-|-|131,153,456,478,1988,2004,2240,2256
-|-|-|132,154,457,479,1989,2005,2241,2257
-|133,155,458,480,1990,2006,2242,2258|-|-
-|134,156,459,481,1991,2007,2243,2259|-|-
-|135,157,460,482,1992,2008,2244,2260|-|-
-|136,158,461,483,1993,2009,2245,2261|-|-
-|-|-|135,157,460,482,1992,2008,2244,2260
-|-|-|136,158,461,483,1993,2009,2245,2261
178,503,2023,2275|-|-|-
179,504,2024,2276|-|-|-
180,505,2025,2277|-|-|-
181,506,2026,2278|-|-|-
-|-|178,503,2023,2275|-
-|-|179,504,2024,2276|-
-|-|180,505,2025,2277|-
-|-|181,506,2026,2278|-
-|178,503,2023,2275|-|-
-|179,504,2024,2276|-|-
-|180,505,2025,2277|-|-
-|181,506,2026,2278|-|-
-|-|-|178,503,2023,2275
-|-|-|179,504,2024,2276
-|-|-|180,505,2025,2277
-|-|-|181,506,2026,2278
-|184,509,2027,2279|-|-
-|185,510,2028,2280|-|-
-|-|-|232,253,557,578,2063,2079,2315,2331
-|-|-|233,254,558,579,2064,2080,2316,2332
-|-|-|234,255,559,580,2065,2081,2317,2333
-|-|-|235,256,560,581,2066,2082,2318,2334
-|236,257,561,582,2067,2083,2319,2335|-|-
-|237,258,562,583,2068,2084,2320,2336|-|-
-|238,259,563,584,2069,2085,2321,2337|-|-
-|239,260,564,585,2070,2086,2322,2338|-|-
-|-|240,261,565,586,2071,2087,2323,2339|-
-|-|241,262,566,587,2072,2088,2324,2340|-
-|-|242,263,567,588,2073,2089,2325,2341|-
-|-|243,264,568,589,2074,2090,2326,2342|-
244,265,569,590,2075,2091,2327,2343|-|-|-
245,266,570,591,2076,2092,2328,2344|-|-|-
246,267,571,592,2077,2093,2329,2345|-|-|-
247,268,572,593,2078,2094,2330,2346|-|-|-
-|244,265,569,590,2075,2091,2327,2343|-|-
-|245,266,570,591,2076,2092,2328,2344|-|-
-|246,267,571,592,2077,2093,2329,2345|-|-
-|247,268,572,593,2078,2094,2330,2346|-|-
-|278,603,2099,2351|-|-
-|279,604,2100,2352|-|-
-|280,605,2101,2353|-|-
-|281,606,2102,2354|-|-
-|-|-|278,603,2099,2351
-|-|-|279,604,2100,2352
-|-|-|280,605,2101,2353
-|-|-|281,606,2102,2354
286,611,2107,2359|-|-|-
287,612,2108,2360|-|-|-
288,613,2109,2361|-|-|-
289,614,2110,2362|-|-|-
-|-|286,611,2107,2359|-
-|-|287,612,2108,2360|-
-|-|288,613,2109,2361|-
-|-|289,614,2110,2362|-
-|-|-|286,611,2107,2359
-|-|-|287,612,2108,2360
-|-|-|288,613,2109,2361
-|-|-|289,614,2110,2362
-|306,324,631,649,2117,2133,2369,2385|-|-
-|307,325,632,650,2118,2134,2370,2386|-|-
-|308,326,633,651,2119,2135,2371,2387|-|-
-|309,327,634,652,2120,2136,2372,2388|-|-
315,333,640,658,2125,2141,2377,2393|-|-|-
316,334,641,659,2126,2142,2378,2394|-|-|-
317,335,642,660,2127,2143,2379,2395|-|-|-
318,336,643,661,2128,2144,2380,2396|-|-|-
-|-|315,333,640,658,2125,2141,2377,2393|-
-|-|316,334,641,659,2126,2142,2378,2394|-
-|-|317,335,642,660,2127,2143,2379,2395|-
-|-|318,336,643,661,2128,2144,2380,2396|-
-|315,333,640,658,2125,2141,2377,2393|-|-
-|316,334,641,659,2126,2142,2378,2394|-|-
-|317,335,642,660,2127,2143,2379,2395|-|-
-|318,336,643,661,2128,2144,2380,2396|-|-
-|-|-|315,333,640,658,2125,2141,2377,2393
-|-|-|316,334,641,659,2126,2142,2378,2394
-|-|-|317,335,642,660,2127,2143,2379,2395
-|-|-|318,336,643,661,2128,2144,2380,2396
-|-|240,261,565,586,2071,2087,2323,2339|-
-|-|241,262,566,587,2072,2088,2324,2340|-
-|-|242,263,567,588,2073,2089,2325,2341|-
-|-|243,264,568,589,2074,2090,2326,2342|-
244,265,569,590,2075,2091,2327,2343|-|-|-
245,266,570,591,2076,2092,2328,2344|-|-|-
246,267,571,592,2077,2093,2329,2345|-|-|-
247,268,572,593,2078,2094,2330,2346|-|-|-
-|-|247,268,572,593,2078,2094,2330,2346|-
-|-|-|240,261,565,586,2071,2087,2323,2339
-|-|-|241,262,566,587,2072,2088,2324,2340
-|-|-|242,263,567,588,2073,2089,2325,2341
-|-|-|243,264,568,589,2074,2090,2326,2342
-|244,265,569,590,2075,2091,2327,2343|-|-
-|245,266,570,591,2076,2092,2328,2344|-|-
-|246,267,571,592,2077,2093,2329,2345|-|-
-|247,268,572,593,2078,2094,2330,2346|-|-
-|-|-|246,267,571,592,2077,2093,2329,2345
-|-|-|247,268,572,593,2078,2094,2330,2346
286,611,2107,2359|-|-|-
287,612,2108,2360|-|-|-
288,613,2109,2361|-|-|-
289,614,2110,2362|-|-|-
-|-|286,611,2107,2359|-
-|-|287,612,2108,2360|-
-|-|288,613,2109,2361|-
-|-|289,614,2110,2362|-
293,618,2112,2364|-|-|-
-|286,611,2107,2359|-|-
-|287,612,2108,2360|-|-
-|288,613,2109,2361|-|-
-|289,614,2110,2362|-|-
-|-|-|286,611,2107,2359
-|-|-|287,612,2108,2360
-|-|-|288,613,2109,2361
-|-|-|289,614,2110,2362
-|292,617,2111,2363|-|-
-|293,618,2112,2364|-|-
-|-|-|338,359,663,684,2145,2161,2397,2413
-|-|-|339,360,664,685,2146,2162,2398,2414
-|-|-|340,361,665,686,2147,2163,2399,2415
-|-|-|341,362,666,687,2148,2164,2400,2416
-|342,363,667,688,2149,2165,2401,2417|-|-
-|343,364,668,689,2150,2166,2402,2418|-|-
-|344,365,669,690,2151,2167,2403,2419|-|-
-|345,366,670,691,2152,2168,2404,2420|-|-
-|-|346,367,671,692,2153,2169,2405,2421|-
-|-|347,368,672,693,2154,2170,2406,2422|-
-|-|348,369,673,694,2155,2171,2407,2423|-
-|-|349,370,674,695,2156,2172,2408,2424|-
350,371,675,696,2157,2173,2409,2425|-|-|-
351,372,676,697,2158,2174,2410,2426|-|-|-
352,373,677,698,2159,2175,2411,2427|-|-|-
353,374,678,699,2160,2176,2412,2428|-|-|-
-|-|352,373,677,698,2159,2175,2411,2427|-
-|-|353,374,678,699,2160,2176,2412,2428|-
-|350,371,675,696,2157,2173,2409,2425|-|-
-|351,372,676,697,2158,2174,2410,2426|-|-
-|352,373,677,698,2159,2175,2411,2427|-|-
-|353,374,678,699,2160,2176,2412,2428|-|-
-|-|-|353,374,678,699,2160,2176,2412,2428
-|384,709,2181,2433|-|-
-|385,710,2182,2434|-|-
-|386,711,2183,2435|-|-
-|387,712,2184,2436|-|-
-|-|-|384,709,2181,2433
-|-|-|385,710,2182,2434
-|-|-|386,711,2183,2435
-|-|-|387,712,2184,2436
393,718,2190,2442|-|-|-
394,719,2191,2443|-|-|-
395,720,2192,2444|-|-|-
396,721,2193,2445|-|-|-
-|-|393,718,2190,2442|-
-|-|394,719,2191,2443|-
-|-|395,720,2192,2444|-
-|-|396,721,2193,2445|-
399,724,2194,2446|-|-|-
400,725,2195,2447|-|-|-
-|-|-|393,718,2190,2442
-|-|-|394,719,2191,2443
-|-|-|395,720,2192,2444
-|-|-|396,721,2193,2445
-|400,725,2195,2447|-|-
-|413,431,738,756,2200,2217,2452,2469|-|-
-|414,432,739,757,2201,2218,2453,2470|-|-
-|415,433,740,758,2202,2219,2454,2471|-|-
-|416,434,741,759,2203,2220,2455,2472|-|-
421,439,746,764,2208,2225,2460,2477|-|-|-
422,440,747,765,2209,2226,2461,2478|-|-|-
423,441,748,766,2210,2227,2462,2479|-|-|-
424,442,749,767,2211,2228,2463,2480|-|-|-
-|-|421,439,746,764,2208,2225,2460,2477|-
-|-|422,440,747,765,2209,2226,2461,2478|-
-|-|423,441,748,766,2210,2227,2462,2479|-
-|-|424,442,749,767,2211,2228,2463,2480|-
426,444,751,769,2212,2229,2464,2481|-|-|-
-|421,439,746,764,2208,2225,2460,2477|-|-
-|422,440,747,765,2209,2226,2461,2478|-|-
-|423,441,748,766,2210,2227,2462,2479|-|-
-|424,442,749,767,2211,2228,2463,2480|-|-
-|-|-|421,439,746,764,2208,2225,2460,2477
-|-|-|422,440,747,765,2209,2226,2461,2478
-|-|-|423,441,748,766,2210,2227,2462,2479
-|-|-|424,442,749,767,2211,2228,2463,2480
-|-|346,367,671,692,2153,2169,2405,2421|-
-|-|347,368,672,693,2154,2170,2406,2422|-
-|-|348,369,673,694,2155,2171,2407,2423|-
-|-|349,370,674,695,2156,2172,2408,2424|-
350,371,675,696,2157,2173,2409,2425|-|-|-
351,372,676,697,2158,2174,2410,2426|-|-|-
352,373,677,698,2159,2175,2411,2427|-|-|-
353,374,678,699,2160,2176,2412,2428|-|-|-
-|-|-|346,367,671,692,2153,2169,2405,2421
-|-|-|347,368,672,693,2154,2170,2406,2422
-|-|-|348,369,673,694,2155,2171,2407,2423
-|-|-|349,370,674,695,2156,2172,2408,2424
-|350,371,675,696,2157,2173,2409,2425|-|-
-|351,372,676,697,2158,2174,2410,2426|-|-
-|352,373,677,698,2159,2175,2411,2427|-|-
-|353,374,678,699,2160,2176,2412,2428|-|-
-|-|-|352,373,677,698,2159,2175,2411,2427
-|-|-|353,374,678,699,2160,2176,2412,2428
393,718,2190,2442|-|-|-
394,719,2191,2443|-|-|-
395,720,2192,2444|-|-|-
396,721,2193,2445|-|-|-
-|-|393,718,2190,2442|-
-|-|394,719,2191,2443|-
-|-|395,720,2192,2444|-
-|-|396,721,2193,2445|-
-|393,718,2190,2442|-|-
-|394,719,2191,2443|-|-
-|395,720,2192,2444|-|-
-|396,721,2193,2445|-|-
-|-|-|393,718,2190,2442
-|-|-|394,719,2191,2443
-|-|-|395,720,2192,2444
-|-|-|396,721,2193,2445
-|399,724,2194,2446|-|-
-|400,725,2195,2447|-|-
-|-|1066,1087,1377,1398,2724,2740,2968,2984|-
-|-|1067,1088,1378,1399,2725,2741,2969,2985|-
-|-|1068,1089,1379,1400,2726,2742,2970,2986|-
-|-|1069,1090,1380,1401,2727,2743,2971,2987|-
-|-|-|1066,1087,1377,1398,2724,2740,2968,2984
-|-|-|1067,1088,1378,1399,2725,2741,2969,2985
-|-|-|1068,1089,1379,1400,2726,2742,2970,2986
-|-|-|1069,1090,1380,1401,2727,2743,2971,2987
-|1070,1091,1381,1402,2728,2744,2972,2988|-|-
-|1071,1092,1382,1403,2729,2745,2973,2989|-|-
-|1072,1093,1383,1404,2730,2746,2974,2990|-|-
-|1073,1094,1384,1405,2731,2747,2975,2991|-|-
-|-|-|1073,1094,1384,1405,2731,2747,2975,2991
-|-|1074,1095,1385,1406,2732,2748,2976,2992|-
-|-|1075,1096,1386,1407,2733,2749,2977,2993|-
-|-|1076,1097,1387,1408,2734,2750,2978,2994|-
-|-|1077,1098,1388,1409,2735,2751,2979,2995|-
1078,1099,1389,1410,2736,2752,2980,2996|-|-|-
1079,1100,1390,1411,2737,2753,2981,2997|-|-|-
1080,1101,1391,1412,2738,2754,2982,2998|-|-|-
1081,1102,1392,1413,2739,2755,2983,2999|-|-|-
1112,1423,2760,3004|-|-|-
1113,1424,2761,3005|-|-|-
1114,1425,2762,3006|-|-|-
1115,1426,2763,3007|-|-|-
-|1112,1423,2760,3004|-|-
-|1113,1424,2761,3005|-|-
-|1114,1425,2762,3006|-|-
-|1115,1426,2763,3007|-|-
-|-|-|1112,1423,2760,3004
-|-|-|1113,1424,2761,3005
-|-|-|1114,1425,2762,3006
-|-|-|1115,1426,2763,3007
-|1116,1427,2764,3008|-|-
1121,1432,2769,3013|-|-|-
1122,1433,2770,3014|-|-|-
1123,1434,2771,3015|-|-|-
1124,1435,2772,3016|-|-|-
-|-|1121,1432,2769,3013|-
-|-|1122,1433,2770,3014|-
-|-|1123,1434,2771,3015|-
-|-|1124,1435,2772,3016|-
-|-|1137,1154,1448,1465,2774,2790,3018,3034|-
-|-|1138,1155,1449,1466,2775,2791,3019,3035|-
-|-|1139,1156,1450,1467,2776,2792,3020,3036|-
-|-|1140,1157,1451,1468,2777,2793,3021,3037|-
1141,1158,1452,1469,2778,2794,3022,3038|-|-|-
1142,1159,1453,1470,2779,2795,3023,3039|-|-|-
1143,1160,1454,1471,2780,2796,3024,3040|-|-|-
1144,1161,1455,1472,2781,2797,3025,3041|-|-|-
-|-|-|1137,1154,1448,1465,2774,2790,3018,3034
-|-|-|1138,1155,1449,1466,2775,2791,3019,3035
-|-|-|1139,1156,1450,1467,2776,2792,3020,3036
-|-|-|1140,1157,1451,1468,2777,2793,3021,3037
-|1141,1158,1452,1469,2778,2794,3022,3038|-|-
-|1142,1159,1453,1470,2779,2795,3023,3039|-|-
-|1143,1160,1454,1471,2780,2796,3024,3040|-|-
-|1144,1161,1455,1472,2781,2797,3025,3041|-|-
-|-|-|1143,1160,1454,1471,2780,2796,3024,3040
-|-|-|1144,1161,1455,1472,2781,2797,3025,3041
1149,1166,1460,1477,2786,2802,3030,3046|-|-|-
1150,1167,1461,1478,2787,2803,3031,3047|-|-|-
1151,1168,1462,1479,2788,2804,3032,3048|-|-|-
1152,1169,1463,1480,2789,2805,3033,3049|-|-|-
-|-|1151,1168,1462,1479,2788,2804,3032,3048|-
-|-|1152,1169,1463,1480,2789,2805,3033,3049|-
-|-|-|1066,1087,1377,1398,2724,2740,2968,2984
-|-|-|1067,1088,1378,1399,2725,2741,2969,2985
-|-|-|1068,1089,1379,1400,2726,2742,2970,2986
-|-|-|1069,1090,1380,1401,2727,2743,2971,2987
-|1073,1094,1384,1405,2731,2747,2975,2991|-|-
-|-|1074,1095,1385,1406,2732,2748,2976,2992|-
-|-|1075,1096,1386,1407,2733,2749,2977,2993|-
-|-|1076,1097,1387,1408,2734,2750,2978,2994|-
-|-|1077,1098,1388,1409,2735,2751,2979,2995|-
1078,1099,1389,1410,2736,2752,2980,2996|-|-|-
1079,1100,1390,1411,2737,2753,2981,2997|-|-|-
1080,1101,1391,1412,2738,2754,2982,2998|-|-|-
1081,1102,1392,1413,2739,2755,2983,2999|-|-|-
-|1078,1099,1389,1410,2736,2752,2980,2996|-|-
-|1079,1100,1390,1411,2737,2753,2981,2997|-|-
-|1080,1101,1391,1412,2738,2754,2982,2998|-|-
-|1081,1102,1392,1413,2739,2755,2983,2999|-|-
-|1112,1423,2760,3004|-|-
-|1113,1424,2761,3005|-|-
-|1114,1425,2762,3006|-|-
-|1115,1426,2763,3007|-|-
-|-|-|1115,1426,2763,3007
1121,1432,2769,3013|-|-|-
1122,1433,2770,3014|-|-|-
1123,1434,2771,3015|-|-|-
1124,1435,2772,3016|-|-|-
-|-|1121,1432,2769,3013|-
-|-|1122,1433,2770,3014|-
-|-|1123,1434,2771,3015|-
-|-|1124,1435,2772,3016|-
-|-|-|1121,1432,2769,3013
-|-|-|1122,1433,2770,3014
-|-|-|1123,1434,2771,3015
-|-|-|1124,1435,2772,3016
-|-|1171,1191,1482,1502,2806,2822,3050,3066|-
-|-|1172,1192,1483,1503,2807,2823,3051,3067|-
-|-|1173,1193,1484,1504,2808,2824,3052,3068|-
-|-|1174,1194,1485,1505,2809,2825,3053,3069|-
-|-|-|1171,1191,1482,1502,2806,2822,3050,3066
-|-|-|1172,1192,1483,1503,2807,2823,3051,3067
-|-|-|1173,1193,1484,1504,2808,2824,3052,3068
-|-|-|1174,1194,1485,1505,2809,2825,3053,3069
-|1175,1195,1486,1506,2810,2826,3054,3070|-|-
-|1176,1196,1487,1507,2811,2827,3055,3071|-|-
-|1177,1197,1488,1508,2812,2828,3056,3072|-|-
-|1178,1198,1489,1509,2813,2829,3057,3073|-|-
-|-|1179,1199,1490,1510,2814,2830,3058,3074|-
-|-|1180,1200,1491,1511,2815,2831,3059,3075|-
-|-|1181,1201,1492,1512,2816,2832,3060,3076|-
-|-|1182,1202,1493,1513,2817,2833,3061,3077|-
1183,1203,1494,1514,2818,2834,3062,3078|-|-|-
1184,1204,1495,1515,2819,2835,3063,3079|-|-|-
1185,1205,1496,1516,2820,2836,3064,3080|-|-|-
1186,1206,1497,1517,2821,2837,3065,3081|-|-|-
1215,1526,2842,3086|-|-|-
1216,1527,2843,3087|-|-|-
1217,1528,2844,3088|-|-|-
1218,1529,2845,3089|-|-|-
-|1215,1526,2842,3086|-|-
-|1216,1527,2843,3087|-|-
-|1217,1528,2844,3088|-|-
-|1218,1529,2845,3089|-|-
-|-|-|1215,1526,2842,3086
-|-|-|1216,1527,2843,3087
-|-|-|1217,1528,2844,3088
-|-|-|1218,1529,2845,3089
1223,1534,2850,3094|-|-|-
1224,1535,2851,3095|-|-|-
1225,1536,2852,3096|-|-|-
1226,1537,2853,3097|-|-|-
-|-|1223,1534,2850,3094|-
-|-|1224,1535,2851,3095|-
-|-|1225,1536,2852,3096|-
-|-|1226,1537,2853,3097|-
-|-|1239,1256,1550,1567,2855,2871,3099,3115|-
-|-|1240,1257,1551,1568,2856,2872,3100,3116|-
-|-|1241,1258,1552,1569,2857,2873,3101,3117|-
-|-|1242,1259,1553,1570,2858,2874,3102,3118|-
1243,1260,1554,1571,2859,2875,3103,3119|-|-|-
1244,1261,1555,1572,2860,2876,3104,3120|-|-|-
1245,1262,1556,1573,2861,2877,3105,3121|-|-|-
1246,1263,1557,1574,2862,2878,3106,3122|-|-|-
-|-|-|1239,1256,1550,1567,2855,2871,3099,3115
-|-|-|1240,1257,1551,1568,2856,2872,3100,3116
-|-|-|1241,1258,1552,1569,2857,2873,3101,3117
-|-|-|1242,1259,1553,1570,2858,2874,3102,3118
-|1243,1260,1554,1571,2859,2875,3103,3119|-|-
-|1244,1261,1555,1572,2860,2876,3104,3120|-|-
-|1245,1262,1556,1573,2861,2877,3105,3121|-|-
-|1246,1263,1557,1574,2862,2878,3106,3122|-|-
1251,1268,1562,1579,2867,2883,3111,3127|-|-|-
1252,1269,1563,1580,2868,2884,3112,3128|-|-|-
1253,1270,1564,1581,2869,2885,3113,3129|-|-|-
1254,1271,1565,1582,2870,2886,3114,3130|-|-|-
-|-|1254,1271,1565,1582,2870,2886,3114,3130|-
-|-|-|1171,1191,1482,1502,2806,2822,3050,3066
-|-|-|1172,1192,1483,1503,2807,2823,3051,3067
-|-|-|1173,1193,1484,1504,2808,2824,3052,3068
-|-|-|1174,1194,1485,1505,2809,2825,3053,3069
-|-|1179,1199,1490,1510,2814,2830,3058,3074|-
-|-|1180,1200,1491,1511,2815,2831,3059,3075|-
-|-|1181,1201,1492,1512,2816,2832,3060,3076|-
-|-|1182,1202,1493,1513,2817,2833,3061,3077|-
1183,1203,1494,1514,2818,2834,3062,3078|-|-|-
1184,1204,1495,1515,2819,2835,3063,3079|-|-|-
1185,1205,1496,1516,2820,2836,3064,3080|-|-|-
1186,1206,1497,1517,2821,2837,3065,3081|-|-|-
-|-|1186,1206,1497,1517,2821,2837,3065,3081|-
-|1183,1203,1494,1514,2818,2834,3062,3078|-|-
-|1184,1204,1495,1515,2819,2835,3063,3079|-|-
-|1185,1205,1496,1516,2820,2836,3064,3080|-|-
-|1186,1206,1497,1517,2821,2837,3065,3081|-|-
-|1215,1526,2842,3086|-|-
-|1216,1527,2843,3087|-|-
-|1217,1528,2844,3088|-|-
-|1218,1529,2845,3089|-|-
1223,1534,2850,3094|-|-|-
1224,1535,2851,3095|-|-|-
1225,1536,2852,3096|-|-|-
1226,1537,2853,3097|-|-|-
-|-|1223,1534,2850,3094|-
-|-|1224,1535,2851,3095|-
-|-|1225,1536,2852,3096|-
-|-|1226,1537,2853,3097|-
1230,1541,2854,3098|-|-|-
-|-|-|1223,1534,2850,3094
-|-|-|1224,1535,2851,3095
-|-|-|1225,1536,2852,3096
-|-|-|1226,1537,2853,3097
-|-|1273,1294,1584,1605,2887,2903,3131,3147|-
-|-|1274,1295,1585,1606,2888,2904,3132,3148|-
-|-|1275,1296,1586,1607,2889,2905,3133,3149|-
-|-|1276,1297,1587,1608,2890,2906,3134,3150|-
-|-|-|1273,1294,1584,1605,2887,2903,3131,3147
-|-|-|1274,1295,1585,1606,2888,2904,3132,3148
-|-|-|1275,1296,1586,1607,2889,2905,3133,3149
-|-|-|1276,1297,1587,1608,2890,2906,3134,3150
-|1277,1298,1588,1609,2891,2907,3135,3151|-|-
-|1278,1299,1589,1610,2892,2908,3136,3152|-|-
-|1279,1300,1590,1611,2893,2909,3137,3153|-|-
-|1280,1301,1591,1612,2894,2910,3138,3154|-|-
-|-|1281,1302,1592,1613,2895,2911,3139,3155|-
-|-|1282,1303,1593,1614,2896,2912,3140,3156|-
-|-|1283,1304,1594,1615,2897,2913,3141,3157|-
-|-|1284,1305,1595,1616,2898,2914,3142,3158|-
1285,1306,1596,1617,2899,2915,3143,3159|-|-|-
1286,1307,1597,1618,2900,2916,3144,3160|-|-|-
1287,1308,1598,1619,2901,2917,3145,3161|-|-|-
1288,1309,1599,1620,2902,2918,3146,3162|-|-|-
-|-|1288,1309,1599,1620,2902,2918,3146,3162|-
1319,1630,2923,3167|-|-|-
1320,1631,2924,3168|-|-|-
1321,1632,2925,3169|-|-|-
1322,1633,2926,3170|-|-|-
-|1319,1630,2923,3167|-|-
-|1320,1631,2924,3168|-|-
-|1321,1632,2925,3169|-|-
-|1322,1633,2926,3170|-|-
-|-|-|1319,1630,2923,3167
-|-|-|1320,1631,2924,3168
-|-|-|1321,1632,2925,3169
-|-|-|1322,1633,2926,3170
1327,1638,2931,3175|-|-|-
1328,1639,2932,3176|-|-|-
1329,1640,2933,3177|-|-|-
1330,1641,2934,3178|-|-|-
-|-|1327,1638,2931,3175|-
-|-|1328,1639,2932,3176|-
-|-|1329,1640,2933,3177|-
-|-|1330,1641,2934,3178|-
1334,1645,2935,3179|-|-|-
-|-|1343,1360,1654,1671,2936,2952,3180,3196|-
-|-|1344,1361,1655,1672,2937,2953,3181,3197|-
-|-|1345,1362,1656,1673,2938,2954,3182,3198|-
-|-|1346,1363,1657,1674,2939,2955,3183,3199|-
1347,1364,1658,1675,2940,2956,3184,3200|-|-|-
1348,1365,1659,1676,2941,2957,3185,3201|-|-|-
1349,1366,1660,1677,2942,2958,3186,3202|-|-|-
1350,1367,1661,1678,2943,2959,3187,3203|-|-|-
-|-|-|1343,1360,1654,1671,2936,2952,3180,3196
-|-|-|1344,1361,1655,1672,2937,2953,3181,3197
-|-|-|1345,1362,1656,1673,2938,2954,3182,3198
-|-|-|1346,1363,1657,1674,2939,2955,3183,3199
-|1347,1364,1658,1675,2940,2956,3184,3200|-|-
-|1348,1365,1659,1676,2941,2957,3185,3201|-|-
-|1349,1366,1660,1677,2942,2958,3186,3202|-|-
-|1350,1367,1661,1678,2943,2959,3187,3203|-|-
-|-|-|1350,1367,1661,1678,2943,2959,3187,3203
1355,1372,1666,1683,2948,2964,3192,3208|-|-|-
1356,1373,1667,1684,2949,2965,3193,3209|-|-|-
1357,1374,1668,1685,2950,2966,3194,3210|-|-|-
1358,1375,1669,1686,2951,2967,3195,3211|-|-|-
-|-|1357,1374,1668,1685,2950,2966,3194,3210|-
-|-|1358,1375,1669,1686,2951,2967,3195,3211|-
-|-|-|1273,1294,1584,1605,2887,2903,3131,3147
-|-|-|1274,1295,1585,1606,2888,2904,3132,3148
-|-|-|1275,1296,1586,1607,2889,2905,3133,3149
-|-|-|1276,1297,1587,1608,2890,2906,3134,3150
-|-|1281,1302,1592,1613,2895,2911,3139,3155|-
-|-|1282,1303,1593,1614,2896,2912,3140,3156|-
-|-|1283,1304,1594,1615,2897,2913,3141,3157|-
-|-|1284,1305,1595,1616,2898,2914,3142,3158|-
1285,1306,1596,1617,2899,2915,3143,3159|-|-|-
1286,1307,1597,1618,2900,2916,3144,3160|-|-|-
1287,1308,1598,1619,2901,2917,3145,3161|-|-|-
1288,1309,1599,1620,2902,2918,3146,3162|-|-|-
-|1285,1306,1596,1617,2899,2915,3143,3159|-|-
-|1286,1307,1597,1618,2900,2916,3144,3160|-|-
-|1287,1308,1598,1619,2901,2917,3145,3161|-|-
-|1288,1309,1599,1620,2902,2918,3146,3162|-|-
-|1319,1630,2923,3167|-|-
-|1320,1631,2924,3168|-|-
-|1321,1632,2925,3169|-|-
-|1322,1633,2926,3170|-|-
1327,1638,2931,3175|-|-|-
1328,1639,2932,3176|-|-|-
1329,1640,2933,3177|-|-|-
1330,1641,2934,3178|-|-|-
-|-|1327,1638,2931,3175|-
-|-|1328,1639,2932,3176|-
-|-|1329,1640,2933,3177|-
-|-|1330,1641,2934,3178|-
-|-|-|1327,1638,2931,3175
-|-|-|1328,1639,2932,3176
-|-|-|1329,1640,2933,3177
-|-|-|1330,1641,2934,3178
1692,1713,3216,3233|-|-|-
1693,1714,3217,3234|-|-|-
1694,1715,3218,3235|-|-|-
1695,1716,3219,3236|-|-|-
-|1692,1713,3216,3233|-|-
-|1693,1714,3217,3234|-|-
-|1694,1715,3218,3235|-|-
-|1695,1716,3219,3236|-|-
-|-|-|1692,1713,3216,3233
-|-|-|1693,1714,3217,3234
-|-|-|1694,1715,3218,3235
-|-|-|1695,1716,3219,3236
-|1696,1717,3220,3237|-|-
1701,1722,3225,3242|-|-|-
1702,1723,3226,3243|-|-|-
1703,1724,3227,3244|-|-|-
1704,1725,3228,3245|-|-|-
-|-|1701,1722,3225,3242|-
-|-|1702,1723,3226,3243|-
-|-|1703,1724,3227,3244|-
-|-|1704,1725,3228,3245|-
-|-|1730,3246|-
-|-|1731,3247|-
-|-|1732,3248|-
-|-|1733,3249|-
-|-|-|1730,3246
-|-|-|1731,3247
-|-|-|1732,3248
-|-|-|1733,3249
-|1734,3250|-|-
-|1735,3251|-|-
-|1736,3252|-|-
-|1737,3253|-|-
-|-|-|1737,3253
-|-|1738,3254|-
-|-|1739,3255|-
-|-|1740,3256|-
-|-|1741,3257|-
1742,3258|-|-|-
1743,3259|-|-|-
1744,3260|-|-|-
1745,3261|-|-|-
1750,1770,3266,3282|-|-|-
1751,1771,3267,3283|-|-|-
1752,1772,3268,3284|-|-|-
1753,1773,3269,3285|-|-|-
-|-|1750,1770,3266,3282|-
-|-|1751,1771,3267,3283|-
-|-|1752,1772,3268,3284|-
-|-|1753,1773,3269,3285|-
-|1750,1770,3266,3282|-|-
-|1751,1771,3267,3283|-|-
-|1752,1772,3268,3284|-|-
-|1753,1773,3269,3285|-|-
-|-|-|1750,1770,3266,3282
-|-|-|1751,1771,3267,3283
-|-|-|1752,1772,3268,3284
-|-|-|1753,1773,3269,3285
-|1756,1776,3270,3286|-|-
-|1757,1777,3271,3287|-|-
-|-|1758,1778,3272,3288|-
-|-|1759,1779,3273,3289|-
-|-|1760,1780,3274,3290|-
-|-|1761,1781,3275,3291|-
1764,1784,3276,3292|-|-|-
1765,1785,3277,3293|-|-|-
-|1692,1713,3216,3233|-|-
-|1693,1714,3217,3234|-|-
-|1694,1715,3218,3235|-|-
-|1695,1716,3219,3236|-|-
-|-|-|1695,1716,3219,3236
1701,1722,3225,3242|-|-|-
1702,1723,3226,3243|-|-|-
1703,1724,3227,3244|-|-|-
1704,1725,3228,3245|-|-|-
-|-|1701,1722,3225,3242|-
-|-|1702,1723,3226,3243|-
-|-|1703,1724,3227,3244|-
-|-|1704,1725,3228,3245|-
-|-|-|1701,1722,3225,3242
-|-|-|1702,1723,3226,3243
-|-|-|1703,1724,3227,3244
-|-|-|1704,1725,3228,3245
-|-|-|1730,3246
-|-|-|1731,3247
-|-|-|1732,3248
-|-|-|1733,3249
-|1737,3253|-|-
-|-|1738,3254|-
-|-|1739,3255|-
-|-|1740,3256|-
-|-|1741,3257|-
1742,3258|-|-|-
1743,3259|-|-|-
1744,3260|-|-|-
1745,3261|-|-|-
-|1742,3258|-|-
-|1743,3259|-|-
-|1744,3260|-|-
-|1745,3261|-|-
1790,1810,3298,3315|-|-|-
1791,1811,3299,3316|-|-|-
1792,1812,3300,3317|-|-|-
1793,1813,3301,3318|-|-|-
-|1790,1810,3298,3315|-|-
-|1791,1811,3299,3316|-|-
-|1792,1812,3300,3317|-|-
-|1793,1813,3301,3318|-|-
-|-|-|1790,1810,3298,3315
-|-|-|1791,1811,3299,3316
-|-|-|1792,1812,3300,3317
-|-|-|1793,1813,3301,3318
1798,1818,3306,3323|-|-|-
1799,1819,3307,3324|-|-|-
1800,1820,3308,3325|-|-|-
1801,1821,3309,3326|-|-|-
-|-|1798,1818,3306,3323|-
-|-|1799,1819,3307,3324|-
-|-|1800,1820,3308,3325|-
-|-|1801,1821,3309,3326|-
-|-|1826,3328|-
-|-|1827,3329|-
-|-|1828,3330|-
-|-|1829,3331|-
-|-|-|1826,3328
-|-|-|1827,3329
-|-|-|1828,3330
-|-|-|1829,3331
-|1830,3332|-|-
-|1831,3333|-|-
-|1832,3334|-|-
-|1833,3335|-|-
-|-|1834,3336|-
-|-|1835,3337|-
-|-|1836,3338|-
-|-|1837,3339|-
1838,3340|-|-|-
1839,3341|-|-|-
1840,3342|-|-|-
1841,3343|-|-|-
1846,1866,3348,3361|-|-|-
1847,1867,3349,3362|-|-|-
1848,1868,3350,3363|-|-|-
1849,1869,3351,3364|-|-|-
-|-|1846,1866,3348,3361|-
-|-|1847,1867,3349,3362|-
-|-|1848,1868,3350,3363|-
-|-|1849,1869,3351,3364|-
-|1846,1866,3348,3361|-|-
-|1847,1867,3349,3362|-|-
-|1848,1868,3350,3363|-|-
-|1849,1869,3351,3364|-|-
-|-|-|1846,1866,3348,3361
-|-|-|1847,1867,3349,3362
-|-|-|1848,1868,3350,3363
-|-|-|1849,1869,3351,3364
-|-|1854,1874,3352,3365|-
-|-|1855,1875,3353,3366|-
-|-|1856,1876,3354,3367|-
-|-|1857,1877,3355,3368|-
1861,1881,3356,3369|-|-|-
-|1790,1810,3298,3315|-|-
-|1791,1811,3299,3316|-|-
-|1792,1812,3300,3317|-|-
-|1793,1813,3301,3318|-|-
1798,1818,3306,3323|-|-|-
1799,1819,3307,3324|-|-|-
1800,1820,3308,3325|-|-|-
1801,1821,3309,3326|-|-|-
-|-|1798,1818,3306,3323|-
-|-|1799,1819,3307,3324|-
-|-|1800,1820,3308,3325|-
-|-|1801,1821,3309,3326|-
1805,1825,3310,3327|-|-|-
-|-|-|1798,1818,3306,3323
-|-|-|1799,1819,3307,3324
-|-|-|1800,1820,3308,3325
-|-|-|1801,1821,3309,3326
-|-|-|1826,3328
-|-|-|1827,3329
-|-|-|1828,3330
-|-|-|1829,3331
-|-|1834,3336|-
-|-|1835,3337|-
-|-|1836,3338|-
-|-|1837,3339|-
1838,3340|-|-|-
1839,3341|-|-|-
1840,3342|-|-|-
1841,3343|-|-|-
-|-|1841,3343|-
-|1838,3340|-|-
-|1839,3341|-|-
-|1840,3342|-|-
-|1841,3343|-|-
1886,1906,3374,3391|-|-|-
1887,1907,3375,3392|-|-|-
1888,1908,3376,3393|-|-|-
1889,1909,3377,3394|-|-|-
-|1886,1906,3374,3391|-|-
-|1887,1907,3375,3392|-|-
-|1888,1908,3376,3393|-|-
-|1889,1909,3377,3394|-|-
-|-|-|1886,1906,3374,3391
-|-|-|1887,1907,3375,3392
-|-|-|1888,1908,3376,3393
-|-|-|1889,1909,3377,3394
1894,1914,3382,3399|-|-|-
1895,1915,3383,3400|-|-|-
1896,1916,3384,3401|-|-|-
1897,1917,3385,3402|-|-|-
-|-|1894,1914,3382,3399|-
-|-|1895,1915,3383,3400|-
-|-|1896,1916,3384,3401|-
-|-|1897,1917,3385,3402|-
1901,1921,3386,3403|-|-|-
-|-|1922,3404|-
-|-|1923,3405|-
-|-|1924,3406|-
-|-|1925,3407|-
-|-|-|1922,3404
-|-|-|1923,3405
-|-|-|1924,3406
-|-|-|1925,3407
-|1926,3408|-|-
-|1927,3409|-|-
-|1928,3410|-|-
-|1929,3411|-|-
-|-|1930,3412|-
-|-|1931,3413|-
-|-|1932,3414|-
-|-|1933,3415|-
1934,3416|-|-|-
1935,3417|-|-|-
1936,3418|-|-|-
1937,3419|-|-|-
-|-|1937,3419|-
1942,1962,3424,3439|-|-|-
1943,1963,3425,3440|-|-|-
1944,1964,3426,3441|-|-|-
1945,1965,3427,3442|-|-|-
-|-|1942,1962,3424,3439|-
-|-|1943,1963,3425,3440|-
-|-|1944,1964,3426,3441|-
-|-|1945,1965,3427,3442|-
-|1942,1962,3424,3439|-|-
-|1943,1963,3425,3440|-|-
-|1944,1964,3426,3441|-|-
-|1945,1965,3427,3442|-|-
-|-|-|1942,1962,3424,3439
-|-|-|1943,1963,3425,3440
-|-|-|1944,1964,3426,3441
-|-|-|1945,1965,3427,3442
-|1949,1969,3428,3443|-|-
-|-|1950,1970,3429,3444|-
-|-|1951,1971,3430,3445|-
-|-|1952,1972,3431,3446|-
-|-|1953,1973,3432,3447|-
1956,1976,3433,3448|-|-|-
1957,1977,3434,3449|-|-|-
-|1886,1906,3374,3391|-|-
-|1887,1907,3375,3392|-|-
-|1888,1908,3376,3393|-|-
-|1889,1909,3377,3394|-|-
1894,1914,3382,3399|-|-|-
1895,1915,3383,3400|-|-|-
1896,1916,3384,3401|-|-|-
1897,1917,3385,3402|-|-|-
-|-|1894,1914,3382,3399|-
-|-|1895,1915,3383,3400|-
-|-|1896,1916,3384,3401|-
-|-|1897,1917,3385,3402|-
-|-|-|1894,1914,3382,3399
-|-|-|1895,1915,3383,3400
-|-|-|1896,1916,3384,3401
-|-|-|1897,1917,3385,3402
-|-|-|1922,3404
-|-|-|1923,3405
-|-|-|1924,3406
-|-|-|1925,3407
-|-|1930,3412|-
-|-|1931,3413|-
-|-|1932,3414|-
-|-|1933,3415|-
1934,3416|-|-|-
1935,3417|-|-|-
1936,3418|-|-|-
1937,3419|-|-|-
-|1934,3416|-|-
-|1935,3417|-|-
-|1936,3418|-|-
-|1937,3419|-|-
-|-|-|1066,1087,1377,1398,2724,2740,2968,2984
-|-|-|1067,1088,1378,1399,2725,2741,2969,2985
-|-|-|1068,1089,1379,1400,2726,2742,2970,2986
-|-|-|1069,1090,1380,1401,2727,2743,2971,2987
-|1070,1091,1381,1402,2728,2744,2972,2988|-|-
-|1071,1092,1382,1403,2729,2745,2973,2989|-|-
-|1072,1093,1383,1404,2730,2746,2974,2990|-|-
-|1073,1094,1384,1405,2731,2747,2975,2991|-|-
-|-|1074,1095,1385,1406,2732,2748,2976,2992|-
-|-|1075,1096,1386,1407,2733,2749,2977,2993|-
-|-|1076,1097,1387,1408,2734,2750,2978,2994|-
-|-|1077,1098,1388,1409,2735,2751,2979,2995|-
1078,1099,1389,1410,2736,2752,2980,2996|-|-|-
1079,1100,1390,1411,2737,2753,2981,2997|-|-|-
1080,1101,1391,1412,2738,2754,2982,2998|-|-|-
1081,1102,1392,1413,2739,2755,2983,2999|-|-|-
-|1078,1099,1389,1410,2736,2752,2980,2996|-|-
-|1079,1100,1390,1411,2737,2753,2981,2997|-|-
-|1080,1101,1391,1412,2738,2754,2982,2998|-|-
-|1081,1102,1392,1413,2739,2755,2983,2999|-|-
-|1112,1423,2760,3004|-|-
-|1113,1424,2761,3005|-|-
-|1114,1425,2762,3006|-|-
-|1115,1426,2763,3007|-|-
-|-|-|1112,1423,2760,3004
-|-|-|1113,1424,2761,3005
-|-|-|1114,1425,2762,3006
-|-|-|1115,1426,2763,3007
1121,1432,2769,3013|-|-|-
1122,1433,2770,3014|-|-|-
1123,1434,2771,3015|-|-|-
1124,1435,2772,3016|-|-|-
-|-|1121,1432,2769,3013|-
-|-|1122,1433,2770,3014|-
-|-|1123,1434,2771,3015|-
-|-|1124,1435,2772,3016|-
-|-|-|1121,1432,2769,3013
-|-|-|1122,1433,2770,3014
-|-|-|1123,1434,2771,3015
-|-|-|1124,1435,2772,3016
-|1141,1158,1452,1469,2778,2794,3022,3038|-|-
-|1142,1159,1453,1470,2779,2795,3023,3039|-|-
-|1143,1160,1454,1471,2780,2796,3024,3040|-|-
-|1144,1161,1455,1472,2781,2797,3025,3041|-|-
1149,1166,1460,1477,2786,2802,3030,3046|-|-|-
1150,1167,1461,1478,2787,2803,3031,3047|-|-|-
1151,1168,1462,1479,2788,2804,3032,3048|-|-|-
1152,1169,1463,1480,2789,2805,3033,3049|-|-|-
-|-|1149,1166,1460,1477,2786,2802,3030,3046|-
-|-|1150,1167,1461,1478,2787,2803,3031,3047|-
-|-|1151,1168,1462,1479,2788,2804,3032,3048|-
-|-|1152,1169,1463,1480,2789,2805,3033,3049|-
-|1149,1166,1460,1477,2786,2802,3030,3046|-|-
-|1150,1167,1461,1478,2787,2803,3031,3047|-|-
-|1151,1168,1462,1479,2788,2804,3032,3048|-|-
-|1152,1169,1463,1480,2789,2805,3033,3049|-|-
-|-|-|1149,1166,1460,1477,2786,2802,3030,3046
-|-|-|1150,1167,1461,1478,2787,2803,3031,3047
-|-|-|1151,1168,1462,1479,2788,2804,3032,3048
-|-|-|1152,1169,1463,1480,2789,2805,3033,3049
-|-|1074,1095,1385,1406,2732,2748,2976,2992|-
-|-|1075,1096,1386,1407,2733,2749,2977,2993|-
-|-|1076,1097,1387,1408,2734,2750,2978,2994|-
-|-|1077,1098,1388,1409,2735,2751,2979,2995|-
1078,1099,1389,1410,2736,2752,2980,2996|-|-|-
1079,1100,1390,1411,2737,2753,2981,2997|-|-|-
1080,1101,1391,1412,2738,2754,2982,2998|-|-|-
1081,1102,1392,1413,2739,2755,2983,2999|-|-|-
-|-|-|1074,1095,1385,1406,2732,2748,2976,2992
-|-|-|1075,1096,1386,1407,2733,2749,2977,2993
-|-|-|1076,1097,1387,1408,2734,2750,2978,2994
-|-|-|1077,1098,1388,1409,2735,2751,2979,2995
-|1078,1099,1389,1410,2736,2752,2980,2996|-|-
-|1079,1100,1390,1411,2737,2753,2981,2997|-|-
-|1080,1101,1391,1412,2738,2754,2982,2998|-|-
-|1081,1102,1392,1413,2739,2755,2983,2999|-|-
-|-|-|1081,1102,1392,1413,2739,2755,2983,2999
1121,1432,2769,3013|-|-|-
1122,1433,2770,3014|-|-|-
1123,1434,2771,3015|-|-|-
1124,1435,2772,3016|-|-|-
-|-|1121,1432,2769,3013|-
-|-|1122,1433,2770,3014|-
-|-|1123,1434,2771,3015|-
-|-|1124,1435,2772,3016|-
-|1121,1432,2769,3013|-|-
-|1122,1433,2770,3014|-|-
-|1123,1434,2771,3015|-|-
-|1124,1435,2772,3016|-|-
-|-|-|1121,1432,2769,3013
-|-|-|1122,1433,2770,3014
-|-|-|1123,1434,2771,3015
-|-|-|1124,1435,2772,3016
-|1128,1439,2773,3017|-|-
-|-|-|1171,1191,1482,1502,2806,2822,3050,3066
-|-|-|1172,1192,1483,1503,2807,2823,3051,3067
-|-|-|1173,1193,1484,1504,2808,2824,3052,3068
-|-|-|1174,1194,1485,1505,2809,2825,3053,3069
-|1175,1195,1486,1506,2810,2826,3054,3070|-|-
-|1176,1196,1487,1507,2811,2827,3055,3071|-|-
-|1177,1197,1488,1508,2812,2828,3056,3072|-|-
-|1178,1198,1489,1509,2813,2829,3057,3073|-|-
-|-|1179,1199,1490,1510,2814,2830,3058,3074|-
-|-|1180,1200,1491,1511,2815,2831,3059,3075|-
-|-|1181,1201,1492,1512,2816,2832,3060,3076|-
-|-|1182,1202,1493,1513,2817,2833,3061,3077|-
1183,1203,1494,1514,2818,2834,3062,3078|-|-|-
1184,1204,1495,1515,2819,2835,3063,3079|-|-|-
1185,1205,1496,1516,2820,2836,3064,3080|-|-|-
1186,1206,1497,1517,2821,2837,3065,3081|-|-|-
-|1183,1203,1494,1514,2818,2834,3062,3078|-|-
-|1184,1204,1495,1515,2819,2835,3063,3079|-|-
-|1185,1205,1496,1516,2820,2836,3064,3080|-|-
-|1186,1206,1497,1517,2821,2837,3065,3081|-|-
-|1215,1526,2842,3086|-|-
-|1216,1527,2843,3087|-|-
-|1217,1528,2844,3088|-|-
-|1218,1529,2845,3089|-|-
-|-|-|1215,1526,2842,3086
-|-|-|1216,1527,2843,3087
-|-|-|1217,1528,2844,3088
-|-|-|1218,1529,2845,3089
1223,1534,2850,3094|-|-|-
1224,1535,2851,3095|-|-|-
1225,1536,2852,3096|-|-|-
1226,1537,2853,3097|-|-|-
-|-|1223,1534,2850,3094|-
-|-|1224,1535,2851,3095|-
-|-|1225,1536,2852,3096|-
-|-|1226,1537,2853,3097|-
-|-|-|1223,1534,2850,3094
-|-|-|1224,1535,2851,3095
-|-|-|1225,1536,2852,3096
-|-|-|1226,1537,2853,3097
-|1243,1260,1554,1571,2859,2875,3103,3119|-|-
-|1244,1261,1555,1572,2860,2876,3104,3120|-|-
-|1245,1262,1556,1573,2861,2877,3105,3121|-|-
-|1246,1263,1557,1574,2862,2878,3106,3122|-|-
1251,1268,1562,1579,2867,2883,3111,3127|-|-|-
1252,1269,1563,1580,2868,2884,3112,3128|-|-|-
1253,1270,1564,1581,2869,2885,3113,3129|-|-|-
1254,1271,1565,1582,2870,2886,3114,3130|-|-|-
-|-|1251,1268,1562,1579,2867,2883,3111,3127|-
-|-|1252,1269,1563,1580,2868,2884,3112,3128|-
-|-|1253,1270,1564,1581,2869,2885,3113,3129|-
-|-|1254,1271,1565,1582,2870,2886,3114,3130|-
-|1251,1268,1562,1579,2867,2883,3111,3127|-|-
-|1252,1269,1563,1580,2868,2884,3112,3128|-|-
-|1253,1270,1564,1581,2869,2885,3113,3129|-|-
-|1254,1271,1565,1582,2870,2886,3114,3130|-|-
-|-|-|1251,1268,1562,1579,2867,2883,3111,3127
-|-|-|1252,1269,1563,1580,2868,2884,3112,3128
-|-|-|1253,1270,1564,1581,2869,2885,3113,3129
-|-|-|1254,1271,1565,1582,2870,2886,3114,3130
-|-|1179,1199,1490,1510,2814,2830,3058,3074|-
-|-|1180,1200,1491,1511,2815,2831,3059,3075|-
-|-|1181,1201,1492,1512,2816,2832,3060,3076|-
-|-|1182,1202,1493,1513,2817,2833,3061,3077|-
1183,1203,1494,1514,2818,2834,3062,3078|-|-|-
1184,1204,1495,1515,2819,2835,3063,3079|-|-|-
1185,1205,1496,1516,2820,2836,3064,3080|-|-|-
1186,1206,1497,1517,2821,2837,3065,3081|-|-|-
-|-|-|1179,1199,1490,1510,2814,2830,3058,3074
-|-|-|1180,1200,1491,1511,2815,2831,3059,3075
-|-|-|1181,1201,1492,1512,2816,2832,3060,3076
-|-|-|1182,1202,1493,1513,2817,2833,3061,3077
-|1183,1203,1494,1514,2818,2834,3062,3078|-|-
-|1184,1204,1495,1515,2819,2835,3063,3079|-|-
-|1185,1205,1496,1516,2820,2836,3064,3080|-|-
-|1186,1206,1497,1517,2821,2837,3065,3081|-|-
-|-|-|1186,1206,1497,1517,2821,2837,3065,3081
1223,1534,2850,3094|-|-|-
1224,1535,2851,3095|-|-|-
1225,1536,2852,3096|-|-|-
1226,1537,2853,3097|-|-|-
-|-|1223,1534,2850,3094|-
-|-|1224,1535,2851,3095|-
-|-|1225,1536,2852,3096|-
-|-|1226,1537,2853,3097|-
-|1223,1534,2850,3094|-|-
-|1224,1535,2851,3095|-|-
-|1225,1536,2852,3096|-|-
-|1226,1537,2853,3097|-|-
-|-|-|1223,1534,2850,3094
-|-|-|1224,1535,2851,3095
-|-|-|1225,1536,2852,3096
-|-|-|1226,1537,2853,3097
-|1230,1541,2854,3098|-|-
-|-|-|1273,1294,1584,1605,2887,2903,3131,3147
-|-|-|1274,1295,1585,1606,2888,2904,3132,3148
-|-|-|1275,1296,1586,1607,2889,2905,3133,3149
-|-|-|1276,1297,1587,1608,2890,2906,3134,3150
-|1277,1298,1588,1609,2891,2907,3135,3151|-|-
-|1278,1299,1589,1610,2892,2908,3136,3152|-|-
-|1279,1300,1590,1611,2893,2909,3137,3153|-|-
-|1280,1301,1591,1612,2894,2910,3138,3154|-|-
-|-|1281,1302,1592,1613,2895,2911,3139,3155|-
-|-|1282,1303,1593,1614,2896,2912,3140,3156|-
-|-|1283,1304,1594,1615,2897,2913,3141,3157|-
-|-|1284,1305,1595,1616,2898,2914,3142,3158|-
1285,1306,1596,1617,2899,2915,3143,3159|-|-|-
1286,1307,1597,1618,2900,2916,3144,3160|-|-|-
1287,1308,1598,1619,2901,2917,3145,3161|-|-|-
1288,1309,1599,1620,2902,2918,3146,3162|-|-|-
-|1285,1306,1596,1617,2899,2915,3143,3159|-|-
-|1286,1307,1597,1618,2900,2916,3144,3160|-|-
-|1287,1308,1598,1619,2901,2917,3145,3161|-|-
-|1288,1309,1599,1620,2902,2918,3146,3162|-|-
-|1319,1630,2923,3167|-|-
-|1320,1631,2924,3168|-|-
-|1321,1632,2925,3169|-|-
-|1322,1633,2926,3170|-|-
-|-|-|1319,1630,2923,3167
-|-|-|1320,1631,2924,3168
-|-|-|1321,1632,2925,3169
-|-|-|1322,1633,2926,3170
1327,1638,2931,3175|-|-|-
1328,1639,2932,3176|-|-|-
1329,1640,2933,3177|-|-|-
1330,1641,2934,3178|-|-|-
-|-|1327,1638,2931,3175|-
-|-|1328,1639,2932,3176|-
-|-|1329,1640,2933,3177|-
-|-|1330,1641,2934,3178|-
-|-|-|1327,1638,2931,3175
-|-|-|1328,1639,2932,3176
-|-|-|1329,1640,2933,3177
-|-|-|1330,1641,2934,3178
-|1347,1364,1658,1675,2940,2956,3184,3200|-|-
-|1348,1365,1659,1676,2941,2957,3185,3201|-|-
-|1349,1366,1660,1677,2942,2958,3186,3202|-|-
-|1350,1367,1661,1678,2943,2959,3187,3203|-|-
1355,1372,1666,1683,2948,2964,3192,3208|-|-|-
1356,1373,1667,1684,2949,2965,3193,3209|-|-|-
1357,1374,1668,1685,2950,2966,3194,3210|-|-|-
1358,1375,1669,1686,2951,2967,3195,3211|-|-|-
-|-|1355,1372,1666,1683,2948,2964,3192,3208|-
-|-|1356,1373,1667,1684,2949,2965,3193,3209|-
-|-|1357,1374,1668,1685,2950,2966,3194,3210|-
-|-|1358,1375,1669,1686,2951,2967,3195,3211|-
-|1355,1372,1666,1683,2948,2964,3192,3208|-|-
-|1356,1373,1667,1684,2949,2965,3193,3209|-|-
-|1357,1374,1668,1685,2950,2966,3194,3210|-|-
-|1358,1375,1669,1686,2951,2967,3195,3211|-|-
-|-|-|1355,1372,1666,1683,2948,2964,3192,3208
-|-|-|1356,1373,1667,1684,2949,2965,3193,3209
-|-|-|1357,1374,1668,1685,2950,2966,3194,3210
-|-|-|1358,1375,1669,1686,2951,2967,3195,3211
-|-|1281,1302,1592,1613,2895,2911,3139,3155|-
-|-|1282,1303,1593,1614,2896,2912,3140,3156|-
-|-|1283,1304,1594,1615,2897,2913,3141,3157|-
-|-|1284,1305,1595,1616,2898,2914,3142,3158|-
1285,1306,1596,1617,2899,2915,3143,3159|-|-|-
1286,1307,1597,1618,2900,2916,3144,3160|-|-|-
1287,1308,1598,1619,2901,2917,3145,3161|-|-|-
1288,1309,1599,1620,2902,2918,3146,3162|-|-|-
-|-|-|1281,1302,1592,1613,2895,2911,3139,3155
-|-|-|1282,1303,1593,1614,2896,2912,3140,3156
-|-|-|1283,1304,1594,1615,2897,2913,3141,3157
-|-|-|1284,1305,1595,1616,2898,2914,3142,3158
-|1285,1306,1596,1617,2899,2915,3143,3159|-|-
-|1286,1307,1597,1618,2900,2916,3144,3160|-|-
-|1287,1308,1598,1619,2901,2917,3145,3161|-|-
-|1288,1309,1599,1620,2902,2918,3146,3162|-|-
-|-|-|1288,1309,1599,1620,2902,2918,3146,3162
1327,1638,2931,3175|-|-|-
1328,1639,2932,3176|-|-|-
1329,1640,2933,3177|-|-|-
1330,1641,2934,3178|-|-|-
-|-|1327,1638,2931,3175|-
-|-|1328,1639,2932,3176|-
-|-|1329,1640,2933,3177|-
-|-|1330,1641,2934,3178|-
-|1327,1638,2931,3175|-|-
-|1328,1639,2932,3176|-|-
-|1329,1640,2933,3177|-|-
-|1330,1641,2934,3178|-|-
-|-|-|1327,1638,2931,3175
-|-|-|1328,1639,2932,3176
-|-|-|1329,1640,2933,3177
-|-|-|1330,1641,2934,3178
-|1334,1645,2935,3179|-|-
-|124,146,449,471|-|-
-|125,147,450,472|-|-
-|126,148,451,473|-|-
-|127,149,452,474|-|-
-|-|-|126,148,451,473
-|-|-|127,149,452,474
133,155,458,480|-|-|-
134,156,459,481|-|-|-
135,157,460,482|-|-|-
136,158,461,483|-|-|-
-|-|133,155,458,480|-
-|-|134,156,459,481|-
-|-|135,157,460,482|-
-|-|136,158,461,483|-
-|133,155,458,480|-|-
-|134,156,459,481|-|-
-|135,157,460,482|-|-
-|136,158,461,483|-|-
-|-|-|133,155,458,480
-|-|-|134,156,459,481
-|-|-|135,157,460,482
-|-|-|136,158,461,483
-|-|-|168,493
-|-|-|169,494
-|-|-|170,495
-|-|-|171,496
-|172,497|-|-
-|173,498|-|-
-|-|178,503|-
-|-|179,504|-
-|-|180,505|-
-|-|181,506|-
182,507|-|-|-
183,508|-|-|-
184,509|-|-|-
185,510|-|-|-
-|-|-|178,503
-|-|-|179,504
-|-|-|180,505
-|-|-|181,506
-|182,507|-|-
-|183,508|-|-
-|184,509|-|-
-|185,510|-|-
-|198,217,523,542|-|-
-|199,218,524,543|-|-
-|200,219,525,544|-|-
-|201,220,526,545|-|-
-|-|-|198,217,523,542
-|-|-|199,218,524,543
-|-|-|200,219,525,544
-|-|-|201,220,526,545
-|202,221,527,546|-|-
207,226,532,551|-|-|-
208,227,533,552|-|-|-
209,228,534,553|-|-|-
210,229,535,554|-|-|-
-|-|207,226,532,551|-
-|-|208,227,533,552|-
-|-|209,228,534,553|-
-|-|210,229,535,554|-
-|-|-|207,226,532,551
-|-|-|208,227,533,552
-|-|-|209,228,534,553
-|-|-|210,229,535,554
133,155,458,480|-|-|-
134,156,459,481|-|-|-
135,157,460,482|-|-|-
136,158,461,483|-|-|-
-|-|135,157,460,482|-
-|-|136,158,461,483|-
-|133,155,458,480|-|-
-|134,156,459,481|-|-
-|135,157,460,482|-|-
-|136,158,461,483|-|-
-|-|-|133,155,458,480
-|-|-|134,156,459,481
-|-|-|135,157,460,482
-|-|-|136,158,461,483
-|-|178,503|-
-|-|179,504|-
-|-|180,505|-
-|-|181,506|-
184,509|-|-|-
185,510|-|-|-
-|-|-|178,503
-|-|-|179,504
-|-|-|180,505
-|-|-|181,506
-|182,507|-|-
-|183,508|-|-
-|184,509|-|-
-|185,510|-|-
-|236,257,561,582|-|-
-|237,258,562,583|-|-
-|238,259,563,584|-|-
-|239,260,564,585|-|-
244,265,569,590|-|-|-
245,266,570,591|-|-|-
246,267,571,592|-|-|-
247,268,572,593|-|-|-
-|-|244,265,569,590|-
-|-|245,266,570,591|-
-|-|246,267,571,592|-
-|-|247,268,572,593|-
-|244,265,569,590|-|-
-|245,266,570,591|-|-
-|246,267,571,592|-|-
-|247,268,572,593|-|-
-|-|-|244,265,569,590
-|-|-|245,266,570,591
-|-|-|246,267,571,592
-|-|-|247,268,572,593
-|-|-|278,603
-|-|-|279,604
-|-|-|280,605
-|-|-|281,606
-|-|286,611|-
-|-|287,612|-
-|-|288,613|-
-|-|289,614|-
290,615|-|-|-
291,616|-|-|-
292,617|-|-|-
293,618|-|-|-
-|-|-|286,611
-|-|-|287,612
-|-|-|288,613
-|-|-|289,614
-|290,615|-|-
-|291,616|-|-
-|292,617|-|-
-|293,618|-|-
-|306,324,631,649|-|-
-|307,325,632,650|-|-
-|308,326,633,651|-|-
-|309,327,634,652|-|-
-|-|-|306,324,631,649
-|-|-|307,325,632,650
-|-|-|308,326,633,651
-|-|-|309,327,634,652
315,333,640,658|-|-|-
316,334,641,659|-|-|-
317,335,642,660|-|-|-
318,336,643,661|-|-|-
-|-|315,333,640,658|-
-|-|316,334,641,659|-
-|-|317,335,642,660|-
-|-|318,336,643,661|-
-|-|-|315,333,640,658
-|-|-|316,334,641,659
-|-|-|317,335,642,660
-|-|-|318,336,643,661
244,265,569,590|-|-|-
245,266,570,591|-|-|-
246,267,571,592|-|-|-
247,268,572,593|-|-|-
-|-|246,267,571,592|-
-|-|247,268,572,593|-
-|244,265,569,590|-|-
-|245,266,570,591|-|-
-|246,267,571,592|-|-
-|247,268,572,593|-|-
-|-|-|244,265,569,590
-|-|-|245,266,570,591
-|-|-|246,267,571,592
-|-|-|247,268,572,593
-|-|286,611|-
-|-|287,612|-
-|-|288,613|-
-|-|289,614|-
292,617|-|-|-
293,618|-|-|-
-|-|-|286,611
-|-|-|287,612
-|-|-|288,613
-|-|-|289,614
-|290,615|-|-
-|291,616|-|-
-|292,617|-|-
-|293,618|-|-
-|342,363,667,688|-|-
-|343,364,668,689|-|-
-|344,365,669,690|-|-
-|345,366,670,691|-|-
350,371,675,696|-|-|-
351,372,676,697|-|-|-
352,373,677,698|-|-|-
353,374,678,699|-|-|-
-|-|350,371,675,696|-
-|-|351,372,676,697|-
-|-|352,373,677,698|-
-|-|353,374,678,699|-
-|350,371,675,696|-|-
-|351,372,676,697|-|-
-|352,373,677,698|-|-
-|353,374,678,699|-|-
-|-|-|350,371,675,696
-|-|-|351,372,676,697
-|-|-|352,373,677,698
-|-|-|353,374,678,699
-|-|-|384,709
-|-|-|385,710
-|-|-|386,711
-|-|-|387,712
-|-|393,718|-
-|-|394,719|-
-|-|395,720|-
-|-|396,721|-
397,722|-|-|-
398,723|-|-|-
399,724|-|-|-
400,725|-|-|-
-|-|-|393,718
-|-|-|394,719
-|-|-|395,720
-|-|-|396,721
-|397,722|-|-
-|398,723|-|-
-|399,724|-|-
-|400,725|-|-
-|413,431,738,756|-|-
-|414,432,739,757|-|-
-|415,433,740,758|-|-
-|416,434,741,759|-|-
-|-|-|413,431,738,756
-|-|-|414,432,739,757
-|-|-|415,433,740,758
-|-|-|416,434,741,759
421,439,746,764|-|-|-
422,440,747,765|-|-|-
423,441,748,766|-|-|-
424,442,749,767|-|-|-
-|-|421,439,746,764|-
-|-|422,440,747,765|-
-|-|423,441,748,766|-
-|-|424,442,749,767|-
426,444,751,769|-|-|-
-|-|-|421,439,746,764
-|-|-|422,440,747,765
-|-|-|423,441,748,766
-|-|-|424,442,749,767
350,371,675,696|-|-|-
351,372,676,697|-|-|-
352,373,677,698|-|-|-
353,374,678,699|-|-|-
-|-|353,374,678,699|-
-|350,371,675,696|-|-
-|351,372,676,697|-|-
-|352,373,677,698|-|-
-|353,374,678,699|-|-
-|-|-|350,371,675,696
-|-|-|351,372,676,697
-|-|-|352,373,677,698
-|-|-|353,374,678,699
-|-|393,718|-
-|-|394,719|-
-|-|395,720|-
-|-|396,721|-
400,725|-|-|-
-|-|-|393,718
-|-|-|394,719
-|-|-|395,720
-|-|-|396,721
-|397,722|-|-
-|398,723|-|-
-|399,724|-|-
-|400,725|-|-
-|-|-|774,796
-|-|-|775,797
-|-|-|776,798
-|-|-|777,799
-|778,800|-|-
-|779,801|-|-
-|-|784,806|-
-|-|785,807|-
-|-|786,808|-
-|-|787,809|-
788,810|-|-|-
789,811|-|-|-
790,812|-|-|-
791,813|-|-|-
-|-|-|784,806
-|-|-|785,807
-|-|-|786,808
-|-|-|787,809
-|788,810|-|-
-|789,811|-|-
-|790,812|-|-
-|791,813|-|-
-|818|-|-
-|819|-|-
-|820|-|-
-|821|-|-
-|-|-|820
-|-|-|821
827|-|-|-
828|-|-|-
829|-|-|-
830|-|-|-
-|-|827|-
-|-|828|-
-|-|829|-
-|-|830|-
-|827|-|-
-|828|-|-
-|829|-|-
-|830|-|-
-|-|-|827
-|-|-|828
-|-|-|829
-|-|-|830
-|-|-|835,855
-|-|-|836,856
-|-|-|837,857
-|-|-|838,858
-|839,859|-|-
-|840,860|-|-
-|841,861|-|-
-|842,862|-|-
-|-|-|842,862
-|-|843,863|-
-|-|844,864|-
-|-|845,865|-
-|-|846,866|-
847,867|-|-|-
848,868|-|-|-
849,869|-|-|-
850,870|-|-|-
-|847,867|-|-
-|848,868|-|-
-|849,869|-|-
-|850,870|-|-
-|-|784,806|-
-|-|785,807|-
-|-|786,808|-
-|-|787,809|-
790,812|-|-|-
791,813|-|-|-
-|-|-|784,806
-|-|-|785,807
-|-|-|786,808
-|-|-|787,809
-|788,810|-|-
-|789,811|-|-
-|790,812|-|-
-|791,813|-|-
827|-|-|-
828|-|-|-
829|-|-|-
830|-|-|-
-|-|829|-
-|-|830|-
-|827|-|-
-|828|-|-
-|829|-|-
-|830|-|-
-|-|-|827
-|-|-|828
-|-|-|829
-|-|-|830
-|-|-|875,895
-|-|-|876,896
-|-|-|877,897
-|-|-|878,898
-|-|883,903|-
-|-|884,904|-
-|-|885,905|-
-|-|886,906|-
887,907|-|-|-
888,908|-|-|-
889,909|-|-|-
890,910|-|-|-
-|-|-|883,903
-|-|-|884,904
-|-|-|885,905
-|-|-|886,906
-|887,907|-|-
-|888,908|-|-
-|889,909|-|-
-|890,910|-|-
-|915|-|-
-|916|-|-
-|917|-|-
-|918|-|-
923|-|-|-
924|-|-|-
925|-|-|-
926|-|-|-
-|-|923|-
-|-|924|-
-|-|925|-
-|-|926|-
-|923|-|-
-|924|-|-
-|925|-|-
-|926|-|-
-|-|-|923
-|-|-|924
-|-|-|925
-|-|-|926
-|-|-|931,951
-|-|-|932,952
-|-|-|933,953
-|-|-|934,954
-|935,955|-|-
-|936,956|-|-
-|937,957|-|-
-|938,958|-|-
-|-|939,959|-
-|-|940,960|-
-|-|941,961|-
-|-|942,962|-
943,963|-|-|-
944,964|-|-|-
945,965|-|-|-
946,966|-|-|-
-|943,963|-|-
-|944,964|-|-
-|945,965|-|-
-|946,966|-|-
-|-|883,903|-
-|-|884,904|-
-|-|885,905|-
-|-|886,906|-
889,909|-|-|-
890,910|-|-|-
-|-|-|883,903
-|-|-|884,904
-|-|-|885,905
-|-|-|886,906
-|887,907|-|-
-|888,908|-|-
-|889,909|-|-
-|890,910|-|-
923|-|-|-
924|-|-|-
925|-|-|-
926|-|-|-
-|-|925|-
-|-|926|-
-|923|-|-
-|924|-|-
-|925|-|-
-|926|-|-
-|-|-|923
-|-|-|924
-|-|-|925
-|-|-|926
-|-|-|971,992
-|-|-|972,993
-|-|-|973,994
-|-|-|974,995
-|-|980,1001|-
-|-|981,1002|-
-|-|982,1003|-
-|-|983,1004|-
984,1005|-|-|-
985,1006|-|-|-
986,1007|-|-|-
987,1008|-|-|-
-|-|-|980,1001
-|-|-|981,1002
-|-|-|982,1003
-|-|-|983,1004
-|984,1005|-|-
-|985,1006|-|-
-|986,1007|-|-
-|987,1008|-|-
-|1013|-|-
-|1014|-|-
-|1015|-|-
-|1016|-|-
1021|-|-|-
1022|-|-|-
1023|-|-|-
1024|-|-|-
-|-|1021|-
-|-|1022|-
-|-|1023|-
-|-|1024|-
-|1021|-|-
-|1022|-|-
-|1023|-|-
-|1024|-|-
-|-|-|1021
-|-|-|1022
-|-|-|1023
-|-|-|1024
-|-|-|1030,1050
-|-|-|1031,1051
-|-|-|1032,1052
-|-|-|1033,1053
-|1034,1054|-|-
-|1035,1055|-|-
-|1036,1056|-|-
-|1037,1057|-|-
-|-|1038,1058|-
-|-|1039,1059|-
-|-|1040,1060|-
-|-|1041,1061|-
1042,1062|-|-|-
1043,1063|-|-|-
1044,1064|-|-|-
1045,1065|-|-|-
-|-|1045,1065|-
-|1042,1062|-|-
-|1043,1063|-|-
-|1044,1064|-|-
-|1045,1065|-|-
-|-|980,1001|-
-|-|981,1002|-
-|-|982,1003|-
-|-|983,1004|-
987,1008|-|-|-
-|-|-|980,1001
-|-|-|981,1002
-|-|-|982,1003
-|-|-|983,1004
-|984,1005|-|-
-|985,1006|-|-
-|986,1007|-|-
-|987,1008|-|-
1021|-|-|-
1022|-|-|-
1023|-|-|-
1024|-|-|-
-|-|1024|-
-|1021|-|-
-|1022|-|-
-|1023|-|-
-|1024|-|-
-|-|-|1021
-|-|-|1022
-|-|-|1023
-|-|-|1024
133,155,458,480|-|-|-
134,156,459,481|-|-|-
135,157,460,482|-|-|-
136,158,461,483|-|-|-
-|-|133,155,458,480|-
-|-|134,156,459,481|-
-|-|135,157,460,482|-
-|-|136,158,461,483|-
137,159,462,484|-|-|-
-|133,155,458,480|-|-
-|134,156,459,481|-|-
-|135,157,460,482|-|-
-|136,158,461,483|-|-
-|-|-|133,155,458,480
-|-|-|134,156,459,481
-|-|-|135,157,460,482
-|-|-|136,158,461,483
-|-|178,503|-
-|-|179,504|-
-|-|180,505|-
-|-|181,506|-
182,507|-|-|-
183,508|-|-|-
184,509|-|-|-
185,510|-|-|-
-|-|185,510|-
-|-|-|178,503
-|-|-|179,504
-|-|-|180,505
-|-|-|181,506
-|182,507|-|-
-|183,508|-|-
-|184,509|-|-
-|185,510|-|-
-|-|207,226,532,551|-
-|-|208,227,533,552|-
-|-|209,228,534,553|-
-|-|210,229,535,554|-
211,230,536,555|-|-|-
212,231,537,556|-|-|-
-|-|-|207,226,532,551
-|-|-|208,227,533,552
-|-|-|209,228,534,553
-|-|-|210,229,535,554
-|211,230,536,555|-|-
-|212,231,537,556|-|-
-|133,155,458,480|-|-
-|134,156,459,481|-|-
-|135,157,460,482|-|-
-|136,158,461,483|-|-
-|-|-|133,155,458,480
-|-|-|134,156,459,481
-|-|-|135,157,460,482
-|-|-|136,158,461,483
138,160,463,485|-|-|-
139,161,464,486|-|-|-
140,162,465,487|-|-|-
141,163,466,488|-|-|-
-|-|138,160,463,485|-
-|-|139,161,464,486|-
-|-|140,162,465,487|-
-|-|141,163,466,488|-
-|-|-|178,503
-|-|-|179,504
-|-|-|180,505
-|-|-|181,506
-|182,507|-|-
-|183,508|-|-
-|184,509|-|-
-|185,510|-|-
-|-|186,511|-
-|-|187,512|-
-|-|188,513|-
-|-|189,514|-
190,515|-|-|-
191,516|-|-|-
192,517|-|-|-
193,518|-|-|-
244,265,569,590|-|-|-
245,266,570,591|-|-|-
246,267,571,592|-|-|-
247,268,572,593|-|-|-
-|-|244,265,569,590|-
-|-|245,266,570,591|-
-|-|246,267,571,592|-
-|-|247,268,572,593|-
-|244,265,569,590|-|-
-|245,266,570,591|-|-
-|246,267,571,592|-|-
-|247,268,572,593|-|-
-|-|-|244,265,569,590
-|-|-|245,266,570,591
-|-|-|246,267,571,592
-|-|-|247,268,572,593
-|-|286,611|-
-|-|287,612|-
-|-|288,613|-
-|-|289,614|-
290,615|-|-|-
291,616|-|-|-
292,617|-|-|-
293,618|-|-|-
-|-|-|286,611
-|-|-|287,612
-|-|-|288,613
-|-|-|289,614
-|290,615|-|-
-|291,616|-|-
-|292,617|-|-
-|293,618|-|-
-|-|315,333,640,658|-
-|-|316,334,641,659|-
-|-|317,335,642,660|-
-|-|318,336,643,661|-
-|-|-|315,333,640,658
-|-|-|316,334,641,659
-|-|-|317,335,642,660
-|-|-|318,336,643,661
-|319,337,644,662|-|-
-|244,265,569,590|-|-
-|245,266,570,591|-|-
-|246,267,571,592|-|-
-|247,268,572,593|-|-
-|-|-|244,265,569,590
-|-|-|245,266,570,591
-|-|-|246,267,571,592
-|-|-|247,268,572,593
-|248,269,573,594|-|-
249,270,574,595|-|-|-
250,271,575,596|-|-|-
251,272,576,597|-|-|-
252,273,577,598|-|-|-
-|-|249,270,574,595|-
-|-|250,271,575,596|-
-|-|251,272,576,597|-
-|-|252,273,577,598|-
-|-|-|286,611
-|-|-|287,612
-|-|-|288,613
-|-|-|289,614
-|290,615|-|-
-|291,616|-|-
-|292,617|-|-
-|293,618|-|-
-|-|-|293,618
-|-|294,619|-
-|-|295,620|-
-|-|296,621|-
-|-|297,622|-
298,623|-|-|-
299,624|-|-|-
300,625|-|-|-
301,626|-|-|-
350,371,675,696|-|-|-
351,372,676,697|-|-|-
352,373,677,698|-|-|-
353,374,678,699|-|-|-
-|-|350,371,675,696|-
-|-|351,372,676,697|-
-|-|352,373,677,698|-
-|-|353,374,678,699|-
-|350,371,675,696|-|-
-|351,372,676,697|-|-
-|352,373,677,698|-|-
-|353,374,678,699|-|-
-|-|-|350,371,675,696
-|-|-|351,372,676,697
-|-|-|352,373,677,698
-|-|-|353,374,678,699
-|354,375,679,700|-|-
-|-|393,718|-
-|-|394,719|-
-|-|395,720|-
-|-|396,721|-
397,722|-|-|-
398,723|-|-|-
399,724|-|-|-
400,725|-|-|-
-|-|-|393,718
-|-|-|394,719
-|-|-|395,720
-|-|-|396,721
-|397,722|-|-
-|398,723|-|-
-|399,724|-|-
-|400,725|-|-
-|-|-|400,725
-|-|421,439,746,764|-
-|-|422,440,747,765|-
-|-|423,441,748,766|-
-|-|424,442,749,767|-
-|-|-|421,439,746,764
-|-|-|422,440,747,765
-|-|-|423,441,748,766
-|-|-|424,442,749,767
-|425,443,750,768|-|-
-|426,444,751,769|-|-
-|350,371,675,696|-|-
-|351,372,676,697|-|-
-|352,373,677,698|-|-
-|353,374,678,699|-|-
-|-|-|350,371,675,696
-|-|-|351,372,676,697
-|-|-|352,373,677,698
-|-|-|353,374,678,699
355,376,680,701|-|-|-
356,377,681,702|-|-|-
357,378,682,703|-|-|-
358,379,683,704|-|-|-
-|-|355,376,680,701|-
-|-|356,377,681,702|-
-|-|357,378,682,703|-
-|-|358,379,683,704|-
-|-|-|393,718
-|-|-|394,719
-|-|-|395,720
-|-|-|396,721
-|397,722|-|-
-|398,723|-|-
-|399,724|-|-
-|400,725|-|-
-|-|401,726|-
-|-|402,727|-
-|-|403,728|-
-|-|404,729|-
405,730|-|-|-
406,731|-|-|-
407,732|-|-|-
408,733|-|-|-
-|1070,1091,1381,1402|-|-
-|1071,1092,1382,1403|-|-
-|1072,1093,1383,1404|-|-
-|1073,1094,1384,1405|-|-
1078,1099,1389,1410|-|-|-
1079,1100,1390,1411|-|-|-
1080,1101,1391,1412|-|-|-
1081,1102,1392,1413|-|-|-
-|-|1078,1099,1389,1410|-
-|-|1079,1100,1390,1411|-
-|-|1080,1101,1391,1412|-
-|-|1081,1102,1392,1413|-
-|1078,1099,1389,1410|-|-
-|1079,1100,1390,1411|-|-
-|1080,1101,1391,1412|-|-
-|1081,1102,1392,1413|-|-
-|-|-|1078,1099,1389,1410
-|-|-|1079,1100,1390,1411
-|-|-|1080,1101,1391,1412
-|-|-|1081,1102,1392,1413
-|-|-|1112,1423
-|-|-|1113,1424
-|-|-|1114,1425
-|-|-|1115,1426
-|-|1121,1432|-
-|-|1122,1433|-
-|-|1123,1434|-
-|-|1124,1435|-
1125,1436|-|-|-
1126,1437|-|-|-
1127,1438|-|-|-
1128,1439|-|-|-
-|-|-|1121,1432
-|-|-|1122,1433
-|-|-|1123,1434
-|-|-|1124,1435
-|1125,1436|-|-
-|1126,1437|-|-
-|1127,1438|-|-
-|1128,1439|-|-
-|1141,1158,1452,1469|-|-
-|1142,1159,1453,1470|-|-
-|1143,1160,1454,1471|-|-
-|1144,1161,1455,1472|-|-
-|-|-|1141,1158,1452,1469
-|-|-|1142,1159,1453,1470
-|-|-|1143,1160,1454,1471
-|-|-|1144,1161,1455,1472
1149,1166,1460,1477|-|-|-
1150,1167,1461,1478|-|-|-
1151,1168,1462,1479|-|-|-
1152,1169,1463,1480|-|-|-
-|-|1149,1166,1460,1477|-
-|-|1150,1167,1461,1478|-
-|-|1151,1168,1462,1479|-
-|-|1152,1169,1463,1480|-
1153,1170,1464,1481|-|-|-
-|-|-|1149,1166,1460,1477
-|-|-|1150,1167,1461,1478
-|-|-|1151,1168,1462,1479
-|-|-|1152,1169,1463,1480
1078,1099,1389,1410|-|-|-
1079,1100,1390,1411|-|-|-
1080,1101,1391,1412|-|-|-
1081,1102,1392,1413|-|-|-
-|-|1081,1102,1392,1413|-
-|1078,1099,1389,1410|-|-
-|1079,1100,1390,1411|-|-
-|1080,1101,1391,1412|-|-
-|1081,1102,1392,1413|-|-
-|-|-|1078,1099,1389,1410
-|-|-|1079,1100,1390,1411
-|-|-|1080,1101,1391,1412
-|-|-|1081,1102,1392,1413
-|-|1121,1432|-
-|-|1122,1433|-
-|-|1123,1434|-
-|-|1124,1435|-
1128,1439|-|-|-
-|-|-|1121,1432
-|-|-|1122,1433
-|-|-|1123,1434
-|-|-|1124,1435
-|1125,1436|-|-
-|1126,1437|-|-
-|1127,1438|-|-
-|1128,1439|-|-
-|1175,1195,1486,1506|-|-
-|1176,1196,1487,1507|-|-
-|1177,1197,1488,1508|-|-
-|1178,1198,1489,1509|-|-
1183,1203,1494,1514|-|-|-
1184,1204,1495,1515|-|-|-
1185,1205,1496,1516|-|-|-
1186,1206,1497,1517|-|-|-
-|-|1183,1203,1494,1514|-
-|-|1184,1204,1495,1515|-
-|-|1185,1205,1496,1516|-
-|-|1186,1206,1497,1517|-
-|1183,1203,1494,1514|-|-
-|1184,1204,1495,1515|-|-
-|1185,1205,1496,1516|-|-
-|1186,1206,1497,1517|-|-
-|-|-|1183,1203,1494,1514
-|-|-|1184,1204,1495,1515
-|-|-|1185,1205,1496,1516
-|-|-|1186,1206,1497,1517
-|-|-|1215,1526
-|-|-|1216,1527
-|-|-|1217,1528
-|-|-|1218,1529
-|-|1223,1534|-
-|-|1224,1535|-
-|-|1225,1536|-
-|-|1226,1537|-
1227,1538|-|-|-
1228,1539|-|-|-
1229,1540|-|-|-
1230,1541|-|-|-
-|-|-|1223,1534
-|-|-|1224,1535
-|-|-|1225,1536
-|-|-|1226,1537
-|1227,1538|-|-
-|1228,1539|-|-
-|1229,1540|-|-
-|1230,1541|-|-
-|1243,1260,1554,1571|-|-
-|1244,1261,1555,1572|-|-
-|1245,1262,1556,1573|-|-
-|1246,1263,1557,1574|-|-
-|-|-|1243,1260,1554,1571
-|-|-|1244,1261,1555,1572
-|-|-|1245,1262,1556,1573
-|-|-|1246,1263,1557,1574
1251,1268,1562,1579|-|-|-
1252,1269,1563,1580|-|-|-
1253,1270,1564,1581|-|-|-
1254,1271,1565,1582|-|-|-
-|-|1251,1268,1562,1579|-
-|-|1252,1269,1563,1580|-
-|-|1253,1270,1564,1581|-
-|-|1254,1271,1565,1582|-
-|-|-|1251,1268,1562,1579
-|-|-|1252,1269,1563,1580
-|-|-|1253,1270,1564,1581
-|-|-|1254,1271,1565,1582
1183,1203,1494,1514|-|-|-
1184,1204,1495,1515|-|-|-
1185,1205,1496,1516|-|-|-
1186,1206,1497,1517|-|-|-
-|1183,1203,1494,1514|-|-
-|1184,1204,1495,1515|-|-
-|1185,1205,1496,1516|-|-
-|1186,1206,1497,1517|-|-
-|-|-|1183,1203,1494,1514
-|-|-|1184,1204,1495,1515
-|-|-|1185,1205,1496,1516
-|-|-|1186,1206,1497,1517
-|-|1223,1534|-
-|-|1224,1535|-
-|-|1225,1536|-
-|-|1226,1537|-
-|-|-|1223,1534
-|-|-|1224,1535
-|-|-|1225,1536
-|-|-|1226,1537
-|1227,1538|-|-
-|1228,1539|-|-
-|1229,1540|-|-
-|1230,1541|-|-
-|1277,1298,1588,1609|-|-
-|1278,1299,1589,1610|-|-
-|1279,1300,1590,1611|-|-
-|1280,1301,1591,1612|-|-
1285,1306,1596,1617|-|-|-
1286,1307,1597,1618|-|-|-
1287,1308,1598,1619|-|-|-
1288,1309,1599,1620|-|-|-
-|-|1285,1306,1596,1617|-
-|-|1286,1307,1597,1618|-
-|-|1287,1308,1598,1619|-
-|-|1288,1309,1599,1620|-
-|1285,1306,1596,1617|-|-
-|1286,1307,1597,1618|-|-
-|1287,1308,1598,1619|-|-
-|1288,1309,1599,1620|-|-
-|-|-|1285,1306,1596,1617
-|-|-|1286,1307,1597,1618
-|-|-|1287,1308,1598,1619
-|-|-|1288,1309,1599,1620
-|-|-|1319,1630
-|-|-|1320,1631
-|-|-|1321,1632
-|-|-|1322,1633
-|-|1327,1638|-
-|-|1328,1639|-
-|-|1329,1640|-
-|-|1330,1641|-
1331,1642|-|-|-
1332,1643|-|-|-
1333,1644|-|-|-
1334,1645|-|-|-
-|-|-|1327,1638
-|-|-|1328,1639
-|-|-|1329,1640
-|-|-|1330,1641
-|1331,1642|-|-
-|1332,1643|-|-
-|1333,1644|-|-
-|1334,1645|-|-
-|1347,1364,1658,1675|-|-
-|1348,1365,1659,1676|-|-
-|1349,1366,1660,1677|-|-
-|1350,1367,1661,1678|-|-
-|-|-|1347,1364,1658,1675
-|-|-|1348,1365,1659,1676
-|-|-|1349,1366,1660,1677
-|-|-|1350,1367,1661,1678
1355,1372,1666,1683|-|-|-
1356,1373,1667,1684|-|-|-
1357,1374,1668,1685|-|-|-
1358,1375,1669,1686|-|-|-
-|-|1355,1372,1666,1683|-
-|-|1356,1373,1667,1684|-
-|-|1357,1374,1668,1685|-
-|-|1358,1375,1669,1686|-
1359,1376,1670,1687|-|-|-
-|-|-|1355,1372,1666,1683
-|-|-|1356,1373,1667,1684
-|-|-|1357,1374,1668,1685
-|-|-|1358,1375,1669,1686
1285,1306,1596,1617|-|-|-
1286,1307,1597,1618|-|-|-
1287,1308,1598,1619|-|-|-
1288,1309,1599,1620|-|-|-
-|1285,1306,1596,1617|-|-
-|1286,1307,1597,1618|-|-
-|1287,1308,1598,1619|-|-
-|1288,1309,1599,1620|-|-
-|-|-|1285,1306,1596,1617
-|-|-|1286,1307,1597,1618
-|-|-|1287,1308,1598,1619
-|-|-|1288,1309,1599,1620
-|-|1327,1638|-
-|-|1328,1639|-
-|-|1329,1640|-
-|-|1330,1641|-
-|-|-|1327,1638
-|-|-|1328,1639
-|-|-|1329,1640
-|-|-|1330,1641
-|1331,1642|-|-
-|1332,1643|-|-
-|1333,1644|-|-
-|1334,1645|-|-
-|-|-|1692,1713
-|-|-|1693,1714
-|-|-|1694,1715
-|-|-|1695,1716
-|-|1701,1722|-
-|-|1702,1723|-
-|-|1703,1724|-
-|-|1704,1725|-
1705,1726|-|-|-
1706,1727|-|-|-
1707,1728|-|-|-
1708,1729|-|-|-
-|-|-|1701,1722
-|-|-|1702,1723
-|-|-|1703,1724
-|-|-|1704,1725
-|1705,1726|-|-
-|1706,1727|-|-
-|1707,1728|-|-
-|1708,1729|-|-
-|1734|-|-
-|1735|-|-
-|1736|-|-
-|1737|-|-
1742|-|-|-
1743|-|-|-
1744|-|-|-
1745|-|-|-
-|-|1742|-
-|-|1743|-
-|-|1744|-
-|-|1745|-
-|1742|-|-
-|1743|-|-
-|1744|-|-
-|1745|-|-
-|-|-|1742
-|-|-|1743
-|-|-|1744
-|-|-|1745
-|-|-|1750,1770
-|-|-|1751,1771
-|-|-|1752,1772
-|-|-|1753,1773
-|1754,1774|-|-
-|1755,1775|-|-
-|1756,1776|-|-
-|1757,1777|-|-
-|-|1758,1778|-
-|-|1759,1779|-
-|-|1760,1780|-
-|-|1761,1781|-
1762,1782|-|-|-
1763,1783|-|-|-
1764,1784|-|-|-
1765,1785|-|-|-
-|-|1765,1785|-
-|1762,1782|-|-
-|1763,1783|-|-
-|1764,1784|-|-
-|1765,1785|-|-
-|-|1701,1722|-
-|-|1702,1723|-
-|-|1703,1724|-
-|-|1704,1725|-
1708,1729|-|-|-
-|-|-|1701,1722
-|-|-|1702,1723
-|-|-|1703,1724
-|-|-|1704,1725
-|1705,1726|-|-
-|1706,1727|-|-
-|1707,1728|-|-
-|1708,1729|-|-
1742|-|-|-
1743|-|-|-
1744|-|-|-
1745|-|-|-
-|-|1745|-
-|1742|-|-
-|1743|-|-
-|1744|-|-
-|1745|-|-
-|-|-|1742
-|-|-|1743
-|-|-|1744
-|-|-|1745
-|-|-|1790,1810
-|-|-|1791,1811
-|-|-|1792,1812
-|-|-|1793,1813
-|-|1798,1818|-
-|-|1799,1819|-
-|-|1800,1820|-
-|-|1801,1821|-
1802,1822|-|-|-
1803,1823|-|-|-
1804,1824|-|-|-
1805,1825|-|-|-
-|-|-|1798,1818
-|-|-|1799,1819
-|-|-|1800,1820
-|-|-|1801,1821
-|1802,1822|-|-
-|1803,1823|-|-
-|1804,1824|-|-
-|1805,1825|-|-
-|1830|-|-
-|1831|-|-
-|1832|-|-
-|1833|-|-
1838|-|-|-
1839|-|-|-
1840|-|-|-
1841|-|-|-
-|-|1838|-
-|-|1839|-
-|-|1840|-
-|-|1841|-
-|1838|-|-
-|1839|-|-
-|1840|-|-
-|1841|-|-
-|-|-|1838
-|-|-|1839
-|-|-|1840
-|-|-|1841
-|-|-|1846,1866
-|-|-|1847,1867
-|-|-|1848,1868
-|-|-|1849,1869
-|1850,1870|-|-
-|1851,1871|-|-
-|1852,1872|-|-
-|1853,1873|-|-
-|-|1854,1874|-
-|-|1855,1875|-
-|-|1856,1876|-
-|-|1857,1877|-
1858,1878|-|-|-
1859,1879|-|-|-
1860,1880|-|-|-
1861,1881|-|-|-
-|1858,1878|-|-
-|1859,1879|-|-
-|1860,1880|-|-
-|1861,1881|-|-
-|-|1798,1818|-
-|-|1799,1819|-
-|-|1800,1820|-
-|-|1801,1821|-
-|-|-|1798,1818
-|-|-|1799,1819
-|-|-|1800,1820
-|-|-|1801,1821
-|1802,1822|-|-
-|1803,1823|-|-
-|1804,1824|-|-
-|1805,1825|-|-
1838|-|-|-
1839|-|-|-
1840|-|-|-
1841|-|-|-
-|1838|-|-
-|1839|-|-
-|1840|-|-
-|1841|-|-
-|-|-|1838
-|-|-|1839
-|-|-|1840
-|-|-|1841
-|-|-|1886,1906
-|-|-|1887,1907
-|-|-|1888,1908
-|-|-|1889,1909
-|-|1894,1914|-
-|-|1895,1915|-
-|-|1896,1916|-
-|-|1897,1917|-
1898,1918|-|-|-
1899,1919|-|-|-
1900,1920|-|-|-
1901,1921|-|-|-
-|-|-|1894,1914
-|-|-|1895,1915
-|-|-|1896,1916
-|-|-|1897,1917
-|1898,1918|-|-
-|1899,1919|-|-
-|1900,1920|-|-
-|1901,1921|-|-
-|1926|-|-
-|1927|-|-
-|1928|-|-
-|1929|-|-
1934|-|-|-
1935|-|-|-
1936|-|-|-
1937|-|-|-
-|-|1934|-
-|-|1935|-
-|-|1936|-
-|-|1937|-
-|1934|-|-
-|1935|-|-
-|1936|-|-
-|1937|-|-
-|-|-|1934
-|-|-|1935
-|-|-|1936
-|-|-|1937
-|-|-|1942,1962
-|-|-|1943,1963
-|-|-|1944,1964
-|-|-|1945,1965
-|1946,1966|-|-
-|1947,1967|-|-
-|1948,1968|-|-
-|1949,1969|-|-
-|-|1950,1970|-
-|-|1951,1971|-
-|-|1952,1972|-
-|-|1953,1973|-
1954,1974|-|-|-
1955,1975|-|-|-
1956,1976|-|-|-
1957,1977|-|-|-
-|-|1957,1977|-
-|1954,1974|-|-
-|1955,1975|-|-
-|1956,1976|-|-
-|1957,1977|-|-
-|-|1894,1914|-
-|-|1895,1915|-
-|-|1896,1916|-
-|-|1897,1917|-
-|-|-|1894,1914
-|-|-|1895,1915
-|-|-|1896,1916
-|-|-|1897,1917
-|1898,1918|-|-
-|1899,1919|-|-
-|1900,1920|-|-
-|1901,1921|-|-
1934|-|-|-
1935|-|-|-
1936|-|-|-
1937|-|-|-
-|1934|-|-
-|1935|-|-
-|1936|-|-
-|1937|-|-
-|-|-|1934
-|-|-|1935
-|-|-|1936
-|-|-|1937
1078,1099,1389,1410|-|-|-
1079,1100,1390,1411|-|-|-
1080,1101,1391,1412|-|-|-
1081,1102,1392,1413|-|-|-
-|-|1078,1099,1389,1410|-
-|-|1079,1100,1390,1411|-
-|-|1080,1101,1391,1412|-
-|-|1081,1102,1392,1413|-
-|1078,1099,1389,1410|-|-
-|1079,1100,1390,1411|-|-
-|1080,1101,1391,1412|-|-
-|1081,1102,1392,1413|-|-
-|-|-|1078,1099,1389,1410
-|-|-|1079,1100,1390,1411
-|-|-|1080,1101,1391,1412
-|-|-|1081,1102,1392,1413
-|-|1121,1432|-
-|-|1122,1433|-
-|-|1123,1434|-
-|-|1124,1435|-
1125,1436|-|-|-
1126,1437|-|-|-
1127,1438|-|-|-
1128,1439|-|-|-
-|-|-|1121,1432
-|-|-|1122,1433
-|-|-|1123,1434
-|-|-|1124,1435
-|1125,1436|-|-
-|1126,1437|-|-
-|1127,1438|-|-
-|1128,1439|-|-
-|-|1149,1166,1460,1477|-
-|-|1150,1167,1461,1478|-
-|-|1151,1168,1462,1479|-
-|-|1152,1169,1463,1480|-
-|-|-|1149,1166,1460,1477
-|-|-|1150,1167,1461,1478
-|-|-|1151,1168,1462,1479
-|-|-|1152,1169,1463,1480
-|1153,1170,1464,1481|-|-
-|1078,1099,1389,1410|-|-
-|1079,1100,1390,1411|-|-
-|1080,1101,1391,1412|-|-
-|1081,1102,1392,1413|-|-
-|-|-|1078,1099,1389,1410
-|-|-|1079,1100,1390,1411
-|-|-|1080,1101,1391,1412
-|-|-|1081,1102,1392,1413
1083,1104,1394,1415|-|-|-
1084,1105,1395,1416|-|-|-
1085,1106,1396,1417|-|-|-
1086,1107,1397,1418|-|-|-
-|-|1083,1104,1394,1415|-
-|-|1084,1105,1395,1416|-
-|-|1085,1106,1396,1417|-
-|-|1086,1107,1397,1418|-
-|-|-|1121,1432
-|-|-|1122,1433
-|-|-|1123,1434
-|-|-|1124,1435
-|1125,1436|-|-
-|1126,1437|-|-
-|1127,1438|-|-
-|1128,1439|-|-
-|-|1129,1440|-
-|-|1130,1441|-
-|-|1131,1442|-
-|-|1132,1443|-
1133,1444|-|-|-
1134,1445|-|-|-
1135,1446|-|-|-
1136,1447|-|-|-
1183,1203,1494,1514|-|-|-
1184,1204,1495,1515|-|-|-
1185,1205,1496,1516|-|-|-
1186,1206,1497,1517|-|-|-
-|-|1183,1203,1494,1514|-
-|-|1184,1204,1495,1515|-
-|-|1185,1205,1496,1516|-
-|-|1186,1206,1497,1517|-
-|1183,1203,1494,1514|-|-
-|1184,1204,1495,1515|-|-
-|1185,1205,1496,1516|-|-
-|1186,1206,1497,1517|-|-
-|-|-|1183,1203,1494,1514
-|-|-|1184,1204,1495,1515
-|-|-|1185,1205,1496,1516
-|-|-|1186,1206,1497,1517
-|-|1223,1534|-
-|-|1224,1535|-
-|-|1225,1536|-
-|-|1226,1537|-
1227,1538|-|-|-
1228,1539|-|-|-
1229,1540|-|-|-
1230,1541|-|-|-
-|-|-|1223,1534
-|-|-|1224,1535
-|-|-|1225,1536
-|-|-|1226,1537
-|1227,1538|-|-
-|1228,1539|-|-
-|1229,1540|-|-
-|1230,1541|-|-
-|-|1251,1268,1562,1579|-
-|-|1252,1269,1563,1580|-
-|-|1253,1270,1564,1581|-
-|-|1254,1271,1565,1582|-
-|-|-|1251,1268,1562,1579
-|-|-|1252,1269,1563,1580
-|-|-|1253,1270,1564,1581
-|-|-|1254,1271,1565,1582
-|1255,1272,1566,1583|-|-
-|1183,1203,1494,1514|-|-
-|1184,1204,1495,1515|-|-
-|1185,1205,1496,1516|-|-
-|1186,1206,1497,1517|-|-
-|-|-|1183,1203,1494,1514
-|-|-|1184,1204,1495,1515
-|-|-|1185,1205,1496,1516
-|-|-|1186,1206,1497,1517
1187,1207,1498,1518|-|-|-
1188,1208,1499,1519|-|-|-
1189,1209,1500,1520|-|-|-
1190,1210,1501,1521|-|-|-
-|-|1187,1207,1498,1518|-
-|-|1188,1208,1499,1519|-
-|-|1189,1209,1500,1520|-
-|-|1190,1210,1501,1521|-
-|-|-|1223,1534
-|-|-|1224,1535
-|-|-|1225,1536
-|-|-|1226,1537
-|1227,1538|-|-
-|1228,1539|-|-
-|1229,1540|-|-
-|1230,1541|-|-
-|-|1231,1542|-
-|-|1232,1543|-
-|-|1233,1544|-
-|-|1234,1545|-
1235,1546|-|-|-
1236,1547|-|-|-
1237,1548|-|-|-
1238,1549|-|-|-
1285,1306,1596,1617|-|-|-
1286,1307,1597,1618|-|-|-
1287,1308,1598,1619|-|-|-
1288,1309,1599,1620|-|-|-
-|-|1285,1306,1596,1617|-
-|-|1286,1307,1597,1618|-
-|-|1287,1308,1598,1619|-
-|-|1288,1309,1599,1620|-
-|1285,1306,1596,1617|-|-
-|1286,1307,1597,1618|-|-
-|1287,1308,1598,1619|-|-
-|1288,1309,1599,1620|-|-
-|-|-|1285,1306,1596,1617
-|-|-|1286,1307,1597,1618
-|-|-|1287,1308,1598,1619
-|-|-|1288,1309,1599,1620
-|-|1327,1638|-
-|-|1328,1639|-
-|-|1329,1640|-
-|-|1330,1641|-
1331,1642|-|-|-
1332,1643|-|-|-
1333,1644|-|-|-
1334,1645|-|-|-
-|-|-|1327,1638
-|-|-|1328,1639
-|-|-|1329,1640
-|-|-|1330,1641
-|1331,1642|-|-
-|1332,1643|-|-
-|1333,1644|-|-
-|1334,1645|-|-
-|-|1355,1372,1666,1683|-
-|-|1356,1373,1667,1684|-
-|-|1357,1374,1668,1685|-
-|-|1358,1375,1669,1686|-
-|-|-|1355,1372,1666,1683
-|-|-|1356,1373,1667,1684
-|-|-|1357,1374,1668,1685
-|-|-|1358,1375,1669,1686
-|1359,1376,1670,1687|-|-
-|1285,1306,1596,1617|-|-
-|1286,1307,1597,1618|-|-
-|1287,1308,1598,1619|-|-
-|1288,1309,1599,1620|-|-
-|-|-|1285,1306,1596,1617
-|-|-|1286,1307,1597,1618
-|-|-|1287,1308,1598,1619
-|-|-|1288,1309,1599,1620
1290,1311,1601,1622|-|-|-
1291,1312,1602,1623|-|-|-
1292,1313,1603,1624|-|-|-
1293,1314,1604,1625|-|-|-
-|-|1290,1311,1601,1622|-
-|-|1291,1312,1602,1623|-
-|-|1292,1313,1603,1624|-
-|-|1293,1314,1604,1625|-
-|-|-|1327,1638
-|-|-|1328,1639
-|-|-|1329,1640
-|-|-|1330,1641
-|1331,1642|-|-
-|1332,1643|-|-
-|1333,1644|-|-
-|1334,1645|-|-
-|-|1335,1646|-
-|-|1336,1647|-
-|-|1337,1648|-
-|-|1338,1649|-
1339,1650|-|-|-
1340,1651|-|-|-
1341,1652|-|-|-
1342,1653|-|-|-
6756,6777,6878,6897,7194,7211,7291,7307|6990,7010,7107,7121|-|-
-|-|6757,6778,6879,6898,7195,7212,7292,7308|6991,7011,7108,7122
6762,6783,6884,6903,7200,7217,7297,7313|6994,7014,7111,7125|-|-
-|-|6763,6784,6885,6904,7201,7218,7298,7314|6995,7015,7112,7126
-|-|6798,6916,7228,7323|7030,7135
6803,6921,7233,7328|7035,7140|-|-
-|-|6804,6922,7234,7329|7036,7141
6809,6927,7237,7331|7038,7143|-|-
7055,7073,7157,7169|6818,6838,6936,6953,7244,7261,7332,7348|-|-
-|-|7056,7074,7158,7170|6819,6839,6937,6954,7245,7262,7333,7349
7061,7079,7163,7175|6824,6844,6942,6959,7250,7267,7338,7354|-|-
-|-|7062,7080,7164,7176|6825,6845,6943,6960,7251,7268,7339,7355
-|-|6996,7016|6756,6777,7194,7211
7001,7021|6761,6782,7199,7216|-|-
-|-|7002,7022|6762,6783,7200,7217
7004,7024|6764,6785,7202,7219|-|-
7043|6802,7232|-|-
-|-|7044|6803,7233
7049|6808,7236|-|-
-|-|7050|6809,7237
-|-|6826,6846,7252,7269|7055,7073
6831,6851,7257,7274|7060,7078|-|-
-|-|6832,6852,7258,7275|7061,7079
6837,6857,7260,7277|7063,7081|-|-
6756,6777,6878,6897,7194,7211,7291,7307|6990,7010,7107,7121|-|-
6757,6778,6879,6898,7195,7212,7292,7308|6991,7011,7108,7122|-|-
6758,6779,6880,6899,7196,7213,7293,7309|6992,7012,7109,7123|-|-
6759,6780,6881,6900,7197,7214,7294,7310|6993,7013,7110,7124|-|-
-|-|6756,6777,6878,6897,7194,7211,7291,7307|6990,7010,7107,7121
-|-|6757,6778,6879,6898,7195,7212,7292,7308|6991,7011,7108,7122
-|-|6758,6779,6880,6899,7196,7213,7293,7309|6992,7012,7109,7123
-|-|6759,6780,6881,6900,7197,7214,7294,7310|6993,7013,7110,7124
6763,6784,6885,6904,7201,7218,7298,7314|6995,7015,7112,7126|-|-
6996,7016,7113,7127|6756,6777,6878,6897,7194,7211,7291,7307|-|-
6997,7017,7114,7128|6757,6778,6879,6898,7195,7212,7292,7308|-|-
6998,7018,7115,7129|6758,6779,6880,6899,7196,7213,7293,7309|-|-
6999,7019,7116,7130|6759,6780,6881,6900,7197,7214,7294,7310|-|-
-|-|6996,7016,7113,7127|6756,6777,6878,6897,7194,7211,7291,7307
-|-|6997,7017,7114,7128|6757,6778,6879,6898,7195,7212,7292,7308
-|-|6998,7018,7115,7129|6758,6779,6880,6899,7196,7213,7293,7309
-|-|6999,7019,7116,7130|6759,6780,6881,6900,7197,7214,7294,7310
7000,7020,7117,7131|6760,6781,6882,6901,7198,7215,7295,7311|-|-
7001,7021,7118,7132|6761,6782,6883,6902,7199,7216,7296,7312|-|-
7002,7022,7119,7133|6762,6783,6884,6903,7200,7217,7297,7313|-|-
7003,7023,7120,7134|6763,6784,6885,6904,7201,7218,7298,7314|-|-
-|-|6798,6916,7228,7323|7030,7135
-|-|6799,6917,7229,7324|7031,7136
-|-|6800,6918,7230,7325|7032,7137
-|-|6801,6919,7231,7326|7033,7138
6802,6920,7232,7327|7034,7139|-|-
6803,6921,7233,7328|7035,7140|-|-
6804,6922,7234,7329|7036,7141|-|-
6805,6923,7235,7330|7037,7142|-|-
-|-|6805,6923,7235,7330|7037,7142
-|-|7039,7144|6798,6916,7228,7323
-|-|7040,7145|6799,6917,7229,7324
-|-|7041,7146|6800,6918,7230,7325
-|-|7042,7147|6801,6919,7231,7326
7043,7148|6802,6920,7232,7327|-|-
7044,7149|6803,6921,7233,7328|-|-
7045,7150|6804,6922,7234,7329|-|-
7046,7151|6805,6923,7235,7330|-|-
-|-|7043,7148|6802,6920,7232,7327
-|-|7044,7149|6803,6921,7233,7328
-|-|7045,7150|6804,6922,7234,7329
-|-|7046,7151|6805,6923,7235,7330
6996,7016,7113,7127|6756,6777,6878,6897,7194,7211,7291,7307|-|-
6997,7017,7114,7128|6757,6778,6879,6898,7195,7212,7292,7308|-|-
6998,7018,7115,7129|6758,6779,6880,6899,7196,7213,7293,7309|-|-
6999,7019,7116,7130|6759,6780,6881,6900,7197,7214,7294,7310|-|-
-|-|6996,7016,7113,7127|6756,6777,6878,6897,7194,7211,7291,7307
-|-|6997,7017,7114,7128|6757,6778,6879,6898,7195,7212,7292,7308
-|-|6998,7018,7115,7129|6758,6779,6880,6899,7196,7213,7293,7309
-|-|6999,7019,7116,7130|6759,6780,6881,6900,7197,7214,7294,7310
7000,7020,7117,7131|6760,6781,6882,6901,7198,7215,7295,7311|-|-
7001,7021,7118,7132|6761,6782,6883,6902,7199,7216,7296,7312|-|-
7002,7022,7119,7133|6762,6783,6884,6903,7200,7217,7297,7313|-|-
7003,7023,7120,7134|6763,6784,6885,6904,7201,7218,7298,7314|-|-
-|-|6765,6786,6887,6906,7203,7220,7299,7315|6996,7016,7113,7127
-|-|6766,6787,6888,6907,7204,7221,7300,7316|6997,7017,7114,7128
-|-|6767,6788,6889,6908,7205,7222,7301,7317|6998,7018,7115,7129
-|-|6768,6789,6890,6909,7206,7223,7302,7318|6999,7019,7116,7130
6769,6790,6891,6910,7207,7224,7303,7319|7000,7020,7117,7131|-|-
6770,6791,6892,6911,7208,7225,7304,7320|7001,7021,7118,7132|-|-
6771,6792,6893,6912,7209,7226,7305,7321|7002,7022,7119,7133|-|-
6772,6793,6894,6913,7210,7227,7306,7322|7003,7023,7120,7134|-|-
6818,6838,6936,6953,7244,7261,7332,7348|7051,7069,7153,7165|-|-
6819,6839,6937,6954,7245,7262,7333,7349|7052,7070,7154,7166|-|-
6820,6840,6938,6955,7246,7263,7334,7350|7053,7071,7155,7167|-|-
6821,6841,6939,6956,7247,7264,7335,7351|7054,7072,7156,7168|-|-
-|-|6818,6838,6936,6953,7244,7261,7332,7348|7051,7069,7153,7165
-|-|6819,6839,6937,6954,7245,7262,7333,7349|7052,7070,7154,7166
-|-|6820,6840,6938,6955,7246,7263,7334,7350|7053,7071,7155,7167
-|-|6821,6841,6939,6956,7247,7264,7335,7351|7054,7072,7156,7168
7055,7073,7157,7169|6818,6838,6936,6953,7244,7261,7332,7348|-|-
7056,7074,7158,7170|6819,6839,6937,6954,7245,7262,7333,7349|-|-
7057,7075,7159,7171|6820,6840,6938,6955,7246,7263,7334,7350|-|-
7058,7076,7160,7172|6821,6841,6939,6956,7247,7264,7335,7351|-|-
-|-|7055,7073,7157,7169|6818,6838,6936,6953,7244,7261,7332,7348
-|-|7056,7074,7158,7170|6819,6839,6937,6954,7245,7262,7333,7349
-|-|7057,7075,7159,7171|6820,6840,6938,6955,7246,7263,7334,7350
-|-|7058,7076,7160,7172|6821,6841,6939,6956,7247,7264,7335,7351
7059,7077,7161,7173|6822,6842,6940,6957,7248,7265,7336,7352|-|-
7060,7078,7162,7174|6823,6843,6941,6958,7249,7266,7337,7353|-|-
7061,7079,7163,7175|6824,6844,6942,6959,7250,7267,7338,7354|-|-
7062,7080,7164,7176|6825,6845,6943,6960,7251,7268,7339,7355|-|-
-|-|6858,6970,7278,7364|7087,7177
-|-|6859,6971,7279,7365|7088,7178
-|-|6860,6972,7280,7366|7089,7179
-|-|6861,6973,7281,7367|7090,7180
6862,6974,7282,7368|7091,7181|-|-
6863,6975,7283,7369|7092,7182|-|-
6864,6976,7284,7370|7093,7183|-|-
6865,6977,7285,7371|7094,7184|-|-
-|-|7095,7185|6858,6970,7278,7364
-|-|7096,7186|6859,6971,7279,7365
-|-|7097,7187|6860,6972,7280,7366
-|-|7098,7188|6861,6973,7281,7367
7099,7189|6862,6974,7282,7368|-|-
7100,7190|6863,6975,7283,7369|-|-
7101,7191|6864,6976,7284,7370|-|-
7102,7192|6865,6977,7285,7371|-|-
-|-|7099,7189|6862,6974,7282,7368
-|-|7100,7190|6863,6975,7283,7369
-|-|7101,7191|6864,6976,7284,7370
-|-|7102,7192|6865,6977,7285,7371
7055,7073,7157,7169|6818,6838,6936,6953,7244,7261,7332,7348|-|-
7056,7074,7158,7170|6819,6839,6937,6954,7245,7262,7333,7349|-|-
7057,7075,7159,7171|6820,6840,6938,6955,7246,7263,7334,7350|-|-
7058,7076,7160,7172|6821,6841,6939,6956,7247,7264,7335,7351|-|-
-|-|7055,7073,7157,7169|6818,6838,6936,6953,7244,7261,7332,7348
-|-|7056,7074,7158,7170|6819,6839,6937,6954,7245,7262,7333,7349
-|-|7057,7075,7159,7171|6820,6840,6938,6955,7246,7263,7334,7350
-|-|7058,7076,7160,7172|6821,6841,6939,6956,7247,7264,7335,7351
7059,7077,7161,7173|6822,6842,6940,6957,7248,7265,7336,7352|-|-
7060,7078,7162,7174|6823,6843,6941,6958,7249,7266,7337,7353|-|-
7061,7079,7163,7175|6824,6844,6942,6959,7250,7267,7338,7354|-|-
7062,7080,7164,7176|6825,6845,6943,6960,7251,7268,7339,7355|-|-
-|-|6826,6846,6944,6961,7252,7269,7340,7356|7055,7073,7157,7169
-|-|6827,6847,6945,6962,7253,7270,7341,7357|7056,7074,7158,7170
-|-|6828,6848,6946,6963,7254,7271,7342,7358|7057,7075,7159,7171
-|-|6829,6849,6947,6964,7255,7272,7343,7359|7058,7076,7160,7172
6830,6850,6948,6965,7256,7273,7344,7360|7059,7077,7161,7173|-|-
6831,6851,6949,6966,7257,7274,7345,7361|7060,7078,7162,7174|-|-
6832,6852,6950,6967,7258,7275,7346,7362|7061,7079,7163,7175|-|-
6833,6853,6951,6968,7259,7276,7347,7363|7062,7080,7164,7176|-|-
-|-|6996,7016|6756,6777,7194,7211
-|-|6997,7017|6757,6778,7195,7212
-|-|6998,7018|6758,6779,7196,7213
-|-|6999,7019|6759,6780,7197,7214
7000,7020|6760,6781,7198,7215|-|-
7001,7021|6761,6782,7199,7216|-|-
7002,7022|6762,6783,7200,7217|-|-
7003,7023|6763,6784,7201,7218|-|-
-|-|7003,7023|6763,6784,7201,7218
-|-|6765,6786,7203,7220|6996,7016
-|-|6766,6787,7204,7221|6997,7017
-|-|6767,6788,7205,7222|6998,7018
-|-|6768,6789,7206,7223|6999,7019
6769,6790,7207,7224|7000,7020|-|-
6770,6791,7208,7225|7001,7021|-|-
6771,6792,7209,7226|7002,7022|-|-
6772,6793,7210,7227|7003,7023|-|-
-|-|6771,6792,7209,7226|7002,7022
-|-|6772,6793,7210,7227|7003,7023
7043|6802,7232|-|-
7044|6803,7233|-|-
7045|6804,7234|-|-
7046|6805,7235|-|-
-|-|7043|6802,7232
-|-|7044|6803,7233
-|-|7045|6804,7234
-|-|7046|6805,7235
7050|6809,7237|-|-
6810,7238|7043|-|-
6811,7239|7044|-|-
6812,7240|7045|-|-
6813,7241|7046|-|-
-|-|6810,7238|7043
-|-|6811,7239|7044
-|-|6812,7240|7045
-|-|6813,7241|7046
6816,7242|7049|-|-
6817,7243|7050|-|-
-|-|6765,6786,7203,7220|6996,7016
-|-|6766,6787,7204,7221|6997,7017
-|-|6767,6788,7205,7222|6998,7018
-|-|6768,6789,7206,7223|6999,7019
6769,6790,7207,7224|7000,7020|-|-
6770,6791,7208,7225|7001,7021|-|-
6771,6792,7209,7226|7002,7022|-|-
6772,6793,7210,7227|7003,7023|-|-
-|-|6769,6790,7207,7224|7000,7020
-|-|6770,6791,7208,7225|7001,7021
-|-|6771,6792,7209,7226|7002,7022
-|-|6772,6793,7210,7227|7003,7023
7005,7025|6769,6790,7207,7224|-|-
7006,7026|6770,6791,7208,7225|-|-
7007,7027|6771,6792,7209,7226|-|-
7008,7028|6772,6793,7210,7227|-|-
-|-|7005,7025|6769,6790,7207,7224
-|-|7006,7026|6770,6791,7208,7225
-|-|7007,7027|6771,6792,7209,7226
-|-|7008,7028|6772,6793,7210,7227
-|-|7055,7073|6818,6838,7244,7261
-|-|7056,7074|6819,6839,7245,7262
-|-|7057,7075|6820,6840,7246,7263
-|-|7058,7076|6821,6841,7247,7264
7059,7077|6822,6842,7248,7265|-|-
7060,7078|6823,6843,7249,7266|-|-
7061,7079|6824,6844,7250,7267|-|-
7062,7080|6825,6845,7251,7268|-|-
-|-|6826,6846,7252,7269|7055,7073
-|-|6827,6847,7253,7270|7056,7074
-|-|6828,6848,7254,7271|7057,7075
-|-|6829,6849,7255,7272|7058,7076
6830,6850,7256,7273|7059,7077|-|-
6831,6851,7257,7274|7060,7078|-|-
6832,6852,7258,7275|7061,7079|-|-
6833,6853,7259,7276|7062,7080|-|-
-|-|6833,6853,7259,7276|7062,7080
7099|6862,7282|-|-
7100|6863,7283|-|-
7101|6864,7284|-|-
7102|6865,7285|-|-
-|-|7099|6862,7282
-|-|7100|6863,7283
-|-|7101|6864,7284
-|-|7102|6865,7285
6870,7286|7099|-|-
6871,7287|7100|-|-
6872,7288|7101|-|-
6873,7289|7102|-|-
-|-|6870,7286|7099
-|-|6871,7287|7100
-|-|6872,7288|7101
-|-|6873,7289|7102
6877,7290|7106|-|-
-|-|6826,6846,7252,7269|7055,7073
-|-|6827,6847,7253,7270|7056,7074
-|-|6828,6848,7254,7271|7057,7075
-|-|6829,6849,7255,7272|7058,7076
6830,6850,7256,7273|7059,7077|-|-
6831,6851,7257,7274|7060,7078|-|-
6832,6852,7258,7275|7061,7079|-|-
6833,6853,7259,7276|7062,7080|-|-
-|-|6830,6850,7256,7273|7059,7077
-|-|6831,6851,7257,7274|7060,7078
-|-|6832,6852,7258,7275|7061,7079
-|-|6833,6853,7259,7276|7062,7080
7064,7082|6830,6850,7256,7273|-|-
7065,7083|6831,6851,7257,7274|-|-
7066,7084|6832,6852,7258,7275|-|-
7067,7085|6833,6853,7259,7276|-|-
-|-|7064,7082|6830,6850,7256,7273
-|-|7065,7083|6831,6851,7257,7274
-|-|7066,7084|6832,6852,7258,7275
-|-|7067,7085|6833,6853,7259,7276
-|-|6756,6777,6878,6897|6990,7010,7107,7121
-|-|6757,6778,6879,6898|6991,7011,7108,7122
-|-|6758,6779,6880,6899|6992,7012,7109,7123
-|-|6759,6780,6881,6900|6993,7013,7110,7124
6762,6783,6884,6903|6994,7014,7111,7125|-|-
6763,6784,6885,6904|6995,7015,7112,7126|-|-
-|-|6996,7016,7113,7127|6756,6777,6878,6897
-|-|6997,7017,7114,7128|6757,6778,6879,6898
-|-|6998,7018,7115,7129|6758,6779,6880,6899
-|-|6999,7019,7116,7130|6759,6780,6881,6900
7000,7020,7117,7131|6760,6781,6882,6901|-|-
7001,7021,7118,7132|6761,6782,6883,6902|-|-
7002,7022,7119,7133|6762,6783,6884,6903|-|-
7003,7023,7120,7134|6763,6784,6885,6904|-|-
-|-|7003,7023,7120,7134|6763,6784,6885,6904
6769,6790,6891,6910|7000,7020,7117,7131|-|-
6770,6791,6892,6911|7001,7021,7118,7132|-|-
6771,6792,6893,6912|7002,7022,7119,7133|-|-
6772,6793,6894,6913|7003,7023,7120,7134|-|-
-|-|6772,6793,6894,6913|7003,7023,7120,7134
6802,6920|7034,7139|-|-
6803,6921|7035,7140|-|-
6804,6922|7036,7141|-|-
6805,6923|7037,7142|-|-
-|-|6804,6922|7036,7141
-|-|6805,6923|7037,7142
7043,7148|6802,6920|-|-
7044,7149|6803,6921|-|-
7045,7150|6804,6922|-|-
7046,7151|6805,6923|-|-
-|-|7043,7148|6802,6920
-|-|7044,7149|6803,6921
-|-|7045,7150|6804,6922
-|-|7046,7151|6805,6923
7050,7152|6809,6927|-|-
-|-|6810,6928|7043,7148
-|-|6811,6929|7044,7149
-|-|6812,6930|7045,7150
-|-|6813,6931|7046,7151
6817,6935|7050,7152|-|-
-|-|6996,7016,7113,7127|6756,6777,6878,6897
-|-|6997,7017,7114,7128|6757,6778,6879,6898
-|-|6998,7018,7115,7129|6758,6779,6880,6899
-|-|6999,7019,7116,7130|6759,6780,6881,6900
7000,7020,7117,7131|6760,6781,6882,6901|-|-
7001,7021,7118,7132|6761,6782,6883,6902|-|-
7002,7022,7119,7133|6762,6783,6884,6903|-|-
7003,7023,7120,7134|6763,6784,6885,6904|-|-
-|-|7003,7023,7120,7134|6763,6784,6885,6904
-|-|6765,6786,6887,6906|6996,7016,7113,7127
-|-|6766,6787,6888,6907|6997,7017,7114,7128
-|-|6767,6788,6889,6908|6998,7018,7115,7129
-|-|6768,6789,6890,6909|6999,7019,7116,7130
6769,6790,6891,6910|7000,7020,7117,7131|-|-
6770,6791,6892,6911|7001,7021,7118,7132|-|-
6771,6792,6893,6912|7002,7022,7119,7133|-|-
6772,6793,6894,6913|7003,7023,7120,7134|-|-
-|-|6769,6790,6891,6910|7000,7020,7117,7131
-|-|6770,6791,6892,6911|7001,7021,7118,7132
-|-|6771,6792,6893,6912|7002,7022,7119,7133
-|-|6772,6793,6894,6913|7003,7023,7120,7134
-|-|6818,6838,6936,6953|7051,7069,7153,7165
-|-|6819,6839,6937,6954|7052,7070,7154,7166
-|-|6820,6840,6938,6955|7053,7071,7155,7167
-|-|6821,6841,6939,6956|7054,7072,7156,7168
-|-|7055,7073,7157,7169|6818,6838,6936,6953
-|-|7056,7074,7158,7170|6819,6839,6937,6954
-|-|7057,7075,7159,7171|6820,6840,6938,6955
-|-|7058,7076,7160,7172|6821,6841,6939,6956
7059,7077,7161,7173|6822,6842,6940,6957|-|-
7060,7078,7162,7174|6823,6843,6941,6958|-|-
7061,7079,7163,7175|6824,6844,6942,6959|-|-
7062,7080,7164,7176|6825,6845,6943,6960|-|-
-|-|7062,7080,7164,7176|6825,6845,6943,6960
6830,6850,6948,6965|7059,7077,7161,7173|-|-
6831,6851,6949,6966|7060,7078,7162,7174|-|-
6832,6852,6950,6967|7061,7079,7163,7175|-|-
6833,6853,6951,6968|7062,7080,7164,7176|-|-
-|-|6833,6853,6951,6968|7062,7080,7164,7176
6862,6974|7091,7181|-|-
6863,6975|7092,7182|-|-
6864,6976|7093,7183|-|-
6865,6977|7094,7184|-|-
7099,7189|6862,6974|-|-
7100,7190|6863,6975|-|-
7101,7191|6864,6976|-|-
7102,7192|6865,6977|-|-
-|-|7099,7189|6862,6974
-|-|7100,7190|6863,6975
-|-|7101,7191|6864,6976
-|-|7102,7192|6865,6977
7106,7193|6869,6981|-|-
-|-|6870,6982|7099,7189
-|-|6871,6983|7100,7190
-|-|6872,6984|7101,7191
-|-|6873,6985|7102,7192
6877,6989|7106,7193|-|-
-|-|7055,7073,7157,7169|6818,6838,6936,6953
-|-|7056,7074,7158,7170|6819,6839,6937,6954
-|-|7057,7075,7159,7171|6820,6840,6938,6955
-|-|7058,7076,7160,7172|6821,6841,6939,6956
7059,7077,7161,7173|6822,6842,6940,6957|-|-
7060,7078,7162,7174|6823,6843,6941,6958|-|-
7061,7079,7163,7175|6824,6844,6942,6959|-|-
7062,7080,7164,7176|6825,6845,6943,6960|-|-
-|-|6826,6846,6944,6961|7055,7073,7157,7169
-|-|6827,6847,6945,6962|7056,7074,7158,7170
-|-|6828,6848,6946,6963|7057,7075,7159,7171
-|-|6829,6849,6947,6964|7058,7076,7160,7172
6830,6850,6948,6965|7059,7077,7161,7173|-|-
6831,6851,6949,6966|7060,7078,7162,7174|-|-
6832,6852,6950,6967|7061,7079,7163,7175|-|-
6833,6853,6951,6968|7062,7080,7164,7176|-|-
-|-|6830,6850,6948,6965|7059,7077,7161,7173
-|-|6831,6851,6949,6966|7060,7078,7162,7174
-|-|6832,6852,6950,6967|7061,7079,7163,7175
-|-|6833,6853,6951,6968|7062,7080,7164,7176
7000,7020|6760,6781|-|-
7001,7021|6761,6782|-|-
7002,7022|6762,6783|-|-
7003,7023|6763,6784|-|-
-|-|7002,7022|6762,6783
-|-|7003,7023|6763,6784
6769,6790|7000,7020|-|-
6770,6791|7001,7021|-|-
6771,6792|7002,7022|-|-
6772,6793|7003,7023|-|-
-|-|6769,6790|7000,7020
-|-|6770,6791|7001,7021
-|-|6771,6792|7002,7022
-|-|6772,6793|7003,7023
-|-|7043|6802
-|-|7044|6803
-|-|7045|6804
-|-|7046|6805
7049|6808|-|-
7050|6809|-|-
-|-|6810|7043
-|-|6811|7044
-|-|6812|7045
-|-|6813|7046
6814|7047|-|-
6815|7048|-|-
6816|7049|-|-
6817|7050|-|-
6769,6790|7000,7020|-|-
6770,6791|7001,7021|-|-
6771,6792|7002,7022|-|-
6772,6793|7003,7023|-|-
-|-|6769,6790|7000,7020
-|-|6770,6791|7001,7021
-|-|6771,6792|7002,7022
-|-|6772,6793|7003,7023
6776,6797|7004,7024|-|-
7005,7025|6769,6790|-|-
7006,7026|6770,6791|-|-
7007,7027|6771,6792|-|-
7008,7028|6772,6793|-|-
-|-|7005,7025|6769,6790
-|-|7006,7026|6770,6791
-|-|7007,7027|6771,6792
-|-|7008,7028|6772,6793
7009,7029|6776,6797|-|-
7059,7077|6822,6842|-|-
7060,7078|6823,6843|-|-
7061,7079|6824,6844|-|-
7062,7080|6825,6845|-|-
6830,6850|7059,7077|-|-
6831,6851|7060,7078|-|-
6832,6852|7061,7079|-|-
6833,6853|7062,7080|-|-
-|-|6830,6850|7059,7077
-|-|6831,6851|7060,7078
-|-|6832,6852|7061,7079
-|-|6833,6853|7062,7080
-|-|7099|6862
-|-|7100|6863
-|-|7101|6864
-|-|7102|6865
-|-|6870|7099
-|-|6871|7100
-|-|6872|7101
-|-|6873|7102
6874|7103|-|-
6875|7104|-|-
6876|7105|-|-
6877|7106|-|-
6830,6850|7059,7077|-|-
6831,6851|7060,7078|-|-
6832,6852|7061,7079|-|-
6833,6853|7062,7080|-|-
-|-|6830,6850|7059,7077
-|-|6831,6851|7060,7078
-|-|6832,6852|7061,7079
-|-|6833,6853|7062,7080
7064,7082|6830,6850|-|-
7065,7083|6831,6851|-|-
7066,7084|6832,6852|-|-
7067,7085|6833,6853|-|-
-|-|7064,7082|6830,6850
-|-|7065,7083|6831,6851
-|-|7066,7084|6832,6852
-|-|7067,7085|6833,6853
7068,7086|6837,6857|-|-
-|6760,6781,6882,6901|-|-
-|6761,6782,6883,6902|-|-
-|6762,6783,6884,6903|-|-
-|6763,6784,6885,6904|-|-
-|-|-|6760,6781,6882,6901
-|-|-|6761,6782,6883,6902
-|-|-|6762,6783,6884,6903
-|-|-|6763,6784,6885,6904
-|6764,6785,6886,6905|-|-
6769,6790,6891,6910|-|-|-
6770,6791,6892,6911|-|-|-
6771,6792,6893,6912|-|-|-
6772,6793,6894,6913|-|-|-
-|-|6769,6790,6891,6910|-
-|-|6770,6791,6892,6911|-
-|-|6771,6792,6893,6912|-
-|-|6772,6793,6894,6913|-
-|-|-|6802,6920
-|-|-|6803,6921
-|-|-|6804,6922
-|-|-|6805,6923
-|6806,6924|-|-
-|6807,6925|-|-
-|6808,6926|-|-
-|6809,6927|-|-
-|-|-|6809,6927
-|-|6810,6928|-
-|-|6811,6929|-
-|-|6812,6930|-
-|-|6813,6931|-
6814,6932|-|-|-
6815,6933|-|-|-
6816,6934|-|-|-
6817,6935|-|-|-
6769,6790,6891,6910|-|-|-
6770,6791,6892,6911|-|-|-
6771,6792,6893,6912|-|-|-
6772,6793,6894,6913|-|-|-
-|-|6769,6790,6891,6910|-
-|-|6770,6791,6892,6911|-
-|-|6771,6792,6893,6912|-
-|-|6772,6793,6894,6913|-
6775,6796,6895,6914|-|-|-
6776,6797,6896,6915|-|-|-
-|-|-|6769,6790,6891,6910
-|-|-|6770,6791,6892,6911
-|-|-|6771,6792,6893,6912
-|-|-|6772,6793,6894,6913
-|6775,6796,6895,6914|-|-
-|6776,6797,6896,6915|-|-
-|6822,6842,6940,6957|-|-
-|6823,6843,6941,6958|-|-
-|6824,6844,6942,6959|-|-
-|6825,6845,6943,6960|-|-
-|-|-|6822,6842,6940,6957
-|-|-|6823,6843,6941,6958
-|-|-|6824,6844,6942,6959
-|-|-|6825,6845,6943,6960
6830,6850,6948,6965|-|-|-
6831,6851,6949,6966|-|-|-
6832,6852,6950,6967|-|-|-
6833,6853,6951,6968|-|-|-
-|-|6830,6850,6948,6965|-
-|-|6831,6851,6949,6966|-
-|-|6832,6852,6950,6967|-
-|-|6833,6853,6951,6968|-
6837,6857,6952,6969|-|-|-
-|-|-|6862,6974
-|-|-|6863,6975
-|-|-|6864,6976
-|-|-|6865,6977
-|6866,6978|-|-
-|6867,6979|-|-
-|6868,6980|-|-
-|6869,6981|-|-
-|-|6870,6982|-
-|-|6871,6983|-
-|-|6872,6984|-
-|-|6873,6985|-
6874,6986|-|-|-
6875,6987|-|-|-
6876,6988|-|-|-
6877,6989|-|-|-
-|-|6877,6989|-
6830,6850,6948,6965|-|-|-
6831,6851,6949,6966|-|-|-
6832,6852,6950,6967|-|-|-
6833,6853,6951,6968|-|-|-
-|-|6830,6850,6948,6965|-
-|-|6831,6851,6949,6966|-
-|-|6832,6852,6950,6967|-
-|-|6833,6853,6951,6968|-
-|-|-|6830,6850,6948,6965
-|-|-|6831,6851,6949,6966
-|-|-|6832,6852,6950,6967
-|-|-|6833,6853,6951,6968
-|6837,6857,6952,6969|-|-
-|-|6769,6790|-
-|-|6770,6791|-
-|-|6771,6792|-
-|-|6772,6793|-
6773,6794|-|-|-
6774,6795|-|-|-
6775,6796|-|-|-
6776,6797|-|-|-
-|-|-|6769,6790
-|-|-|6770,6791
-|-|-|6771,6792
-|-|-|6772,6793
-|6773,6794|-|-
-|6774,6795|-|-
-|6775,6796|-|-
-|6776,6797|-|-
6814|-|-|-
6815|-|-|-
6816|-|-|-
6817|-|-|-
-|-|6814|-
-|-|6815|-
-|-|6816|-
-|-|6817|-
-|6814|-|-
-|6815|-|-
-|6816|-|-
-|6817|-|-
-|-|-|6814
-|-|-|6815
-|-|-|6816
-|-|-|6817
-|-|-|6769,6790
-|-|-|6770,6791
-|-|-|6771,6792
-|-|-|6772,6793
-|6773,6794|-|-
-|6774,6795|-|-
-|6775,6796|-|-
-|6776,6797|-|-
-|-|-|6776,6797
-|-|6830,6850|-
-|-|6831,6851|-
-|-|6832,6852|-
-|-|6833,6853|-
6834,6854|-|-|-
6835,6855|-|-|-
6836,6856|-|-|-
6837,6857|-|-|-
-|-|-|6830,6850
-|-|-|6831,6851
-|-|-|6832,6852
-|-|-|6833,6853
-|6834,6854|-|-
-|6835,6855|-|-
-|6836,6856|-|-
-|6837,6857|-|-
6874|-|-|-
6875|-|-|-
6876|-|-|-
6877|-|-|-
-|-|6874|-
-|-|6875|-
-|-|6876|-
-|-|6877|-
-|6874|-|-
-|6875|-|-
-|6876|-|-
-|6877|-|-
-|-|-|6874
-|-|-|6875
-|-|-|6876
-|-|-|6877
-|-|-|6830,6850
-|-|-|6831,6851
-|-|-|6832,6852
-|-|-|6833,6853
-|6834,6854|-|-
-|6835,6855|-|-
-|6836,6856|-|-
-|6837,6857|-|-
TRANS 4
0,206,1150,1304|2042,2230,3135,3300|-|-
-|-|1,207,1151,1305|2043,2231,3136,3301
6,212,1156,1310|2046,2234,3139,3304|-|-
-|-|7,213,1157,1311|2047,2235,3140,3305
-|-|22,228,1166,1320|2065,2253,3157,3322
27,233,1171,1325|2070,2258,3162,3327|-|-
-|-|28,234,1172,1326|2071,2259,3163,3328
31,237,1174,1328|2073,2261,3165,3330|-|-
120,326,1236,1390|2149,2337,3232,3397|-|-
-|-|121,327,1237,1391|2150,2338,3233,3398
126,332,1242,1396|2153,2341,3236,3401|-|-
-|-|127,333,1243,1397|2154,2342,3237,3402
2172,2360,3250,3415|138,344,1252,1406|-|-
-|-|2173,2361,3251,3416|139,345,1253,1407
2178,2366,3256,3421|144,350,1258,1412|-|-
-|-|2179,2367,3257,3422|145,351,1259,1413
-|-|2197,2385,3274,3439|159,365,1268,1422
2202,2390,3279,3444|164,370,1273,1427|-|-
-|-|2203,2391,3280,3445|165,371,1274,1428
2206,2394,3282,3447|167,373,1276,1430|-|-
-|-|412,1458|2418,3465
417,1463|2423,3470|-|-
-|-|418,1464|2424,3471
421,1466|2426,3473|-|-
434,1475|2442,3482|-|-
-|-|435,1476|2443,3483
440,1481|2446,3486|-|-
-|-|441,1482|2447,3487
-|-|507,1540|2523,3535
512,1545|2528,3540|-|-
-|-|513,1546|2529,3541
518,1548|2531,3543|-|-
-|-|2550,3560|527,1554
2555,3565|532,1559|-|-
-|-|2556,3566|533,1560
2559,3568|535,1562|-|-
2569,3573|548,1571|-|-
-|-|2570,3574|549,1572
2575,3577|554,1577|-|-
-|-|2576,3578|555,1578
2608,2788,3599,3758|585,783,1603,1751|-|-
-|-|2609,2789,3600,3759|586,784,1604,1752
2614,2794,3605,3764|591,789,1609,1757|-|-
-|-|2615,2795,3606,3765|592,790,1610,1758
-|-|2633,2813,3623,3782|606,804,1619,1767
2638,2818,3628,3787|611,809,1624,1772|-|-
-|-|2639,2819,3629,3788|612,810,1625,1773
2642,2822,3631,3790|614,812,1627,1775|-|-
2711,2891,3693,3852|700,898,1686,1834|-|-
-|-|2712,2892,3694,3853|701,899,1687,1835
2717,2897,3699,3858|706,904,1692,1840|-|-
-|-|2718,2898,3700,3859|707,905,1693,1841
725,923,1710,1858|2728,2908,3705,3864|-|-
-|-|726,924,1711,1859|2729,2909,3706,3865
731,929,1716,1864|2734,2914,3711,3870|-|-
-|-|732,930,1717,1865|2735,2915,3712,3871
-|-|746,944,1726,1874|2753,2933,3729,3888
751,949,1731,1879|2758,2938,3734,3893|-|-
-|-|752,950,1732,1880|2759,2939,3735,3894
757,955,1734,1882|2761,2941,3737,3896|-|-
-|-|2048,2236|0,206
2053,2241|5,211|-|-
-|-|2054,2242|6,212
2056,2244|8,214|-|-
2078,2266|26,232|-|-
-|-|2079,2267|27,233
2082,2270|30,236|-|-
-|-|2083,2271|31,237
-|-|2155,2343|120,326
2160,2348|125,331|-|-
-|-|2161,2349|126,332
2163,2351|128,334|-|-
-|-|146,352|2172,2360
151,357|2177,2365|-|-
-|-|152,358|2178,2366
154,360|2180,2368|-|-
172,378|2201,2389|-|-
-|-|173,379|2202,2390
178,384|2205,2393|-|-
-|-|179,385|2206,2394
2431|416|-|-
-|-|2432|417
2435|420|-|-
-|-|2436|421
-|-|2448|434
2453|439|-|-
-|-|2454|440
2456|442|-|-
2536|511|-|-
-|-|2537|512
2540|517|-|-
-|-|2541|518
540|2554|-|-
-|-|541|2555
546|2558|-|-
-|-|547|2559
-|-|556|2569
561|2574|-|-
-|-|562|2575
564|2577|-|-
-|-|593,791|2608,2788
598,796|2613,2793|-|-
-|-|599,797|2614,2794
601,799|2616,2796|-|-
619,817|2637,2817|-|-
-|-|620,818|2638,2818
625,823|2641,2821|-|-
-|-|626,824|2642,2822
-|-|708,906|2711,2891
713,911|2716,2896|-|-
-|-|714,912|2717,2897
716,914|2719,2899|-|-
-|-|2736,2916|725,923
2741,2921|730,928|-|-
-|-|2742,2922|731,929
2744,2924|733,931|-|-
2762,2942|750,948|-|-
-|-|2763,2943|751,949
2766,2946|756,954|-|-
-|-|2767,2947|757,955
0,206,1150,1304|2042,2230,3135,3300|-|-
1,207,1151,1305|2043,2231,3136,3301|-|-
2,208,1152,1306|2044,2232,3137,3302|-|-
3,209,1153,1307|2045,2233,3138,3303|-|-
-|-|0,206,1150,1304|2042,2230,3135,3300
-|-|1,207,1151,1305|2043,2231,3136,3301
-|-|2,208,1152,1306|2044,2232,3137,3302
-|-|3,209,1153,1307|2045,2233,3138,3303
7,213,1157,1311|2047,2235,3140,3305|-|-
2048,2236,3141,3306|0,206,1150,1304|-|-
2049,2237,3142,3307|1,207,1151,1305|-|-
2050,2238,3143,3308|2,208,1152,1306|-|-
2051,2239,3144,3309|3,209,1153,1307|-|-
-|-|2048,2236,3141,3306|0,206,1150,1304
-|-|2049,2237,3142,3307|1,207,1151,1305
-|-|2050,2238,3143,3308|2,208,1152,1306
-|-|2051,2239,3144,3309|3,209,1153,1307
2055,2243,3148,3313|7,213,1157,1311|-|-
-|-|9,215,1158,1312|2048,2236,3141,3306
-|-|10,216,1159,1313|2049,2237,3142,3307
-|-|11,217,1160,1314|2050,2238,3143,3308
-|-|12,218,1161,1315|2051,2239,3144,3309
-|-|22,228,1166,1320|2065,2253,3157,3322
-|-|23,229,1167,1321|2066,2254,3158,3323
-|-|24,230,1168,1322|2067,2255,3159,3324
-|-|25,231,1169,1323|2068,2256,3160,3325
26,232,1170,1324|2069,2257,3161,3326|-|-
27,233,1171,1325|2070,2258,3162,3327|-|-
28,234,1172,1326|2071,2259,3163,3328|-|-
29,235,1173,1327|2072,2260,3164,3329|-|-
-|-|29,235,1173,1327|2072,2260,3164,3329
-|-|2074,2262,3166,3331|22,228,1166,1320
-|-|2075,2263,3167,3332|23,229,1167,1321
-|-|2076,2264,3168,3333|24,230,1168,1322
-|-|2077,2265,3169,3334|25,231,1169,1323
2078,2266,3170,3335|26,232,1170,1324|-|-
2079,2267,3171,3336|27,233,1171,1325|-|-
2080,2268,3172,3337|28,234,1172,1326|-|-
2081,2269,3173,3338|29,235,1173,1327|-|-
-|-|2081,2269,3173,3338|29,235,1173,1327
36,242,1179,1333|2078,2266,3170,3335|-|-
37,243,1180,1334|2079,2267,3171,3336|-|-
38,244,1181,1335|2080,2268,3172,3337|-|-
39,245,1182,1336|2081,2269,3173,3338|-|-
52,258,1185,1339|2090,2278,3178,3343|-|-
53,259,1186,1340|2091,2279,3179,3344|-|-
54,260,1187,1341|2092,2280,3180,3345|-|-
55,261,1188,1342|2093,2281,3181,3346|-|-
-|-|52,258,1185,1339|2090,2278,3178,3343
-|-|53,259,1186,1340|2091,2279,3179,3344
-|-|54,260,1187,1341|2092,2280,3180,3345
-|-|55,261,1188,1342|2093,2281,3181,3346
58,264,1191,1345|2094,2282,3182,3347|-|-
59,265,1192,1346|2095,2283,3183,3348|-|-
2096,2284,3184,3349|52,258,1185,1339|-|-
2097,2285,3185,3350|53,259,1186,1340|-|-
2098,2286,3186,3351|54,260,1187,1341|-|-
2099,2287,3187,3352|55,261,1188,1342|-|-
-|-|2096,2284,3184,3349|52,258,1185,1339
-|-|2097,2285,3185,3350|53,259,1186,1340
-|-|2098,2286,3186,3351|54,260,1187,1341
-|-|2099,2287,3187,3352|55,261,1188,1342
2100,2288,3188,3353|56,262,1189,1343|-|-
2101,2289,3189,3354|57,263,1190,1344|-|-
2102,2290,3190,3355|58,264,1191,1345|-|-
2103,2291,3191,3356|59,265,1192,1346|-|-
-|-|61,267,1193,1347|2096,2284,3184,3349
-|-|62,268,1194,1348|2097,2285,3185,3350
-|-|63,269,1195,1349|2098,2286,3186,3351
-|-|64,270,1196,1350|2099,2287,3187,3352
65,271,1197,1351|2100,2288,3188,3353|-|-
66,272,1198,1352|2101,2289,3189,3354|-|-
67,273,1199,1353|2102,2290,3190,3355|-|-
68,274,1200,1354|2103,2291,3191,3356|-|-
2048,2236,3141,3306|0,206,1150,1304|-|-
2049,2237,3142,3307|1,207,1151,1305|-|-
2050,2238,3143,3308|2,208,1152,1306|-|-
2051,2239,3144,3309|3,209,1153,1307|-|-
-|-|2048,2236,3141,3306|0,206,1150,1304
-|-|2049,2237,3142,3307|1,207,1151,1305
-|-|2050,2238,3143,3308|2,208,1152,1306
-|-|2051,2239,3144,3309|3,209,1153,1307
2055,2243,3148,3313|7,213,1157,1311|-|-
9,215,1158,1312|2048,2236,3141,3306|-|-
10,216,1159,1313|2049,2237,3142,3307|-|-
11,217,1160,1314|2050,2238,3143,3308|-|-
12,218,1161,1315|2051,2239,3144,3309|-|-
-|-|9,215,1158,1312|2048,2236,3141,3306
-|-|10,216,1159,1313|2049,2237,3142,3307
-|-|11,217,1160,1314|2050,2238,3143,3308
-|-|12,218,1161,1315|2051,2239,3144,3309
15,221,1164,1318|2054,2242,3147,3312|-|-
16,222,1165,1319|2055,2243,3148,3313|-|-
-|-|2074,2262,3166,3331|22,228,1166,1320
-|-|2075,2263,3167,3332|23,229,1167,1321
-|-|2076,2264,3168,3333|24,230,1168,1322
-|-|2077,2265,3169,3334|25,231,1169,1323
2078,2266,3170,3335|26,232,1170,1324|-|-
2079,2267,3171,3336|27,233,1171,1325|-|-
2080,2268,3172,3337|28,234,1172,1326|-|-
2081,2269,3173,3338|29,235,1173,1327|-|-
-|-|2081,2269,3173,3338|29,235,1173,1327
-|-|32,238,1175,1329|2074,2262,3166,3331
-|-|33,239,1176,1330|2075,2263,3167,3332
-|-|34,240,1177,1331|2076,2264,3168,3333
-|-|35,241,1178,1332|2077,2265,3169,3334
36,242,1179,1333|2078,2266,3170,3335|-|-
37,243,1180,1334|2079,2267,3171,3336|-|-
38,244,1181,1335|2080,2268,3172,3337|-|-
39,245,1182,1336|2081,2269,3173,3338|-|-
-|-|38,244,1181,1335|2080,2268,3172,3337
-|-|39,245,1182,1336|2081,2269,3173,3338
71,277,1202,1356|2108,2296,3192,3357|-|-
72,278,1203,1357|2109,2297,3193,3358|-|-
73,279,1204,1358|2110,2298,3194,3359|-|-
74,280,1205,1359|2111,2299,3195,3360|-|-
-|-|71,277,1202,1356|2108,2296,3192,3357
-|-|72,278,1203,1357|2109,2297,3193,3358
-|-|73,279,1204,1358|2110,2298,3194,3359
-|-|74,280,1205,1359|2111,2299,3195,3360
2112,2300,3196,3361|71,277,1202,1356|-|-
2113,2301,3197,3362|72,278,1203,1357|-|-
2114,2302,3198,3363|73,279,1204,1358|-|-
2115,2303,3199,3364|74,280,1205,1359|-|-
-|-|2112,2300,3196,3361|71,277,1202,1356
-|-|2113,2301,3197,3362|72,278,1203,1357
-|-|2114,2302,3198,3363|73,279,1204,1358
-|-|2115,2303,3199,3364|74,280,1205,1359
2119,2307,3203,3368|78,284,1209,1363|-|-
-|-|79,285,1210,1364|2112,2300,3196,3361
-|-|80,286,1211,1365|2113,2301,3197,3362
-|-|81,287,1212,1366|2114,2302,3198,3363
-|-|82,288,1213,1367|2115,2303,3199,3364
-|-|92,298,1218,1372|2128,2316,3212,3377
-|-|93,299,1219,1373|2129,2317,3213,3378
-|-|94,300,1220,1374|2130,2318,3214,3379
-|-|95,301,1221,1375|2131,2319,3215,3380
96,302,1222,1376|2132,2320,3216,3381|-|-
97,303,1223,1377|2133,2321,3217,3382|-|-
98,304,1224,1378|2134,2322,3218,3383|-|-
99,305,1225,1379|2135,2323,3219,3384|-|-
-|-|2136,2324,3220,3385|92,298,1218,1372
-|-|2137,2325,3221,3386|93,299,1219,1373
-|-|2138,2326,3222,3387|94,300,1220,1374
-|-|2139,2327,3223,3388|95,301,1221,1375
2140,2328,3224,3389|96,302,1222,1376|-|-
2141,2329,3225,3390|97,303,1223,1377|-|-
2142,2330,3226,3391|98,304,1224,1378|-|-
2143,2331,3227,3392|99,305,1225,1379|-|-
-|-|2143,2331,3227,3392|99,305,1225,1379
104,310,1230,1384|2140,2328,3224,3389|-|-
105,311,1231,1385|2141,2329,3225,3390|-|-
106,312,1232,1386|2142,2330,3226,3391|-|-
107,313,1233,1387|2143,2331,3227,3392|-|-
120,326,1236,1390|2149,2337,3232,3397|-|-
121,327,1237,1391|2150,2338,3233,3398|-|-
122,328,1238,1392|2151,2339,3234,3399|-|-
123,329,1239,1393|2152,2340,3235,3400|-|-
-|-|120,326,1236,1390|2149,2337,3232,3397
-|-|121,327,1237,1391|2150,2338,3233,3398
-|-|122,328,1238,1392|2151,2339,3234,3399
-|-|123,329,1239,1393|2152,2340,3235,3400
2155,2343,3238,3403|120,326,1236,1390|-|-
2156,2344,3239,3404|121,327,1237,1391|-|-
2157,2345,3240,3405|122,328,1238,1392|-|-
2158,2346,3241,3406|123,329,1239,1393|-|-
-|-|2155,2343,3238,3403|120,326,1236,1390
-|-|2156,2344,3239,3404|121,327,1237,1391
-|-|2157,2345,3240,3405|122,328,1238,1392
-|-|2158,2346,3241,3406|123,329,1239,1393
2159,2347,3242,3407|124,330,1240,1394|-|-
2160,2348,3243,3408|125,331,1241,1395|-|-
2161,2349,3244,3409|126,332,1242,1396|-|-
2162,2350,3245,3410|127,333,1243,1397|-|-
-|-|129,335,1244,1398|2155,2343,3238,3403
-|-|130,336,1245,1399|2156,2344,3239,3404
-|-|131,337,1246,1400|2157,2345,3240,3405
-|-|132,338,1247,1401|2158,2346,3241,3406
133,339,1248,1402|2159,2347,3242,3407|-|-
134,340,1249,1403|2160,2348,3243,3408|-|-
135,341,1250,1404|2161,2349,3244,3409|-|-
136,342,1251,1405|2162,2350,3245,3410|-|-
2112,2300,3196,3361|71,277,1202,1356|-|-
2113,2301,3197,3362|72,278,1203,1357|-|-
2114,2302,3198,3363|73,279,1204,1358|-|-
2115,2303,3199,3364|74,280,1205,1359|-|-
-|-|2112,2300,3196,3361|71,277,1202,1356
-|-|2113,2301,3197,3362|72,278,1203,1357
-|-|2114,2302,3198,3363|73,279,1204,1358
-|-|2115,2303,3199,3364|74,280,1205,1359
2119,2307,3203,3368|78,284,1209,1363|-|-
79,285,1210,1364|2112,2300,3196,3361|-|-
80,286,1211,1365|2113,2301,3197,3362|-|-
81,287,1212,1366|2114,2302,3198,3363|-|-
82,288,1213,1367|2115,2303,3199,3364|-|-
-|-|79,285,1210,1364|2112,2300,3196,3361
-|-|80,286,1211,1365|2113,2301,3197,3362
-|-|81,287,1212,1366|2114,2302,3198,3363
-|-|82,288,1213,1367|2115,2303,3199,3364
86,292,1217,1371|2119,2307,3203,3368|-|-
-|-|2136,2324,3220,3385|92,298,1218,1372
-|-|2137,2325,3221,3386|93,299,1219,1373
-|-|2138,2326,3222,3387|94,300,1220,1374
-|-|2139,2327,3223,3388|95,301,1221,1375
2140,2328,3224,3389|96,302,1222,1376|-|-
2141,2329,3225,3390|97,303,1223,1377|-|-
2142,2330,3226,3391|98,304,1224,1378|-|-
2143,2331,3227,3392|99,305,1225,1379|-|-
-|-|2143,2331,3227,3392|99,305,1225,1379
-|-|100,306,1226,1380|2136,2324,3220,3385
-|-|101,307,1227,1381|2137,2325,3221,3386
-|-|102,308,1228,1382|2138,2326,3222,3387
-|-|103,309,1229,1383|2139,2327,3223,3388
104,310,1230,1384|2140,2328,3224,3389|-|-
105,311,1231,1385|2141,2329,3225,3390|-|-
106,312,1232,1386|2142,2330,3226,3391|-|-
107,313,1233,1387|2143,2331,3227,3392|-|-
-|-|107,313,1233,1387|2143,2331,3227,3392
138,344,1252,1406|2168,2356,3246,3411|-|-
139,345,1253,1407|2169,2357,3247,3412|-|-
140,346,1254,1408|2170,2358,3248,3413|-|-
141,347,1255,1409|2171,2359,3249,3414|-|-
-|-|138,344,1252,1406|2168,2356,3246,3411
-|-|139,345,1253,1407|2169,2357,3247,3412
-|-|140,346,1254,1408|2170,2358,3248,3413
-|-|141,347,1255,1409|2171,2359,3249,3414
2172,2360,3250,3415|138,344,1252,1406|-|-
2173,2361,3251,3416|139,345,1253,1407|-|-
2174,2362,3252,3417|140,346,1254,1408|-|-
2175,2363,3253,3418|141,347,1255,1409|-|-
-|-|2172,2360,3250,3415|138,344,1252,1406
-|-|2173,2361,3251,3416|139,345,1253,1407
-|-|2174,2362,3252,3417|140,346,1254,1408
-|-|2175,2363,3253,3418|141,347,1255,1409
2179,2367,3257,3422|145,351,1259,1413|-|-
-|-|146,352,1260,1414|2172,2360,3250,3415
-|-|147,353,1261,1415|2173,2361,3251,3416
-|-|148,354,1262,1416|2174,2362,3252,3417
-|-|149,355,1263,1417|2175,2363,3253,3418
-|-|159,365,1268,1422|2189,2377,3266,3431
-|-|160,366,1269,1423|2190,2378,3267,3432
-|-|161,367,1270,1424|2191,2379,3268,3433
-|-|162,368,1271,1425|2192,2380,3269,3434
163,369,1272,1426|2193,2381,3270,3435|-|-
164,370,1273,1427|2194,2382,3271,3436|-|-
165,371,1274,1428|2195,2383,3272,3437|-|-
166,372,1275,1429|2196,2384,3273,3438|-|-
-|-|2197,2385,3274,3439|159,365,1268,1422
-|-|2198,2386,3275,3440|160,366,1269,1423
-|-|2199,2387,3276,3441|161,367,1270,1424
-|-|2200,2388,3277,3442|162,368,1271,1425
2201,2389,3278,3443|163,369,1272,1426|-|-
2202,2390,3279,3444|164,370,1273,1427|-|-
2203,2391,3280,3445|165,371,1274,1428|-|-
2204,2392,3281,3446|166,372,1275,1429|-|-
-|-|2204,2392,3281,3446|166,372,1275,1429
172,378,1281,1435|2201,2389,3278,3443|-|-
173,379,1282,1436|2202,2390,3279,3444|-|-
174,380,1283,1437|2203,2391,3280,3445|-|-
175,381,1284,1438|2204,2392,3281,3446|-|-
188,394,1287,1441|2213,2401,3287,3452|-|-
189,395,1288,1442|2214,2402,3288,3453|-|-
190,396,1289,1443|2215,2403,3289,3454|-|-
191,397,1290,1444|2216,2404,3290,3455|-|-
-|-|188,394,1287,1441|2213,2401,3287,3452
-|-|189,395,1288,1442|2214,2402,3288,3453
-|-|190,396,1289,1443|2215,2403,3289,3454
-|-|191,397,1290,1444|2216,2404,3290,3455
195,401,1294,1448|2217,2405,3291,3456|-|-
2218,2406,3292,3457|188,394,1287,1441|-|-
2219,2407,3293,3458|189,395,1288,1442|-|-
2220,2408,3294,3459|190,396,1289,1443|-|-
2221,2409,3295,3460|191,397,1290,1444|-|-
-|-|2218,2406,3292,3457|188,394,1287,1441
-|-|2219,2407,3293,3458|189,395,1288,1442
-|-|2220,2408,3294,3459|190,396,1289,1443
-|-|2221,2409,3295,3460|191,397,1290,1444
2222,2410,3296,3461|192,398,1291,1445|-|-
2223,2411,3297,3462|193,399,1292,1446|-|-
2224,2412,3298,3463|194,400,1293,1447|-|-
2225,2413,3299,3464|195,401,1294,1448|-|-
-|-|196,402,1295,1449|2218,2406,3292,3457
-|-|197,403,1296,1450|2219,2407,3293,3458
-|-|198,404,1297,1451|2220,2408,3294,3459
-|-|199,405,1298,1452|2221,2409,3295,3460
200,406,1299,1453|2222,2410,3296,3461|-|-
201,407,1300,1454|2223,2411,3297,3462|-|-
202,408,1301,1455|2224,2412,3298,3463|-|-
203,409,1302,1456|2225,2413,3299,3464|-|-
2172,2360,3250,3415|138,344,1252,1406|-|-
2173,2361,3251,3416|139,345,1253,1407|-|-
2174,2362,3252,3417|140,346,1254,1408|-|-
2175,2363,3253,3418|141,347,1255,1409|-|-
-|-|2172,2360,3250,3415|138,344,1252,1406
-|-|2173,2361,3251,3416|139,345,1253,1407
-|-|2174,2362,3252,3417|140,346,1254,1408
-|-|2175,2363,3253,3418|141,347,1255,1409
146,352,1260,1414|2172,2360,3250,3415|-|-
147,353,1261,1415|2173,2361,3251,3416|-|-
148,354,1262,1416|2174,2362,3252,3417|-|-
149,355,1263,1417|2175,2363,3253,3418|-|-
-|-|146,352,1260,1414|2172,2360,3250,3415
-|-|147,353,1261,1415|2173,2361,3251,3416
-|-|148,354,1262,1416|2174,2362,3252,3417
-|-|149,355,1263,1417|2175,2363,3253,3418
152,358,1266,1420|2178,2366,3256,3421|-|-
153,359,1267,1421|2179,2367,3257,3422|-|-
-|-|2197,2385,3274,3439|159,365,1268,1422
-|-|2198,2386,3275,3440|160,366,1269,1423
-|-|2199,2387,3276,3441|161,367,1270,1424
-|-|2200,2388,3277,3442|162,368,1271,1425
2201,2389,3278,3443|163,369,1272,1426|-|-
2202,2390,3279,3444|164,370,1273,1427|-|-
2203,2391,3280,3445|165,371,1274,1428|-|-
2204,2392,3281,3446|166,372,1275,1429|-|-
-|-|168,374,1277,1431|2197,2385,3274,3439
-|-|169,375,1278,1432|2198,2386,3275,3440
-|-|170,376,1279,1433|2199,2387,3276,3441
-|-|171,377,1280,1434|2200,2388,3277,3442
172,378,1281,1435|2201,2389,3278,3443|-|-
173,379,1282,1436|2202,2390,3279,3444|-|-
174,380,1283,1437|2203,2391,3280,3445|-|-
175,381,1284,1438|2204,2392,3281,3446|-|-
-|-|174,380,1283,1437|2203,2391,3280,3445
-|-|175,381,1284,1438|2204,2392,3281,3446
-|-|412,1458|2418,3465
-|-|413,1459|2419,3466
-|-|414,1460|2420,3467
-|-|415,1461|2421,3468
416,1462|2422,3469|-|-
417,1463|2423,3470|-|-
418,1464|2424,3471|-|-
419,1465|2425,3472|-|-
-|-|419,1465|2425,3472
-|-|2427,3474|412,1458
-|-|2428,3475|413,1459
-|-|2429,3476|414,1460
-|-|2430,3477|415,1461
2431,3478|416,1462|-|-
2432,3479|417,1463|-|-
2433,3480|418,1464|-|-
2434,3481|419,1465|-|-
-|-|2434,3481|419,1465
426,1471|2431,3478|-|-
427,1472|2432,3479|-|-
428,1473|2433,3480|-|-
429,1474|2434,3481|-|-
434,1475|2442,3482|-|-
435,1476|2443,3483|-|-
436,1477|2444,3484|-|-
437,1478|2445,3485|-|-
-|-|434,1475|2442,3482
-|-|435,1476|2443,3483
-|-|436,1477|2444,3484
-|-|437,1478|2445,3485
441,1482|2447,3487|-|-
2448,3488|434,1475|-|-
2449,3489|435,1476|-|-
2450,3490|436,1477|-|-
2451,3491|437,1478|-|-
-|-|2448,3488|434,1475
-|-|2449,3489|435,1476
-|-|2450,3490|436,1477
-|-|2451,3491|437,1478
2455,3493|441,1482|-|-
-|-|443,1483|2448,3488
-|-|444,1484|2449,3489
-|-|445,1485|2450,3490
-|-|446,1486|2451,3491
-|-|451,1491|2465,3494
-|-|452,1492|2466,3495
-|-|453,1493|2467,3496
-|-|454,1494|2468,3497
455,1495|2469,3498|-|-
456,1496|2470,3499|-|-
457,1497|2471,3500|-|-
458,1498|2472,3501|-|-
-|-|457,1497|2471,3500
-|-|458,1498|2472,3501
-|-|2473,3502|451,1491
-|-|2474,3503|452,1492
-|-|2475,3504|453,1493
-|-|2476,3505|454,1494
2477,3506|455,1495|-|-
2478,3507|456,1496|-|-
2479,3508|457,1497|-|-
2480,3509|458,1498|-|-
-|-|2477,3506|455,1495
-|-|2478,3507|456,1496
-|-|2479,3508|457,1497
-|-|2480,3509|458,1498
463,1501|2477,3506|-|-
464,1502|2478,3507|-|-
465,1503|2479,3508|-|-
466,1504|2480,3509|-|-
-|-|463,1501|2477,3506
-|-|464,1502|2478,3507
-|-|465,1503|2479,3508
-|-|466,1504|2480,3509
-|-|2427,3474|412,1458
-|-|2428,3475|413,1459
-|-|2429,3476|414,1460
-|-|2430,3477|415,1461
2431,3478|416,1462|-|-
2432,3479|417,1463|-|-
2433,3480|418,1464|-|-
2434,3481|419,1465|-|-
-|-|2434,3481|419,1465
-|-|422,1467|2427,3474
-|-|423,1468|2428,3475
-|-|424,1469|2429,3476
-|-|425,1470|2430,3477
426,1471|2431,3478|-|-
427,1472|2432,3479|-|-
428,1473|2433,3480|-|-
429,1474|2434,3481|-|-
-|-|428,1473|2433,3480
-|-|429,1474|2434,3481
2448,3488|434,1475|-|-
2449,3489|435,1476|-|-
2450,3490|436,1477|-|-
2451,3491|437,1478|-|-
-|-|2448,3488|434,1475
-|-|2449,3489|435,1476
-|-|2450,3490|436,1477
-|-|2451,3491|437,1478
2455,3493|441,1482|-|-
443,1483|2448,3488|-|-
444,1484|2449,3489|-|-
445,1485|2450,3490|-|-
446,1486|2451,3491|-|-
-|-|443,1483|2448,3488
-|-|444,1484|2449,3489
-|-|445,1485|2450,3490
-|-|446,1486|2451,3491
449,1489|2454,3492|-|-
450,1490|2455,3493|-|-
-|-|471,1507|2483,3510
-|-|472,1508|2484,3511
-|-|473,1509|2485,3512
-|-|474,1510|2486,3513
475,1511|2487,3514|-|-
476,1512|2488,3515|-|-
477,1513|2489,3516|-|-
478,1514|2490,3517|-|-
-|-|2491,3518|471,1507
-|-|2492,3519|472,1508
-|-|2493,3520|473,1509
-|-|2494,3521|474,1510
2495,3522|475,1511|-|-
2496,3523|476,1512|-|-
2497,3524|477,1513|-|-
2498,3525|478,1514|-|-
-|-|2498,3525|478,1514
483,1519|2495,3522|-|-
484,1520|2496,3523|-|-
485,1521|2497,3524|-|-
486,1522|2498,3525|-|-
491,1524|2503,3526|-|-
492,1525|2504,3527|-|-
493,1526|2505,3528|-|-
494,1527|2506,3529|-|-
-|-|491,1524|2503,3526
-|-|492,1525|2504,3527
-|-|493,1526|2505,3528
-|-|494,1527|2506,3529
2507,3530|491,1524|-|-
2508,3531|492,1525|-|-
2509,3532|493,1526|-|-
2510,3533|494,1527|-|-
-|-|2507,3530|491,1524
-|-|2508,3531|492,1525
-|-|2509,3532|493,1526
-|-|2510,3533|494,1527
2514,3534|498,1531|-|-
-|-|499,1532|2507,3530
-|-|500,1533|2508,3531
-|-|501,1534|2509,3532
-|-|502,1535|2510,3533
-|-|507,1540|2523,3535
-|-|508,1541|2524,3536
-|-|509,1542|2525,3537
-|-|510,1543|2526,3538
511,1544|2527,3539|-|-
512,1545|2528,3540|-|-
513,1546|2529,3541|-|-
514,1547|2530,3542|-|-
-|-|2532,3544|507,1540
-|-|2533,3545|508,1541
-|-|2534,3546|509,1542
-|-|2535,3547|510,1543
2536,3548|511,1544|-|-
2537,3549|512,1545|-|-
2538,3550|513,1546|-|-
2539,3551|514,1547|-|-
-|-|2536,3548|511,1544
-|-|2537,3549|512,1545
-|-|2538,3550|513,1546
-|-|2539,3551|514,1547
519,1549|2536,3548|-|-
520,1550|2537,3549|-|-
521,1551|2538,3550|-|-
522,1552|2539,3551|-|-
-|-|519,1549|2536,3548
-|-|520,1550|2537,3549
-|-|521,1551|2538,3550
-|-|522,1552|2539,3551
-|-|2491,3518|471,1507
-|-|2492,3519|472,1508
-|-|2493,3520|473,1509
-|-|2494,3521|474,1510
2495,3522|475,1511|-|-
2496,3523|476,1512|-|-
2497,3524|477,1513|-|-
2498,3525|478,1514|-|-
-|-|2498,3525|478,1514
-|-|479,1515|2491,3518
-|-|480,1516|2492,3519
-|-|481,1517|2493,3520
-|-|482,1518|2494,3521
483,1519|2495,3522|-|-
484,1520|2496,3523|-|-
485,1521|2497,3524|-|-
486,1522|2498,3525|-|-
-|-|486,1522|2498,3525
2507,3530|491,1524|-|-
2508,3531|492,1525|-|-
2509,3532|493,1526|-|-
2510,3533|494,1527|-|-
-|-|2507,3530|491,1524
-|-|2508,3531|492,1525
-|-|2509,3532|493,1526
-|-|2510,3533|494,1527
2514,3534|498,1531|-|-
499,1532|2507,3530|-|-
500,1533|2508,3531|-|-
501,1534|2509,3532|-|-
502,1535|2510,3533|-|-
-|-|499,1532|2507,3530
-|-|500,1533|2508,3531
-|-|501,1534|2509,3532
-|-|502,1535|2510,3533
506,1539|2514,3534|-|-
-|-|527,1554|2542,3552
-|-|528,1555|2543,3553
-|-|529,1556|2544,3554
-|-|530,1557|2545,3555
531,1558|2546,3556|-|-
532,1559|2547,3557|-|-
533,1560|2548,3558|-|-
534,1561|2549,3559|-|-
-|-|2550,3560|527,1554
-|-|2551,3561|528,1555
-|-|2552,3562|529,1556
-|-|2553,3563|530,1557
2554,3564|531,1558|-|-
2555,3565|532,1559|-|-
2556,3566|533,1560|-|-
2557,3567|534,1561|-|-
-|-|2557,3567|534,1561
540,1567|2554,3564|-|-
541,1568|2555,3565|-|-
542,1569|2556,3566|-|-
543,1570|2557,3567|-|-
548,1571|2565,3569|-|-
549,1572|2566,3570|-|-
550,1573|2567,3571|-|-
551,1574|2568,3572|-|-
-|-|548,1571|2565,3569
-|-|549,1572|2566,3570
-|-|550,1573|2567,3571
-|-|551,1574|2568,3572
2569,3573|548,1571|-|-
2570,3574|549,1572|-|-
2571,3575|550,1573|-|-
2572,3576|551,1574|-|-
-|-|2569,3573|548,1571
-|-|2570,3574|549,1572
-|-|2571,3575|550,1573
-|-|2572,3576|551,1574
2576,3578|555,1578|-|-
-|-|556,1579|2569,3573
-|-|557,1580|2570,3574
-|-|558,1581|2571,3575
-|-|559,1582|2572,3576
-|-|565,1587|2586,3579
-|-|566,1588|2587,3580
-|-|567,1589|2588,3581
-|-|568,1590|2589,3582
569,1591|2590,3583|-|-
570,1592|2591,3584|-|-
571,1593|2592,3585|-|-
572,1594|2593,3586|-|-
-|-|572,1594|2593,3586
-|-|2594,3587|565,1587
-|-|2595,3588|566,1588
-|-|2596,3589|567,1589
-|-|2597,3590|568,1590
2598,3591|569,1591|-|-
2599,3592|570,1592|-|-
2600,3593|571,1593|-|-
2601,3594|572,1594|-|-
-|-|2598,3591|569,1591
-|-|2599,3592|570,1592
-|-|2600,3593|571,1593
-|-|2601,3594|572,1594
577,1597|2598,3591|-|-
578,1598|2599,3592|-|-
579,1599|2600,3593|-|-
580,1600|2601,3594|-|-
-|-|577,1597|2598,3591
-|-|578,1598|2599,3592
-|-|579,1599|2600,3593
-|-|580,1600|2601,3594
-|-|2550,3560|527,1554
-|-|2551,3561|528,1555
-|-|2552,3562|529,1556
-|-|2553,3563|530,1557
2554,3564|531,1558|-|-
2555,3565|532,1559|-|-
2556,3566|533,1560|-|-
2557,3567|534,1561|-|-
-|-|536,1563|2550,3560
-|-|537,1564|2551,3561
-|-|538,1565|2552,3562
-|-|539,1566|2553,3563
540,1567|2554,3564|-|-
541,1568|2555,3565|-|-
542,1569|2556,3566|-|-
543,1570|2557,3567|-|-
-|-|542,1569|2556,3566
-|-|543,1570|2557,3567
2569,3573|548,1571|-|-
2570,3574|549,1572|-|-
2571,3575|550,1573|-|-
2572,3576|551,1574|-|-
-|-|2569,3573|548,1571
-|-|2570,3574|549,1572
-|-|2571,3575|550,1573
-|-|2572,3576|551,1574
556,1579|2569,3573|-|-
557,1580|2570,3574|-|-
558,1581|2571,3575|-|-
559,1582|2572,3576|-|-
-|-|556,1579|2569,3573
-|-|557,1580|2570,3574
-|-|558,1581|2571,3575
-|-|559,1582|2572,3576
562,1585|2575,3577|-|-
563,1586|2576,3578|-|-
2048,2236,3141,3306|0,206,1150,1304|-|-
2049,2237,3142,3307|1,207,1151,1305|-|-
2050,2238,3143,3308|2,208,1152,1306|-|-
2051,2239,3144,3309|3,209,1153,1307|-|-
-|-|2048,2236,3141,3306|0,206,1150,1304
-|-|2049,2237,3142,3307|1,207,1151,1305
-|-|2050,2238,3143,3308|2,208,1152,1306
-|-|2051,2239,3144,3309|3,209,1153,1307
2054,2242,3147,3312|6,212,1156,1310|-|-
2055,2243,3148,3313|7,213,1157,1311|-|-
9,215,1158,1312|2048,2236,3141,3306|-|-
10,216,1159,1313|2049,2237,3142,3307|-|-
11,217,1160,1314|2050,2238,3143,3308|-|-
12,218,1161,1315|2051,2239,3144,3309|-|-
-|-|9,215,1158,1312|2048,2236,3141,3306
-|-|10,216,1159,1313|2049,2237,3142,3307
-|-|11,217,1160,1314|2050,2238,3143,3308
-|-|12,218,1161,1315|2051,2239,3144,3309
13,219,1162,1316|2052,2240,3145,3310|-|-
14,220,1163,1317|2053,2241,3146,3311|-|-
15,221,1164,1318|2054,2242,3147,3312|-|-
16,222,1165,1319|2055,2243,3148,3313|-|-
-|-|2074,2262,3166,3331|22,228,1166,1320
-|-|2075,2263,3167,3332|23,229,1167,1321
-|-|2076,2264,3168,3333|24,230,1168,1322
-|-|2077,2265,3169,3334|25,231,1169,1323
2078,2266,3170,3335|26,232,1170,1324|-|-
2079,2267,3171,3336|27,233,1171,1325|-|-
2080,2268,3172,3337|28,234,1172,1326|-|-
2081,2269,3173,3338|29,235,1173,1327|-|-
-|-|2080,2268,3172,3337|28,234,1172,1326
-|-|2081,2269,3173,3338|29,235,1173,1327
-|-|32,238,1175,1329|2074,2262,3166,3331
-|-|33,239,1176,1330|2075,2263,3167,3332
-|-|34,240,1177,1331|2076,2264,3168,3333
-|-|35,241,1178,1332|2077,2265,3169,3334
36,242,1179,1333|2078,2266,3170,3335|-|-
37,243,1180,1334|2079,2267,3171,3336|-|-
38,244,1181,1335|2080,2268,3172,3337|-|-
39,245,1182,1336|2081,2269,3173,3338|-|-
-|-|36,242,1179,1333|2078,2266,3170,3335
-|-|37,243,1180,1334|2079,2267,3171,3336
-|-|38,244,1181,1335|2080,2268,3172,3337
-|-|39,245,1182,1336|2081,2269,3173,3338
-|-|2096,2284,3184,3349|52,258,1185,1339
-|-|2097,2285,3185,3350|53,259,1186,1340
-|-|2098,2286,3186,3351|54,260,1187,1341
-|-|2099,2287,3187,3352|55,261,1188,1342
2100,2288,3188,3353|56,262,1189,1343|-|-
2101,2289,3189,3354|57,263,1190,1344|-|-
2102,2290,3190,3355|58,264,1191,1345|-|-
2103,2291,3191,3356|59,265,1192,1346|-|-
-|-|2103,2291,3191,3356|59,265,1192,1346
-|-|61,267,1193,1347|2096,2284,3184,3349
-|-|62,268,1194,1348|2097,2285,3185,3350
-|-|63,269,1195,1349|2098,2286,3186,3351
-|-|64,270,1196,1350|2099,2287,3187,3352
65,271,1197,1351|2100,2288,3188,3353|-|-
66,272,1198,1352|2101,2289,3189,3354|-|-
67,273,1199,1353|2102,2290,3190,3355|-|-
68,274,1200,1354|2103,2291,3191,3356|-|-
9,215,1158,1312|2048,2236,3141,3306|-|-
10,216,1159,1313|2049,2237,3142,3307|-|-
11,217,1160,1314|2050,2238,3143,3308|-|-
12,218,1161,1315|2051,2239,3144,3309|-|-
-|-|9,215,1158,1312|2048,2236,3141,3306
-|-|10,216,1159,1313|2049,2237,3142,3307
-|-|11,217,1160,1314|2050,2238,3143,3308
-|-|12,218,1161,1315|2051,2239,3144,3309
13,219,1162,1316|2052,2240,3145,3310|-|-
14,220,1163,1317|2053,2241,3146,3311|-|-
15,221,1164,1318|2054,2242,3147,3312|-|-
16,222,1165,1319|2055,2243,3148,3313|-|-
-|-|2057,2245,3149,3314|9,215,1158,1312
-|-|2058,2246,3150,3315|10,216,1159,1313
-|-|2059,2247,3151,3316|11,217,1160,1314
-|-|2060,2248,3152,3317|12,218,1161,1315
2061,2249,3153,3318|13,219,1162,1316|-|-
2062,2250,3154,3319|14,220,1163,1317|-|-
2063,2251,3155,3320|15,221,1164,1318|-|-
2064,2252,3156,3321|16,222,1165,1319|-|-
-|-|32,238,1175,1329|2074,2262,3166,3331
-|-|33,239,1176,1330|2075,2263,3167,3332
-|-|34,240,1177,1331|2076,2264,3168,3333
-|-|35,241,1178,1332|2077,2265,3169,3334
36,242,1179,1333|2078,2266,3170,3335|-|-
37,243,1180,1334|2079,2267,3171,3336|-|-
38,244,1181,1335|2080,2268,3172,3337|-|-
39,245,1182,1336|2081,2269,3173,3338|-|-
-|-|36,242,1179,1333|2078,2266,3170,3335
-|-|37,243,1180,1334|2079,2267,3171,3336
-|-|38,244,1181,1335|2080,2268,3172,3337
-|-|39,245,1182,1336|2081,2269,3173,3338
2084,2272,3174,3339|36,242,1179,1333|-|-
2085,2273,3175,3340|37,243,1180,1334|-|-
2086,2274,3176,3341|38,244,1181,1335|-|-
2087,2275,3177,3342|39,245,1182,1336|-|-
-|-|2084,2272,3174,3339|36,242,1179,1333
-|-|2085,2273,3175,3340|37,243,1180,1334
-|-|2086,2274,3176,3341|38,244,1181,1335
-|-|2087,2275,3177,3342|39,245,1182,1336
2112,2300,3196,3361|71,277,1202,1356|-|-
2113,2301,3197,3362|72,278,1203,1357|-|-
2114,2302,3198,3363|73,279,1204,1358|-|-
2115,2303,3199,3364|74,280,1205,1359|-|-
-|-|2112,2300,3196,3361|71,277,1202,1356
-|-|2113,2301,3197,3362|72,278,1203,1357
-|-|2114,2302,3198,3363|73,279,1204,1358
-|-|2115,2303,3199,3364|74,280,1205,1359
79,285,1210,1364|2112,2300,3196,3361|-|-
80,286,1211,1365|2113,2301,3197,3362|-|-
81,287,1212,1366|2114,2302,3198,3363|-|-
82,288,1213,1367|2115,2303,3199,3364|-|-
-|-|79,285,1210,1364|2112,2300,3196,3361
-|-|80,286,1211,1365|2113,2301,3197,3362
-|-|81,287,1212,1366|2114,2302,3198,3363
-|-|82,288,1213,1367|2115,2303,3199,3364
83,289,1214,1368|2116,2304,3200,3365|-|-
84,290,1215,1369|2117,2305,3201,3366|-|-
85,291,1216,1370|2118,2306,3202,3367|-|-
86,292,1217,1371|2119,2307,3203,3368|-|-
-|-|2136,2324,3220,3385|92,298,1218,1372
-|-|2137,2325,3221,3386|93,299,1219,1373
-|-|2138,2326,3222,3387|94,300,1220,1374
-|-|2139,2327,3223,3388|95,301,1221,1375
2140,2328,3224,3389|96,302,1222,1376|-|-
2141,2329,3225,3390|97,303,1223,1377|-|-
2142,2330,3226,3391|98,304,1224,1378|-|-
2143,2331,3227,3392|99,305,1225,1379|-|-
-|-|100,306,1226,1380|2136,2324,3220,3385
-|-|101,307,1227,1381|2137,2325,3221,3386
-|-|102,308,1228,1382|2138,2326,3222,3387
-|-|103,309,1229,1383|2139,2327,3223,3388
104,310,1230,1384|2140,2328,3224,3389|-|-
105,311,1231,1385|2141,2329,3225,3390|-|-
106,312,1232,1386|2142,2330,3226,3391|-|-
107,313,1233,1387|2143,2331,3227,3392|-|-
-|-|104,310,1230,1384|2140,2328,3224,3389
-|-|105,311,1231,1385|2141,2329,3225,3390
-|-|106,312,1232,1386|2142,2330,3226,3391
-|-|107,313,1233,1387|2143,2331,3227,3392
-|-|2155,2343,3238,3403|120,326,1236,1390
-|-|2156,2344,3239,3404|121,327,1237,1391
-|-|2157,2345,3240,3405|122,328,1238,1392
-|-|2158,2346,3241,3406|123,329,1239,1393
2159,2347,3242,3407|124,330,1240,1394|-|-
2160,2348,3243,3408|125,331,1241,1395|-|-
2161,2349,3244,3409|126,332,1242,1396|-|-
2162,2350,3245,3410|127,333,1243,1397|-|-
-|-|129,335,1244,1398|2155,2343,3238,3403
-|-|130,336,1245,1399|2156,2344,3239,3404
-|-|131,337,1246,1400|2157,2345,3240,3405
-|-|132,338,1247,1401|2158,2346,3241,3406
133,339,1248,1402|2159,2347,3242,3407|-|-
134,340,1249,1403|2160,2348,3243,3408|-|-
135,341,1250,1404|2161,2349,3244,3409|-|-
136,342,1251,1405|2162,2350,3245,3410|-|-
79,285,1210,1364|2112,2300,3196,3361|-|-
80,286,1211,1365|2113,2301,3197,3362|-|-
81,287,1212,1366|2114,2302,3198,3363|-|-
82,288,1213,1367|2115,2303,3199,3364|-|-
-|-|79,285,1210,1364|2112,2300,3196,3361
-|-|80,286,1211,1365|2113,2301,3197,3362
-|-|81,287,1212,1366|2114,2302,3198,3363
-|-|82,288,1213,1367|2115,2303,3199,3364
83,289,1214,1368|2116,2304,3200,3365|-|-
84,290,1215,1369|2117,2305,3201,3366|-|-
85,291,1216,1370|2118,2306,3202,3367|-|-
86,292,1217,1371|2119,2307,3203,3368|-|-
-|-|2120,2308,3204,3369|79,285,1210,1364
-|-|2121,2309,3205,3370|80,286,1211,1365
-|-|2122,2310,3206,3371|81,287,1212,1366
-|-|2123,2311,3207,3372|82,288,1213,1367
2124,2312,3208,3373|83,289,1214,1368|-|-
2125,2313,3209,3374|84,290,1215,1369|-|-
2126,2314,3210,3375|85,291,1216,1370|-|-
2127,2315,3211,3376|86,292,1217,1371|-|-
-|-|100,306,1226,1380|2136,2324,3220,3385
-|-|101,307,1227,1381|2137,2325,3221,3386
-|-|102,308,1228,1382|2138,2326,3222,3387
-|-|103,309,1229,1383|2139,2327,3223,3388
104,310,1230,1384|2140,2328,3224,3389|-|-
105,311,1231,1385|2141,2329,3225,3390|-|-
106,312,1232,1386|2142,2330,3226,3391|-|-
107,313,1233,1387|2143,2331,3227,3392|-|-
-|-|104,310,1230,1384|2140,2328,3224,3389
-|-|105,311,1231,1385|2141,2329,3225,3390
-|-|106,312,1232,1386|2142,2330,3226,3391
-|-|107,313,1233,1387|2143,2331,3227,3392
2144,2332,3228,3393|104,310,1230,1384|-|-
2145,2333,3229,3394|105,311,1231,1385|-|-
2146,2334,3230,3395|106,312,1232,1386|-|-
2147,2335,3231,3396|107,313,1233,1387|-|-
-|-|2144,2332,3228,3393|104,310,1230,1384
-|-|2145,2333,3229,3394|105,311,1231,1385
-|-|2146,2334,3230,3395|106,312,1232,1386
-|-|2147,2335,3231,3396|107,313,1233,1387
2172,2360,3250,3415|138,344,1252,1406|-|-
2173,2361,3251,3416|139,345,1253,1407|-|-
2174,2362,3252,3417|140,346,1254,1408|-|-
2175,2363,3253,3418|141,347,1255,1409|-|-
-|-|2172,2360,3250,3415|138,344,1252,1406
-|-|2173,2361,3251,3416|139,345,1253,1407
-|-|2174,2362,3252,3417|140,346,1254,1408
-|-|2175,2363,3253,3418|141,347,1255,1409
2179,2367,3257,3422|145,351,1259,1413|-|-
146,352,1260,1414|2172,2360,3250,3415|-|-
147,353,1261,1415|2173,2361,3251,3416|-|-
148,354,1262,1416|2174,2362,3252,3417|-|-
149,355,1263,1417|2175,2363,3253,3418|-|-
-|-|146,352,1260,1414|2172,2360,3250,3415
-|-|147,353,1261,1415|2173,2361,3251,3416
-|-|148,354,1262,1416|2174,2362,3252,3417
-|-|149,355,1263,1417|2175,2363,3253,3418
150,356,1264,1418|2176,2364,3254,3419|-|-
151,357,1265,1419|2177,2365,3255,3420|-|-
152,358,1266,1420|2178,2366,3256,3421|-|-
153,359,1267,1421|2179,2367,3257,3422|-|-
-|-|2197,2385,3274,3439|159,365,1268,1422
-|-|2198,2386,3275,3440|160,366,1269,1423
-|-|2199,2387,3276,3441|161,367,1270,1424
-|-|2200,2388,3277,3442|162,368,1271,1425
2201,2389,3278,3443|163,369,1272,1426|-|-
2202,2390,3279,3444|164,370,1273,1427|-|-
2203,2391,3280,3445|165,371,1274,1428|-|-
2204,2392,3281,3446|166,372,1275,1429|-|-
-|-|2204,2392,3281,3446|166,372,1275,1429
-|-|168,374,1277,1431|2197,2385,3274,3439
-|-|169,375,1278,1432|2198,2386,3275,3440
-|-|170,376,1279,1433|2199,2387,3276,3441
-|-|171,377,1280,1434|2200,2388,3277,3442
172,378,1281,1435|2201,2389,3278,3443|-|-
173,379,1282,1436|2202,2390,3279,3444|-|-
174,380,1283,1437|2203,2391,3280,3445|-|-
175,381,1284,1438|2204,2392,3281,3446|-|-
-|-|172,378,1281,1435|2201,2389,3278,3443
-|-|173,379,1282,1436|2202,2390,3279,3444
-|-|174,380,1283,1437|2203,2391,3280,3445
-|-|175,381,1284,1438|2204,2392,3281,3446
-|-|2218,2406,3292,3457|188,394,1287,1441
-|-|2219,2407,3293,3458|189,395,1288,1442
-|-|2220,2408,3294,3459|190,396,1289,1443
-|-|2221,2409,3295,3460|191,397,1290,1444
2222,2410,3296,3461|192,398,1291,1445|-|-
2223,2411,3297,3462|193,399,1292,1446|-|-
2224,2412,3298,3463|194,400,1293,1447|-|-
2225,2413,3299,3464|195,401,1294,1448|-|-
-|-|196,402,1295,1449|2218,2406,3292,3457
-|-|197,403,1296,1450|2219,2407,3293,3458
-|-|198,404,1297,1451|2220,2408,3294,3459
-|-|199,405,1298,1452|2221,2409,3295,3460
200,406,1299,1453|2222,2410,3296,3461|-|-
201,407,1300,1454|2223,2411,3297,3462|-|-
202,408,1301,1455|2224,2412,3298,3463|-|-
203,409,1302,1456|2225,2413,3299,3464|-|-
-|-|203,409,1302,1456|2225,2413,3299,3464
146,352,1260,1414|2172,2360,3250,3415|-|-
147,353,1261,1415|2173,2361,3251,3416|-|-
148,354,1262,1416|2174,2362,3252,3417|-|-
149,355,1263,1417|2175,2363,3253,3418|-|-
-|-|146,352,1260,1414|2172,2360,3250,3415
-|-|147,353,1261,1415|2173,2361,3251,3416
-|-|148,354,1262,1416|2174,2362,3252,3417
-|-|149,355,1263,1417|2175,2363,3253,3418
150,356,1264,1418|2176,2364,3254,3419|-|-
151,357,1265,1419|2177,2365,3255,3420|-|-
152,358,1266,1420|2178,2366,3256,3421|-|-
153,359,1267,1421|2179,2367,3257,3422|-|-
-|-|2181,2369,3258,3423|146,352,1260,1414
-|-|2182,2370,3259,3424|147,353,1261,1415
-|-|2183,2371,3260,3425|148,354,1262,1416
-|-|2184,2372,3261,3426|149,355,1263,1417
2185,2373,3262,3427|150,356,1264,1418|-|-
2186,2374,3263,3428|151,357,1265,1419|-|-
2187,2375,3264,3429|152,358,1266,1420|-|-
2188,2376,3265,3430|153,359,1267,1421|-|-
-|-|168,374,1277,1431|2197,2385,3274,3439
-|-|169,375,1278,1432|2198,2386,3275,3440
-|-|170,376,1279,1433|2199,2387,3276,3441
-|-|171,377,1280,1434|2200,2388,3277,3442
172,378,1281,1435|2201,2389,3278,3443|-|-
173,379,1282,1436|2202,2390,3279,3444|-|-
174,380,1283,1437|2203,2391,3280,3445|-|-
175,381,1284,1438|2204,2392,3281,3446|-|-
-|-|172,378,1281,1435|2201,2389,3278,3443
-|-|173,379,1282,1436|2202,2390,3279,3444
-|-|174,380,1283,1437|2203,2391,3280,3445
-|-|175,381,1284,1438|2204,2392,3281,3446
2207,2395,3283,3448|172,378,1281,1435|-|-
2208,2396,3284,3449|173,379,1282,1436|-|-
2209,2397,3285,3450|174,380,1283,1437|-|-
2210,2398,3286,3451|175,381,1284,1438|-|-
-|-|2207,2395,3283,3448|172,378,1281,1435
-|-|2208,2396,3284,3449|173,379,1282,1436
-|-|2209,2397,3285,3450|174,380,1283,1437
-|-|2210,2398,3286,3451|175,381,1284,1438
585,783,1603,1751|2604,2784,3595,3754|-|-
586,784,1604,1752|2605,2785,3596,3755|-|-
587,785,1605,1753|2606,2786,3597,3756|-|-
588,786,1606,1754|2607,2787,3598,3757|-|-
-|-|585,783,1603,1751|2604,2784,3595,3754
-|-|586,784,1604,1752|2605,2785,3596,3755
-|-|587,785,1605,1753|2606,2786,3597,3756
-|-|588,786,1606,1754|2607,2787,3598,3757
2608,2788,3599,3758|585,783,1603,1751|-|-
2609,2789,3600,3759|586,784,1604,1752|-|-
2610,2790,3601,3760|587,785,1605,1753|-|-
2611,2791,3602,3761|588,786,1606,1754|-|-
-|-|2608,2788,3599,3758|585,783,1603,1751
-|-|2609,2789,3600,3759|586,784,1604,1752
-|-|2610,2790,3601,3760|587,785,1605,1753
-|-|2611,2791,3602,3761|588,786,1606,1754
2615,2795,3606,3765|592,790,1610,1758|-|-
-|-|593,791,1611,1759|2608,2788,3599,3758
-|-|594,792,1612,1760|2609,2789,3600,3759
-|-|595,793,1613,1761|2610,2790,3601,3760
-|-|596,794,1614,1762|2611,2791,3602,3761
-|-|606,804,1619,1767|2625,2805,3615,3774
-|-|607,805,1620,1768|2626,2806,3616,3775
-|-|608,806,1621,1769|2627,2807,3617,3776
-|-|609,807,1622,1770|2628,2808,3618,3777
610,808,1623,1771|2629,2809,3619,3778|-|-
611,809,1624,1772|2630,2810,3620,3779|-|-
612,810,1625,1773|2631,2811,3621,3780|-|-
613,811,1626,1774|2632,2812,3622,3781|-|-
-|-|2633,2813,3623,3782|606,804,1619,1767
-|-|2634,2814,3624,3783|607,805,1620,1768
-|-|2635,2815,3625,3784|608,806,1621,1769
-|-|2636,2816,3626,3785|609,807,1622,1770
2637,2817,3627,3786|610,808,1623,1771|-|-
2638,2818,3628,3787|611,809,1624,1772|-|-
2639,2819,3629,3788|612,810,1625,1773|-|-
2640,2820,3630,3789|613,811,1626,1774|-|-
-|-|2640,2820,3630,3789|613,811,1626,1774
619,817,1632,1780|2637,2817,3627,3786|-|-
620,818,1633,1781|2638,2818,3628,3787|-|-
621,819,1634,1782|2639,2819,3629,3788|-|-
622,820,1635,1783|2640,2820,3630,3789|-|-
635,833,1637,1785|2649,2829,3636,3795|-|-
636,834,1638,1786|2650,2830,3637,3796|-|-
637,835,1639,1787|2651,2831,3638,3797|-|-
638,836,1640,1788|2652,2832,3639,3798|-|-
-|-|635,833,1637,1785|2649,2829,3636,3795
-|-|636,834,1638,1786|2650,2830,3637,3796
-|-|637,835,1639,1787|2651,2831,3638,3797
-|-|638,836,1640,1788|2652,2832,3639,3798
642,840,1644,1792|2653,2833,3640,3799|-|-
2654,2834,3641,3800|635,833,1637,1785|-|-
2655,2835,3642,3801|636,834,1638,1786|-|-
2656,2836,3643,3802|637,835,1639,1787|-|-
2657,2837,3644,3803|638,836,1640,1788|-|-
-|-|2654,2834,3641,3800|635,833,1637,1785
-|-|2655,2835,3642,3801|636,834,1638,1786
-|-|2656,2836,3643,3802|637,835,1639,1787
-|-|2657,2837,3644,3803|638,836,1640,1788
2658,2838,3645,3804|639,837,1641,1789|-|-
2659,2839,3646,3805|640,838,1642,1790|-|-
2660,2840,3647,3806|641,839,1643,1791|-|-
2661,2841,3648,3807|642,840,1644,1792|-|-
-|-|643,841,1645,1793|2654,2834,3641,3800
-|-|644,842,1646,1794|2655,2835,3642,3801
-|-|645,843,1647,1795|2656,2836,3643,3802
-|-|646,844,1648,1796|2657,2837,3644,3803
647,845,1649,1797|2658,2838,3645,3804|-|-
648,846,1650,1798|2659,2839,3646,3805|-|-
649,847,1651,1799|2660,2840,3647,3806|-|-
650,848,1652,1800|2661,2841,3648,3807|-|-
2608,2788,3599,3758|585,783,1603,1751|-|-
2609,2789,3600,3759|586,784,1604,1752|-|-
2610,2790,3601,3760|587,785,1605,1753|-|-
2611,2791,3602,3761|588,786,1606,1754|-|-
-|-|2608,2788,3599,3758|585,783,1603,1751
-|-|2609,2789,3600,3759|586,784,1604,1752
-|-|2610,2790,3601,3760|587,785,1605,1753
-|-|2611,2791,3602,3761|588,786,1606,1754
593,791,1611,1759|2608,2788,3599,3758|-|-
594,792,1612,1760|2609,2789,3600,3759|-|-
595,793,1613,1761|2610,2790,3601,3760|-|-
596,794,1614,1762|2611,2791,3602,3761|-|-
-|-|593,791,1611,1759|2608,2788,3599,3758
-|-|594,792,1612,1760|2609,2789,3600,3759
-|-|595,793,1613,1761|2610,2790,3601,3760
-|-|596,794,1614,1762|2611,2791,3602,3761
600,798,1618,1766|2615,2795,3606,3765|-|-
-|-|2633,2813,3623,3782|606,804,1619,1767
-|-|2634,2814,3624,3783|607,805,1620,1768
-|-|2635,2815,3625,3784|608,806,1621,1769
-|-|2636,2816,3626,3785|609,807,1622,1770
2637,2817,3627,3786|610,808,1623,1771|-|-
2638,2818,3628,3787|611,809,1624,1772|-|-
2639,2819,3629,3788|612,810,1625,1773|-|-
2640,2820,3630,3789|613,811,1626,1774|-|-
-|-|615,813,1628,1776|2633,2813,3623,3782
-|-|616,814,1629,1777|2634,2814,3624,3783
-|-|617,815,1630,1778|2635,2815,3625,3784
-|-|618,816,1631,1779|2636,2816,3626,3785
619,817,1632,1780|2637,2817,3627,3786|-|-
620,818,1633,1781|2638,2818,3628,3787|-|-
621,819,1634,1782|2639,2819,3629,3788|-|-
622,820,1635,1783|2640,2820,3630,3789|-|-
-|-|622,820,1635,1783|2640,2820,3630,3789
652,850,1653,1801|2666,2846,3649,3808|-|-
653,851,1654,1802|2667,2847,3650,3809|-|-
654,852,1655,1803|2668,2848,3651,3810|-|-
655,853,1656,1804|2669,2849,3652,3811|-|-
-|-|652,850,1653,1801|2666,2846,3649,3808
-|-|653,851,1654,1802|2667,2847,3650,3809
-|-|654,852,1655,1803|2668,2848,3651,3810
-|-|655,853,1656,1804|2669,2849,3652,3811
2670,2850,3653,3812|652,850,1653,1801|-|-
2671,2851,3654,3813|653,851,1654,1802|-|-
2672,2852,3655,3814|654,852,1655,1803|-|-
2673,2853,3656,3815|655,853,1656,1804|-|-
-|-|2670,2850,3653,3812|652,850,1653,1801
-|-|2671,2851,3654,3813|653,851,1654,1802
-|-|2672,2852,3655,3814|654,852,1655,1803
-|-|2673,2853,3656,3815|655,853,1656,1804
-|-|660,858,1661,1809|2670,2850,3653,3812
-|-|661,859,1662,1810|2671,2851,3654,3813
-|-|662,860,1663,1811|2672,2852,3655,3814
-|-|663,861,1664,1812|2673,2853,3656,3815
-|-|672,870,1669,1817|2686,2866,3669,3828
-|-|673,871,1670,1818|2687,2867,3670,3829
-|-|674,872,1671,1819|2688,2868,3671,3830
-|-|675,873,1672,1820|2689,2869,3672,3831
676,874,1673,1821|2690,2870,3673,3832|-|-
677,875,1674,1822|2691,2871,3674,3833|-|-
678,876,1675,1823|2692,2872,3675,3834|-|-
679,877,1676,1824|2693,2873,3676,3835|-|-
-|-|2694,2874,3677,3836|672,870,1669,1817
-|-|2695,2875,3678,3837|673,871,1670,1818
-|-|2696,2876,3679,3838|674,872,1671,1819
-|-|2697,2877,3680,3839|675,873,1672,1820
2698,2878,3681,3840|676,874,1673,1821|-|-
2699,2879,3682,3841|677,875,1674,1822|-|-
2700,2880,3683,3842|678,876,1675,1823|-|-
2701,2881,3684,3843|679,877,1676,1824|-|-
684,882,1681,1829|2698,2878,3681,3840|-|-
685,883,1682,1830|2699,2879,3682,3841|-|-
686,884,1683,1831|2700,2880,3683,3842|-|-
687,885,1684,1832|2701,2881,3684,3843|-|-
700,898,1686,1834|2707,2887,3689,3848|-|-
701,899,1687,1835|2708,2888,3690,3849|-|-
702,900,1688,1836|2709,2889,3691,3850|-|-
703,901,1689,1837|2710,2890,3692,3851|-|-
-|-|700,898,1686,1834|2707,2887,3689,3848
-|-|701,899,1687,1835|2708,2888,3690,3849
-|-|702,900,1688,1836|2709,2889,3691,3850
-|-|703,901,1689,1837|2710,2890,3692,3851
2711,2891,3693,3852|700,898,1686,1834|-|-
2712,2892,3694,3853|701,899,1687,1835|-|-
2713,2893,3695,3854|702,900,1688,1836|-|-
2714,2894,3696,3855|703,901,1689,1837|-|-
-|-|2711,2891,3693,3852|700,898,1686,1834
-|-|2712,2892,3694,3853|701,899,1687,1835
-|-|2713,2893,3695,3854|702,900,1688,1836
-|-|2714,2894,3696,3855|703,901,1689,1837
2715,2895,3697,3856|704,902,1690,1838|-|-
2716,2896,3698,3857|705,903,1691,1839|-|-
2717,2897,3699,3858|706,904,1692,1840|-|-
2718,2898,3700,3859|707,905,1693,1841|-|-
-|-|708,906,1694,1842|2711,2891,3693,3852
-|-|709,907,1695,1843|2712,2892,3694,3853
-|-|710,908,1696,1844|2713,2893,3695,3854
-|-|711,909,1697,1845|2714,2894,3696,3855
712,910,1698,1846|2715,2895,3697,3856|-|-
713,911,1699,1847|2716,2896,3698,3857|-|-
714,912,1700,1848|2717,2897,3699,3858|-|-
715,913,1701,1849|2718,2898,3700,3859|-|-
2670,2850,3653,3812|652,850,1653,1801|-|-
2671,2851,3654,3813|653,851,1654,1802|-|-
2672,2852,3655,3814|654,852,1655,1803|-|-
2673,2853,3656,3815|655,853,1656,1804|-|-
-|-|2670,2850,3653,3812|652,850,1653,1801
-|-|2671,2851,3654,3813|653,851,1654,1802
-|-|2672,2852,3655,3814|654,852,1655,1803
-|-|2673,2853,3656,3815|655,853,1656,1804
660,858,1661,1809|2670,2850,3653,3812|-|-
661,859,1662,1810|2671,2851,3654,3813|-|-
662,860,1663,1811|2672,2852,3655,3814|-|-
663,861,1664,1812|2673,2853,3656,3815|-|-
-|-|660,858,1661,1809|2670,2850,3653,3812
-|-|661,859,1662,1810|2671,2851,3654,3813
-|-|662,860,1663,1811|2672,2852,3655,3814
-|-|663,861,1664,1812|2673,2853,3656,3815
667,865,1668,1816|2677,2857,3660,3819|-|-
-|-|2694,2874,3677,3836|672,870,1669,1817
-|-|2695,2875,3678,3837|673,871,1670,1818
-|-|2696,2876,3679,3838|674,872,1671,1819
-|-|2697,2877,3680,3839|675,873,1672,1820
2698,2878,3681,3840|676,874,1673,1821|-|-
2699,2879,3682,3841|677,875,1674,1822|-|-
2700,2880,3683,3842|678,876,1675,1823|-|-
2701,2881,3684,3843|679,877,1676,1824|-|-
-|-|680,878,1677,1825|2694,2874,3677,3836
-|-|681,879,1678,1826|2695,2875,3678,3837
-|-|682,880,1679,1827|2696,2876,3679,3838
-|-|683,881,1680,1828|2697,2877,3680,3839
684,882,1681,1829|2698,2878,3681,3840|-|-
685,883,1682,1830|2699,2879,3682,3841|-|-
686,884,1683,1831|2700,2880,3683,3842|-|-
687,885,1684,1832|2701,2881,3684,3843|-|-
-|-|687,885,1684,1832|2701,2881,3684,3843
717,915,1702,1850|2724,2904,3701,3860|-|-
718,916,1703,1851|2725,2905,3702,3861|-|-
719,917,1704,1852|2726,2906,3703,3862|-|-
720,918,1705,1853|2727,2907,3704,3863|-|-
-|-|717,915,1702,1850|2724,2904,3701,3860
-|-|718,916,1703,1851|2725,2905,3702,3861
-|-|719,917,1704,1852|2726,2906,3703,3862
-|-|720,918,1705,1853|2727,2907,3704,3863
2728,2908,3705,3864|717,915,1702,1850|-|-
2729,2909,3706,3865|718,916,1703,1851|-|-
2730,2910,3707,3866|719,917,1704,1852|-|-
2731,2911,3708,3867|720,918,1705,1853|-|-
-|-|2728,2908,3705,3864|717,915,1702,1850
-|-|2729,2909,3706,3865|718,916,1703,1851
-|-|2730,2910,3707,3866|719,917,1704,1852
-|-|2731,2911,3708,3867|720,918,1705,1853
2735,2915,3712,3871|724,922,1709,1857|-|-
-|-|725,923,1710,1858|2728,2908,3705,3864
-|-|726,924,1711,1859|2729,2909,3706,3865
-|-|727,925,1712,1860|2730,2910,3707,3866
-|-|728,926,1713,1861|2731,2911,3708,3867
-|-|738,936,1718,1866|2745,2925,3721,3880
-|-|739,937,1719,1867|2746,2926,3722,3881
-|-|740,938,1720,1868|2747,2927,3723,3882
-|-|741,939,1721,1869|2748,2928,3724,3883
742,940,1722,1870|2749,2929,3725,3884|-|-
743,941,1723,1871|2750,2930,3726,3885|-|-
744,942,1724,1872|2751,2931,3727,3886|-|-
745,943,1725,1873|2752,2932,3728,3887|-|-
-|-|2753,2933,3729,3888|738,936,1718,1866
-|-|2754,2934,3730,3889|739,937,1719,1867
-|-|2755,2935,3731,3890|740,938,1720,1868
-|-|2756,2936,3732,3891|741,939,1721,1869
2757,2937,3733,3892|742,940,1722,1870|-|-
2758,2938,3734,3893|743,941,1723,1871|-|-
2759,2939,3735,3894|744,942,1724,1872|-|-
2760,2940,3736,3895|745,943,1725,1873|-|-
-|-|2760,2940,3736,3895|745,943,1725,1873
750,948,1730,1878|2757,2937,3733,3892|-|-
751,949,1731,1879|2758,2938,3734,3893|-|-
752,950,1732,1880|2759,2939,3735,3894|-|-
753,951,1733,1881|2760,2940,3736,3895|-|-
766,964,1735,1883|2768,2948,3742,3901|-|-
767,965,1736,1884|2769,2949,3743,3902|-|-
768,966,1737,1885|2770,2950,3744,3903|-|-
769,967,1738,1886|2771,2951,3745,3904|-|-
-|-|766,964,1735,1883|2768,2948,3742,3901
-|-|767,965,1736,1884|2769,2949,3743,3902
-|-|768,966,1737,1885|2770,2950,3744,3903
-|-|769,967,1738,1886|2771,2951,3745,3904
2772,2952,3746,3905|766,964,1735,1883|-|-
2773,2953,3747,3906|767,965,1736,1884|-|-
2774,2954,3748,3907|768,966,1737,1885|-|-
2775,2955,3749,3908|769,967,1738,1886|-|-
-|-|2772,2952,3746,3905|766,964,1735,1883
-|-|2773,2953,3747,3906|767,965,1736,1884
-|-|2774,2954,3748,3907|768,966,1737,1885
-|-|2775,2955,3749,3908|769,967,1738,1886
2776,2956,3750,3909|770,968,1739,1887|-|-
2777,2957,3751,3910|771,969,1740,1888|-|-
2778,2958,3752,3911|772,970,1741,1889|-|-
2779,2959,3753,3912|773,971,1742,1890|-|-
-|-|774,972,1743,1891|2772,2952,3746,3905
-|-|775,973,1744,1892|2773,2953,3747,3906
-|-|776,974,1745,1893|2774,2954,3748,3907
-|-|777,975,1746,1894|2775,2955,3749,3908
778,976,1747,1895|2776,2956,3750,3909|-|-
779,977,1748,1896|2777,2957,3751,3910|-|-
780,978,1749,1897|2778,2958,3752,3911|-|-
781,979,1750,1898|2779,2959,3753,3912|-|-
2728,2908,3705,3864|717,915,1702,1850|-|-
2729,2909,3706,3865|718,916,1703,1851|-|-
2730,2910,3707,3866|719,917,1704,1852|-|-
2731,2911,3708,3867|720,918,1705,1853|-|-
-|-|2728,2908,3705,3864|717,915,1702,1850
-|-|2729,2909,3706,3865|718,916,1703,1851
-|-|2730,2910,3707,3866|719,917,1704,1852
-|-|2731,2911,3708,3867|720,918,1705,1853
725,923,1710,1858|2728,2908,3705,3864|-|-
726,924,1711,1859|2729,2909,3706,3865|-|-
727,925,1712,1860|2730,2910,3707,3866|-|-
728,926,1713,1861|2731,2911,3708,3867|-|-
-|-|725,923,1710,1858|2728,2908,3705,3864
-|-|726,924,1711,1859|2729,2909,3706,3865
-|-|727,925,1712,1860|2730,2910,3707,3866
-|-|728,926,1713,1861|2731,2911,3708,3867
732,930,1717,1865|2735,2915,3712,3871|-|-
-|-|2753,2933,3729,3888|738,936,1718,1866
-|-|2754,2934,3730,3889|739,937,1719,1867
-|-|2755,2935,3731,3890|740,938,1720,1868
-|-|2756,2936,3732,3891|741,939,1721,1869
2757,2937,3733,3892|742,940,1722,1870|-|-
2758,2938,3734,3893|743,941,1723,1871|-|-
2759,2939,3735,3894|744,942,1724,1872|-|-
2760,2940,3736,3895|745,943,1725,1873|-|-
-|-|746,944,1726,1874|2753,2933,3729,3888
-|-|747,945,1727,1875|2754,2934,3730,3889
-|-|748,946,1728,1876|2755,2935,3731,3890
-|-|749,947,1729,1877|2756,2936,3732,3891
750,948,1730,1878|2757,2937,3733,3892|-|-
751,949,1731,1879|2758,2938,3734,3893|-|-
752,950,1732,1880|2759,2939,3735,3894|-|-
753,951,1733,1881|2760,2940,3736,3895|-|-
-|-|753,951,1733,1881|2760,2940,3736,3895
-|-|981,1899|2964,3913
-|-|982,1900|2965,3914
-|-|983,1901|2966,3915
-|-|984,1902|2967,3916
985,1903|2968,3917|-|-
986,1904|2969,3918|-|-
987,1905|2970,3919|-|-
988,1906|2971,3920|-|-
-|-|2972,3921|981,1899
-|-|2973,3922|982,1900
-|-|2974,3923|983,1901
-|-|2975,3924|984,1902
2976,3925|985,1903|-|-
2977,3926|986,1904|-|-
2978,3927|987,1905|-|-
2979,3928|988,1906|-|-
-|-|2979,3928|988,1906
994,1912|2976,3925|-|-
995,1913|2977,3926|-|-
996,1914|2978,3927|-|-
997,1915|2979,3928|-|-
1002,1916|2984,3929|-|-
1003,1917|2985,3930|-|-
1004,1918|2986,3931|-|-
1005,1919|2987,3932|-|-
-|-|1002,1916|2984,3929
-|-|1003,1917|2985,3930
-|-|1004,1918|2986,3931
-|-|1005,1919|2987,3932
2988,3933|1002,1916|-|-
2989,3934|1003,1917|-|-
2990,3935|1004,1918|-|-
2991,3936|1005,1919|-|-
-|-|2988,3933|1002,1916
-|-|2989,3934|1003,1917
-|-|2990,3935|1004,1918
-|-|2991,3936|1005,1919
2995,3937|1009,1923|-|-
-|-|1010,1924|2988,3933
-|-|1011,1925|2989,3934
-|-|1012,1926|2990,3935
-|-|1013,1927|2991,3936
-|-|1018,1932|3004,3938
-|-|1019,1933|3005,3939
-|-|1020,1934|3006,3940
-|-|1021,1935|3007,3941
1022,1936|3008,3942|-|-
1023,1937|3009,3943|-|-
1024,1938|3010,3944|-|-
1025,1939|3011,3945|-|-
-|-|1025,1939|3011,3945
-|-|3012,3946|1018,1932
-|-|3013,3947|1019,1933
-|-|3014,3948|1020,1934
-|-|3015,3949|1021,1935
3016,3950|1022,1936|-|-
3017,3951|1023,1937|-|-
3018,3952|1024,1938|-|-
3019,3953|1025,1939|-|-
-|-|3016,3950|1022,1936
-|-|3017,3951|1023,1937
-|-|3018,3952|1024,1938
-|-|3019,3953|1025,1939
1030,1942|3016,3950|-|-
1031,1943|3017,3951|-|-
1032,1944|3018,3952|-|-
1033,1945|3019,3953|-|-
-|-|1030,1942|3016,3950
-|-|1031,1943|3017,3951
-|-|1032,1944|3018,3952
-|-|1033,1945|3019,3953
-|-|2972,3921|981,1899
-|-|2973,3922|982,1900
-|-|2974,3923|983,1901
-|-|2975,3924|984,1902
2976,3925|985,1903|-|-
2977,3926|986,1904|-|-
2978,3927|987,1905|-|-
2979,3928|988,1906|-|-
-|-|990,1908|2972,3921
-|-|991,1909|2973,3922
-|-|992,1910|2974,3923
-|-|993,1911|2975,3924
994,1912|2976,3925|-|-
995,1913|2977,3926|-|-
996,1914|2978,3927|-|-
997,1915|2979,3928|-|-
-|-|997,1915|2979,3928
2988,3933|1002,1916|-|-
2989,3934|1003,1917|-|-
2990,3935|1004,1918|-|-
2991,3936|1005,1919|-|-
-|-|2988,3933|1002,1916
-|-|2989,3934|1003,1917
-|-|2990,3935|1004,1918
-|-|2991,3936|1005,1919
1010,1924|2988,3933|-|-
1011,1925|2989,3934|-|-
1012,1926|2990,3935|-|-
1013,1927|2991,3936|-|-
-|-|1010,1924|2988,3933
-|-|1011,1925|2989,3934
-|-|1012,1926|2990,3935
-|-|1013,1927|2991,3936
1017,1931|2995,3937|-|-
-|-|1038,1948|3021,3954
-|-|1039,1949|3022,3955
-|-|1040,1950|3023,3956
-|-|1041,1951|3024,3957
1042,1952|3025,3958|-|-
1043,1953|3026,3959|-|-
1044,1954|3027,3960|-|-
1045,1955|3028,3961|-|-
-|-|3029,3962|1038,1948
-|-|3030,3963|1039,1949
-|-|3031,3964|1040,1950
-|-|3032,3965|1041,1951
3033,3966|1042,1952|-|-
3034,3967|1043,1953|-|-
3035,3968|1044,1954|-|-
3036,3969|1045,1955|-|-
1050,1960|3033,3966|-|-
1051,1961|3034,3967|-|-
1052,1962|3035,3968|-|-
1053,1963|3036,3969|-|-
1058,1965|3041,3970|-|-
1059,1966|3042,3971|-|-
1060,1967|3043,3972|-|-
1061,1968|3044,3973|-|-
-|-|1058,1965|3041,3970
-|-|1059,1966|3042,3971
-|-|1060,1967|3043,3972
-|-|1061,1968|3044,3973
3045,3974|1058,1965|-|-
3046,3975|1059,1966|-|-
3047,3976|1060,1967|-|-
3048,3977|1061,1968|-|-
-|-|3045,3974|1058,1965
-|-|3046,3975|1059,1966
-|-|3047,3976|1060,1967
-|-|3048,3977|1061,1968
-|-|1066,1973|3045,3974
-|-|1067,1974|3046,3975
-|-|1068,1975|3047,3976
-|-|1069,1976|3048,3977
-|-|1074,1981|3061,3979
-|-|1075,1982|3062,3980
-|-|1076,1983|3063,3981
-|-|1077,1984|3064,3982
1078,1985|3065,3983|-|-
1079,1986|3066,3984|-|-
1080,1987|3067,3985|-|-
1081,1988|3068,3986|-|-
-|-|3069,3987|1074,1981
-|-|3070,3988|1075,1982
-|-|3071,3989|1076,1983
-|-|3072,3990|1077,1984
3073,3991|1078,1985|-|-
3074,3992|1079,1986|-|-
3075,3993|1080,1987|-|-
3076,3994|1081,1988|-|-
-|-|3073,3991|1078,1985
-|-|3074,3992|1079,1986
-|-|3075,3993|1080,1987
-|-|3076,3994|1081,1988
1086,1989|3073,3991|-|-
1087,1990|3074,3992|-|-
1088,1991|3075,3993|-|-
1089,1992|3076,3994|-|-
-|-|1086,1989|3073,3991
-|-|1087,1990|3074,3992
-|-|1088,1991|3075,3993
-|-|1089,1992|3076,3994
-|-|3029,3962|1038,1948
-|-|3030,3963|1039,1949
-|-|3031,3964|1040,1950
-|-|3032,3965|1041,1951
3033,3966|1042,1952|-|-
3034,3967|1043,1953|-|-
3035,3968|1044,1954|-|-
3036,3969|1045,1955|-|-
-|-|1046,1956|3029,3962
-|-|1047,1957|3030,3963
-|-|1048,1958|3031,3964
-|-|1049,1959|3032,3965
1050,1960|3033,3966|-|-
1051,1961|3034,3967|-|-
1052,1962|3035,3968|-|-
1053,1963|3036,3969|-|-
-|-|1053,1963|3036,3969
3045,3974|1058,1965|-|-
3046,3975|1059,1966|-|-
3047,3976|1060,1967|-|-
3048,3977|1061,1968|-|-
-|-|3045,3974|1058,1965
-|-|3046,3975|1059,1966
-|-|3047,3976|1060,1967
-|-|3048,3977|1061,1968
1066,1973|3045,3974|-|-
1067,1974|3046,3975|-|-
1068,1975|3047,3976|-|-
1069,1976|3048,3977|-|-
-|-|1066,1973|3045,3974
-|-|1067,1974|3046,3975
-|-|1068,1975|3047,3976
-|-|1069,1976|3048,3977
1073,1980|3052,3978|-|-
-|-|1094,1994|3078,3995
-|-|1095,1995|3079,3996
-|-|1096,1996|3080,3997
-|-|1097,1997|3081,3998
1098,1998|3082,3999|-|-
1099,1999|3083,4000|-|-
1100,2000|3084,4001|-|-
1101,2001|3085,4002|-|-
-|-|3086,4003|1094,1994
-|-|3087,4004|1095,1995
-|-|3088,4005|1096,1996
-|-|3089,4006|1097,1997
3090,4007|1098,1998|-|-
3091,4008|1099,1999|-|-
3092,4009|1100,2000|-|-
3093,4010|1101,2001|-|-
-|-|3093,4010|1101,2001
1106,2006|3090,4007|-|-
1107,2007|3091,4008|-|-
1108,2008|3092,4009|-|-
1109,2009|3093,4010|-|-
1114,2011|3098,4011|-|-
1115,2012|3099,4012|-|-
1116,2013|3100,4013|-|-
1117,2014|3101,4014|-|-
-|-|1114,2011|3098,4011
-|-|1115,2012|3099,4012
-|-|1116,2013|3100,4013
-|-|1117,2014|3101,4014
3102,4015|1114,2011|-|-
3103,4016|1115,2012|-|-
3104,4017|1116,2013|-|-
3105,4018|1117,2014|-|-
-|-|3102,4015|1114,2011
-|-|3103,4016|1115,2012
-|-|3104,4017|1116,2013
-|-|3105,4018|1117,2014
3109,4019|1121,2018|-|-
-|-|1122,2019|3102,4015
-|-|1123,2020|3103,4016
-|-|1124,2021|3104,4017
-|-|1125,2022|3105,4018
-|-|1130,2027|3118,4020
-|-|1131,2028|3119,4021
-|-|1132,2029|3120,4022
-|-|1133,2030|3121,4023
1134,2031|3122,4024|-|-
1135,2032|3123,4025|-|-
1136,2033|3124,4026|-|-
1137,2034|3125,4027|-|-
-|-|3126,4028|1130,2027
-|-|3127,4029|1131,2028
-|-|3128,4030|1132,2029
-|-|3129,4031|1133,2030
3130,4032|1134,2031|-|-
3131,4033|1135,2032|-|-
3132,4034|1136,2033|-|-
3133,4035|1137,2034|-|-
-|-|3130,4032|1134,2031
-|-|3131,4033|1135,2032
-|-|3132,4034|1136,2033
-|-|3133,4035|1137,2034
1142,2036|3130,4032|-|-
1143,2037|3131,4033|-|-
1144,2038|3132,4034|-|-
1145,2039|3133,4035|-|-
-|-|1142,2036|3130,4032
-|-|1143,2037|3131,4033
-|-|1144,2038|3132,4034
-|-|1145,2039|3133,4035
-|-|3086,4003|1094,1994
-|-|3087,4004|1095,1995
-|-|3088,4005|1096,1996
-|-|3089,4006|1097,1997
3090,4007|1098,1998|-|-
3091,4008|1099,1999|-|-
3092,4009|1100,2000|-|-
3093,4010|1101,2001|-|-
-|-|1102,2002|3086,4003
-|-|1103,2003|3087,4004
-|-|1104,2004|3088,4005
-|-|1105,2005|3089,4006
1106,2006|3090,4007|-|-
1107,2007|3091,4008|-|-
1108,2008|3092,4009|-|-
1109,2009|3093,4010|-|-
-|-|1109,2009|3093,4010
3102,4015|1114,2011|-|-
3103,4016|1115,2012|-|-
3104,4017|1116,2013|-|-
3105,4018|1117,2014|-|-
-|-|3102,4015|1114,2011
-|-|3103,4016|1115,2012
-|-|3104,4017|1116,2013
-|-|3105,4018|1117,2014
1122,2019|3102,4015|-|-
1123,2020|3103,4016|-|-
1124,2021|3104,4017|-|-
1125,2022|3105,4018|-|-
-|-|1122,2019|3102,4015
-|-|1123,2020|3103,4016
-|-|1124,2021|3104,4017
-|-|1125,2022|3105,4018
1129,2026|3109,4019|-|-
2608,2788,3599,3758|585,783,1603,1751|-|-
2609,2789,3600,3759|586,784,1604,1752|-|-
2610,2790,3601,3760|587,785,1605,1753|-|-
2611,2791,3602,3761|588,786,1606,1754|-|-
-|-|2608,2788,3599,3758|585,783,1603,1751
-|-|2609,2789,3600,3759|586,784,1604,1752
-|-|2610,2790,3601,3760|587,785,1605,1753
-|-|2611,2791,3602,3761|588,786,1606,1754
2615,2795,3606,3765|592,790,1610,1758|-|-
593,791,1611,1759|2608,2788,3599,3758|-|-
594,792,1612,1760|2609,2789,3600,3759|-|-
595,793,1613,1761|2610,2790,3601,3760|-|-
596,794,1614,1762|2611,2791,3602,3761|-|-
-|-|593,791,1611,1759|2608,2788,3599,3758
-|-|594,792,1612,1760|2609,2789,3600,3759
-|-|595,793,1613,1761|2610,2790,3601,3760
-|-|596,794,1614,1762|2611,2791,3602,3761
597,795,1615,1763|2612,2792,3603,3762|-|-
598,796,1616,1764|2613,2793,3604,3763|-|-
599,797,1617,1765|2614,2794,3605,3764|-|-
600,798,1618,1766|2615,2795,3606,3765|-|-
-|-|2633,2813,3623,3782|606,804,1619,1767
-|-|2634,2814,3624,3783|607,805,1620,1768
-|-|2635,2815,3625,3784|608,806,1621,1769
-|-|2636,2816,3626,3785|609,807,1622,1770
2637,2817,3627,3786|610,808,1623,1771|-|-
2638,2818,3628,3787|611,809,1624,1772|-|-
2639,2819,3629,3788|612,810,1625,1773|-|-
2640,2820,3630,3789|613,811,1626,1774|-|-
-|-|2640,2820,3630,3789|613,811,1626,1774
-|-|615,813,1628,1776|2633,2813,3623,3782
-|-|616,814,1629,1777|2634,2814,3624,3783
-|-|617,815,1630,1778|2635,2815,3625,3784
-|-|618,816,1631,1779|2636,2816,3626,3785
619,817,1632,1780|2637,2817,3627,3786|-|-
620,818,1633,1781|2638,2818,3628,3787|-|-
621,819,1634,1782|2639,2819,3629,3788|-|-
622,820,1635,1783|2640,2820,3630,3789|-|-
-|-|619,817,1632,1780|2637,2817,3627,3786
-|-|620,818,1633,1781|2638,2818,3628,3787
-|-|621,819,1634,1782|2639,2819,3629,3788
-|-|622,820,1635,1783|2640,2820,3630,3789
-|-|2654,2834,3641,3800|635,833,1637,1785
-|-|2655,2835,3642,3801|636,834,1638,1786
-|-|2656,2836,3643,3802|637,835,1639,1787
-|-|2657,2837,3644,3803|638,836,1640,1788
2658,2838,3645,3804|639,837,1641,1789|-|-
2659,2839,3646,3805|640,838,1642,1790|-|-
2660,2840,3647,3806|641,839,1643,1791|-|-
2661,2841,3648,3807|642,840,1644,1792|-|-
-|-|643,841,1645,1793|2654,2834,3641,3800
-|-|644,842,1646,1794|2655,2835,3642,3801
-|-|645,843,1647,1795|2656,2836,3643,3802
-|-|646,844,1648,1796|2657,2837,3644,3803
647,845,1649,1797|2658,2838,3645,3804|-|-
648,846,1650,1798|2659,2839,3646,3805|-|-
649,847,1651,1799|2660,2840,3647,3806|-|-
650,848,1652,1800|2661,2841,3648,3807|-|-
593,791,1611,1759|2608,2788,3599,3758|-|-
594,792,1612,1760|2609,2789,3600,3759|-|-
595,793,1613,1761|2610,2790,3601,3760|-|-
596,794,1614,1762|2611,2791,3602,3761|-|-
-|-|593,791,1611,1759|2608,2788,3599,3758
-|-|594,792,1612,1760|2609,2789,3600,3759
-|-|595,793,1613,1761|2610,2790,3601,3760
-|-|596,794,1614,1762|2611,2791,3602,3761
597,795,1615,1763|2612,2792,3603,3762|-|-
598,796,1616,1764|2613,2793,3604,3763|-|-
599,797,1617,1765|2614,2794,3605,3764|-|-
600,798,1618,1766|2615,2795,3606,3765|-|-
-|-|2617,2797,3607,3766|593,791,1611,1759
-|-|2618,2798,3608,3767|594,792,1612,1760
-|-|2619,2799,3609,3768|595,793,1613,1761
-|-|2620,2800,3610,3769|596,794,1614,1762
2621,2801,3611,3770|597,795,1615,1763|-|-
2622,2802,3612,3771|598,796,1616,1764|-|-
2623,2803,3613,3772|599,797,1617,1765|-|-
2624,2804,3614,3773|600,798,1618,1766|-|-
-|-|615,813,1628,1776|2633,2813,3623,3782
-|-|616,814,1629,1777|2634,2814,3624,3783
-|-|617,815,1630,1778|2635,2815,3625,3784
-|-|618,816,1631,1779|2636,2816,3626,3785
619,817,1632,1780|2637,2817,3627,3786|-|-
620,818,1633,1781|2638,2818,3628,3787|-|-
621,819,1634,1782|2639,2819,3629,3788|-|-
622,820,1635,1783|2640,2820,3630,3789|-|-
-|-|619,817,1632,1780|2637,2817,3627,3786
-|-|620,818,1633,1781|2638,2818,3628,3787
-|-|621,819,1634,1782|2639,2819,3629,3788
-|-|622,820,1635,1783|2640,2820,3630,3789
2643,2823,3632,3791|619,817,1632,1780|-|-
2644,2824,3633,3792|620,818,1633,1781|-|-
2645,2825,3634,3793|621,819,1634,1782|-|-
2646,2826,3635,3794|622,820,1635,1783|-|-
-|-|2643,2823,3632,3791|619,817,1632,1780
-|-|2644,2824,3633,3792|620,818,1633,1781
-|-|2645,2825,3634,3793|621,819,1634,1782
-|-|2646,2826,3635,3794|622,820,1635,1783
2670,2850,3653,3812|652,850,1653,1801|-|-
2671,2851,3654,3813|653,851,1654,1802|-|-
2672,2852,3655,3814|654,852,1655,1803|-|-
2673,2853,3656,3815|655,853,1656,1804|-|-
-|-|2670,2850,3653,3812|652,850,1653,1801
-|-|2671,2851,3654,3813|653,851,1654,1802
-|-|2672,2852,3655,3814|654,852,1655,1803
-|-|2673,2853,3656,3815|655,853,1656,1804
660,858,1661,1809|2670,2850,3653,3812|-|-
661,859,1662,1810|2671,2851,3654,3813|-|-
662,860,1663,1811|2672,2852,3655,3814|-|-
663,861,1664,1812|2673,2853,3656,3815|-|-
-|-|660,858,1661,1809|2670,2850,3653,3812
-|-|661,859,1662,1810|2671,2851,3654,3813
-|-|662,860,1663,1811|2672,2852,3655,3814
-|-|663,861,1664,1812|2673,2853,3656,3815
664,862,1665,1813|2674,2854,3657,3816|-|-
665,863,1666,1814|2675,2855,3658,3817|-|-
666,864,1667,1815|2676,2856,3659,3818|-|-
667,865,1668,1816|2677,2857,3660,3819|-|-
-|-|2694,2874,3677,3836|672,870,1669,1817
-|-|2695,2875,3678,3837|673,871,1670,1818
-|-|2696,2876,3679,3838|674,872,1671,1819
-|-|2697,2877,3680,3839|675,873,1672,1820
2698,2878,3681,3840|676,874,1673,1821|-|-
2699,2879,3682,3841|677,875,1674,1822|-|-
2700,2880,3683,3842|678,876,1675,1823|-|-
2701,2881,3684,3843|679,877,1676,1824|-|-
-|-|680,878,1677,1825|2694,2874,3677,3836
-|-|681,879,1678,1826|2695,2875,3678,3837
-|-|682,880,1679,1827|2696,2876,3679,3838
-|-|683,881,1680,1828|2697,2877,3680,3839
684,882,1681,1829|2698,2878,3681,3840|-|-
685,883,1682,1830|2699,2879,3682,3841|-|-
686,884,1683,1831|2700,2880,3683,3842|-|-
687,885,1684,1832|2701,2881,3684,3843|-|-
-|-|684,882,1681,1829|2698,2878,3681,3840
-|-|685,883,1682,1830|2699,2879,3682,3841
-|-|686,884,1683,1831|2700,2880,3683,3842
-|-|687,885,1684,1832|2701,2881,3684,3843
-|-|2711,2891,3693,3852|700,898,1686,1834
-|-|2712,2892,3694,3853|701,899,1687,1835
-|-|2713,2893,3695,3854|702,900,1688,1836
-|-|2714,2894,3696,3855|703,901,1689,1837
2715,2895,3697,3856|704,902,1690,1838|-|-
2716,2896,3698,3857|705,903,1691,1839|-|-
2717,2897,3699,3858|706,904,1692,1840|-|-
2718,2898,3700,3859|707,905,1693,1841|-|-
-|-|708,906,1694,1842|2711,2891,3693,3852
-|-|709,907,1695,1843|2712,2892,3694,3853
-|-|710,908,1696,1844|2713,2893,3695,3854
-|-|711,909,1697,1845|2714,2894,3696,3855
712,910,1698,1846|2715,2895,3697,3856|-|-
713,911,1699,1847|2716,2896,3698,3857|-|-
714,912,1700,1848|2717,2897,3699,3858|-|-
715,913,1701,1849|2718,2898,3700,3859|-|-
660,858,1661,1809|2670,2850,3653,3812|-|-
661,859,1662,1810|2671,2851,3654,3813|-|-
662,860,1663,1811|2672,2852,3655,3814|-|-
663,861,1664,1812|2673,2853,3656,3815|-|-
-|-|660,858,1661,1809|2670,2850,3653,3812
-|-|661,859,1662,1810|2671,2851,3654,3813
-|-|662,860,1663,1811|2672,2852,3655,3814
-|-|663,861,1664,1812|2673,2853,3656,3815
664,862,1665,1813|2674,2854,3657,3816|-|-
665,863,1666,1814|2675,2855,3658,3817|-|-
666,864,1667,1815|2676,2856,3659,3818|-|-
667,865,1668,1816|2677,2857,3660,3819|-|-
-|-|2678,2858,3661,3820|660,858,1661,1809
-|-|2679,2859,3662,3821|661,859,1662,1810
-|-|2680,2860,3663,3822|662,860,1663,1811
-|-|2681,2861,3664,3823|663,861,1664,1812
2682,2862,3665,3824|664,862,1665,1813|-|-
2683,2863,3666,3825|665,863,1666,1814|-|-
2684,2864,3667,3826|666,864,1667,1815|-|-
2685,2865,3668,3827|667,865,1668,1816|-|-
-|-|680,878,1677,1825|2694,2874,3677,3836
-|-|681,879,1678,1826|2695,2875,3678,3837
-|-|682,880,1679,1827|2696,2876,3679,3838
-|-|683,881,1680,1828|2697,2877,3680,3839
684,882,1681,1829|2698,2878,3681,3840|-|-
685,883,1682,1830|2699,2879,3682,3841|-|-
686,884,1683,1831|2700,2880,3683,3842|-|-
687,885,1684,1832|2701,2881,3684,3843|-|-
-|-|684,882,1681,1829|2698,2878,3681,3840
-|-|685,883,1682,1830|2699,2879,3682,3841
-|-|686,884,1683,1831|2700,2880,3683,3842
-|-|687,885,1684,1832|2701,2881,3684,3843
2702,2882,3685,3844|684,882,1681,1829|-|-
2703,2883,3686,3845|685,883,1682,1830|-|-
2704,2884,3687,3846|686,884,1683,1831|-|-
2705,2885,3688,3847|687,885,1684,1832|-|-
-|-|2702,2882,3685,3844|684,882,1681,1829
-|-|2703,2883,3686,3845|685,883,1682,1830
-|-|2704,2884,3687,3846|686,884,1683,1831
-|-|2705,2885,3688,3847|687,885,1684,1832
2728,2908,3705,3864|717,915,1702,1850|-|-
2729,2909,3706,3865|718,916,1703,1851|-|-
2730,2910,3707,3866|719,917,1704,1852|-|-
2731,2911,3708,3867|720,918,1705,1853|-|-
-|-|2728,2908,3705,3864|717,915,1702,1850
-|-|2729,2909,3706,3865|718,916,1703,1851
-|-|2730,2910,3707,3866|719,917,1704,1852
-|-|2731,2911,3708,3867|720,918,1705,1853
725,923,1710,1858|2728,2908,3705,3864|-|-
726,924,1711,1859|2729,2909,3706,3865|-|-
727,925,1712,1860|2730,2910,3707,3866|-|-
728,926,1713,1861|2731,2911,3708,3867|-|-
-|-|725,923,1710,1858|2728,2908,3705,3864
-|-|726,924,1711,1859|2729,2909,3706,3865
-|-|727,925,1712,1860|2730,2910,3707,3866
-|-|728,926,1713,1861|2731,2911,3708,3867
729,927,1714,1862|2732,2912,3709,3868|-|-
730,928,1715,1863|2733,2913,3710,3869|-|-
731,929,1716,1864|2734,2914,3711,3870|-|-
732,930,1717,1865|2735,2915,3712,3871|-|-
-|-|2753,2933,3729,3888|738,936,1718,1866
-|-|2754,2934,3730,3889|739,937,1719,1867
-|-|2755,2935,3731,3890|740,938,1720,1868
-|-|2756,2936,3732,3891|741,939,1721,1869
2757,2937,3733,3892|742,940,1722,1870|-|-
2758,2938,3734,3893|743,941,1723,1871|-|-
2759,2939,3735,3894|744,942,1724,1872|-|-
2760,2940,3736,3895|745,943,1725,1873|-|-
-|-|746,944,1726,1874|2753,2933,3729,3888
-|-|747,945,1727,1875|2754,2934,3730,3889
-|-|748,946,1728,1876|2755,2935,3731,3890
-|-|749,947,1729,1877|2756,2936,3732,3891
750,948,1730,1878|2757,2937,3733,3892|-|-
751,949,1731,1879|2758,2938,3734,3893|-|-
752,950,1732,1880|2759,2939,3735,3894|-|-
753,951,1733,1881|2760,2940,3736,3895|-|-
-|-|750,948,1730,1878|2757,2937,3733,3892
-|-|751,949,1731,1879|2758,2938,3734,3893
-|-|752,950,1732,1880|2759,2939,3735,3894
-|-|753,951,1733,1881|2760,2940,3736,3895
-|-|2772,2952,3746,3905|766,964,1735,1883
-|-|2773,2953,3747,3906|767,965,1736,1884
-|-|2774,2954,3748,3907|768,966,1737,1885
-|-|2775,2955,3749,3908|769,967,1738,1886
2776,2956,3750,3909|770,968,1739,1887|-|-
2777,2957,3751,3910|771,969,1740,1888|-|-
2778,2958,3752,3911|772,970,1741,1889|-|-
2779,2959,3753,3912|773,971,1742,1890|-|-
-|-|774,972,1743,1891|2772,2952,3746,3905
-|-|775,973,1744,1892|2773,2953,3747,3906
-|-|776,974,1745,1893|2774,2954,3748,3907
-|-|777,975,1746,1894|2775,2955,3749,3908
778,976,1747,1895|2776,2956,3750,3909|-|-
779,977,1748,1896|2777,2957,3751,3910|-|-
780,978,1749,1897|2778,2958,3752,3911|-|-
781,979,1750,1898|2779,2959,3753,3912|-|-
725,923,1710,1858|2728,2908,3705,3864|-|-
726,924,1711,1859|2729,2909,3706,3865|-|-
727,925,1712,1860|2730,2910,3707,3866|-|-
728,926,1713,1861|2731,2911,3708,3867|-|-
-|-|725,923,1710,1858|2728,2908,3705,3864
-|-|726,924,1711,1859|2729,2909,3706,3865
-|-|727,925,1712,1860|2730,2910,3707,3866
-|-|728,926,1713,1861|2731,2911,3708,3867
729,927,1714,1862|2732,2912,3709,3868|-|-
730,928,1715,1863|2733,2913,3710,3869|-|-
731,929,1716,1864|2734,2914,3711,3870|-|-
732,930,1717,1865|2735,2915,3712,3871|-|-
-|-|2736,2916,3713,3872|725,923,1710,1858
-|-|2737,2917,3714,3873|726,924,1711,1859
-|-|2738,2918,3715,3874|727,925,1712,1860
-|-|2739,2919,3716,3875|728,926,1713,1861
2740,2920,3717,3876|729,927,1714,1862|-|-
2741,2921,3718,3877|730,928,1715,1863|-|-
2742,2922,3719,3878|731,929,1716,1864|-|-
2743,2923,3720,3879|732,930,1717,1865|-|-
-|-|746,944,1726,1874|2753,2933,3729,3888
-|-|747,945,1727,1875|2754,2934,3730,3889
-|-|748,946,1728,1876|2755,2935,3731,3890
-|-|749,947,1729,1877|2756,2936,3732,3891
750,948,1730,1878|2757,2937,3733,3892|-|-
751,949,1731,1879|2758,2938,3734,3893|-|-
752,950,1732,1880|2759,2939,3735,3894|-|-
753,951,1733,1881|2760,2940,3736,3895|-|-
-|-|750,948,1730,1878|2757,2937,3733,3892
-|-|751,949,1731,1879|2758,2938,3734,3893
-|-|752,950,1732,1880|2759,2939,3735,3894
-|-|753,951,1733,1881|2760,2940,3736,3895
2762,2942,3738,3897|750,948,1730,1878|-|-
2763,2943,3739,3898|751,949,1731,1879|-|-
2764,2944,3740,3899|752,950,1732,1880|-|-
2765,2945,3741,3900|753,951,1733,1881|-|-
-|-|2762,2942,3738,3897|750,948,1730,1878
-|-|2763,2943,3739,3898|751,949,1731,1879
-|-|2764,2944,3740,3899|752,950,1732,1880
-|-|2765,2945,3741,3900|753,951,1733,1881
-|-|2048,2236|0,206
-|-|2049,2237|1,207
-|-|2050,2238|2,208
-|-|2051,2239|3,209
2052,2240|4,210|-|-
2053,2241|5,211|-|-
2054,2242|6,212|-|-
2055,2243|7,213|-|-
-|-|9,215|2048,2236
-|-|10,216|2049,2237
-|-|11,217|2050,2238
-|-|12,218|2051,2239
13,219|2052,2240|-|-
14,220|2053,2241|-|-
15,221|2054,2242|-|-
16,222|2055,2243|-|-
2078,2266|26,232|-|-
2079,2267|27,233|-|-
2080,2268|28,234|-|-
2081,2269|29,235|-|-
-|-|2078,2266|26,232
-|-|2079,2267|27,233
-|-|2080,2268|28,234
-|-|2081,2269|29,235
36,242|2078,2266|-|-
37,243|2079,2267|-|-
38,244|2080,2268|-|-
39,245|2081,2269|-|-
-|-|36,242|2078,2266
-|-|37,243|2079,2267
-|-|38,244|2080,2268
-|-|39,245|2081,2269
-|-|2096,2284|52,258
-|-|2097,2285|53,259
-|-|2098,2286|54,260
-|-|2099,2287|55,261
2100,2288|56,262|-|-
2101,2289|57,263|-|-
2102,2290|58,264|-|-
2103,2291|59,265|-|-
-|-|2103,2291|59,265
-|-|61,267|2096,2284
-|-|62,268|2097,2285
-|-|63,269|2098,2286
-|-|64,270|2099,2287
65,271|2100,2288|-|-
66,272|2101,2289|-|-
67,273|2102,2290|-|-
68,274|2103,2291|-|-
-|-|67,273|2102,2290
-|-|68,274|2103,2291
-|-|9,215|2048,2236
-|-|10,216|2049,2237
-|-|11,217|2050,2238
-|-|12,218|2051,2239
13,219|2052,2240|-|-
14,220|2053,2241|-|-
15,221|2054,2242|-|-
16,222|2055,2243|-|-
-|-|2057,2245|9,215
-|-|2058,2246|10,216
-|-|2059,2247|11,217
-|-|2060,2248|12,218
2061,2249|13,219|-|-
2062,2250|14,220|-|-
2063,2251|15,221|-|-
2064,2252|16,222|-|-
-|-|2064,2252|16,222
36,242|2078,2266|-|-
37,243|2079,2267|-|-
38,244|2080,2268|-|-
39,245|2081,2269|-|-
-|-|36,242|2078,2266
-|-|37,243|2079,2267
-|-|38,244|2080,2268
-|-|39,245|2081,2269
2084,2272|36,242|-|-
2085,2273|37,243|-|-
2086,2274|38,244|-|-
2087,2275|39,245|-|-
-|-|2084,2272|36,242
-|-|2085,2273|37,243
-|-|2086,2274|38,244
-|-|2087,2275|39,245
2089,2277|43,249|-|-
-|-|2112,2300|71,277
-|-|2113,2301|72,278
-|-|2114,2302|73,279
-|-|2115,2303|74,280
2116,2304|75,281|-|-
2117,2305|76,282|-|-
2118,2306|77,283|-|-
2119,2307|78,284|-|-
-|-|79,285|2112,2300
-|-|80,286|2113,2301
-|-|81,287|2114,2302
-|-|82,288|2115,2303
83,289|2116,2304|-|-
84,290|2117,2305|-|-
85,291|2118,2306|-|-
86,292|2119,2307|-|-
2140,2328|96,302|-|-
2141,2329|97,303|-|-
2142,2330|98,304|-|-
2143,2331|99,305|-|-
-|-|2140,2328|96,302
-|-|2141,2329|97,303
-|-|2142,2330|98,304
-|-|2143,2331|99,305
104,310|2140,2328|-|-
105,311|2141,2329|-|-
106,312|2142,2330|-|-
107,313|2143,2331|-|-
-|-|104,310|2140,2328
-|-|105,311|2141,2329
-|-|106,312|2142,2330
-|-|107,313|2143,2331
-|-|2155,2343|120,326
-|-|2156,2344|121,327
-|-|2157,2345|122,328
-|-|2158,2346|123,329
2159,2347|124,330|-|-
2160,2348|125,331|-|-
2161,2349|126,332|-|-
2162,2350|127,333|-|-
-|-|129,335|2155,2343
-|-|130,336|2156,2344
-|-|131,337|2157,2345
-|-|132,338|2158,2346
133,339|2159,2347|-|-
134,340|2160,2348|-|-
135,341|2161,2349|-|-
136,342|2162,2350|-|-
-|-|135,341|2161,2349
-|-|136,342|2162,2350
-|-|79,285|2112,2300
-|-|80,286|2113,2301
-|-|81,287|2114,2302
-|-|82,288|2115,2303
83,289|2116,2304|-|-
84,290|2117,2305|-|-
85,291|2118,2306|-|-
86,292|2119,2307|-|-
-|-|2120,2308|79,285
-|-|2121,2309|80,286
-|-|2122,2310|81,287
-|-|2123,2311|82,288
2124,2312|83,289|-|-
2125,2313|84,290|-|-
2126,2314|85,291|-|-
2127,2315|86,292|-|-
104,310|2140,2328|-|-
105,311|2141,2329|-|-
106,312|2142,2330|-|-
107,313|2143,2331|-|-
-|-|104,310|2140,2328
-|-|105,311|2141,2329
-|-|106,312|2142,2330
-|-|107,313|2143,2331
2144,2332|104,310|-|-
2145,2333|105,311|-|-
2146,2334|106,312|-|-
2147,2335|107,313|-|-
-|-|2144,2332|104,310
-|-|2145,2333|105,311
-|-|2146,2334|106,312
-|-|2147,2335|107,313
-|-|2172,2360|138,344
-|-|2173,2361|139,345
-|-|2174,2362|140,346
-|-|2175,2363|141,347
2176,2364|142,348|-|-
2177,2365|143,349|-|-
2178,2366|144,350|-|-
2179,2367|145,351|-|-
-|-|146,352|2172,2360
-|-|147,353|2173,2361
-|-|148,354|2174,2362
-|-|149,355|2175,2363
150,356|2176,2364|-|-
151,357|2177,2365|-|-
152,358|2178,2366|-|-
153,359|2179,2367|-|-
2201,2389|163,369|-|-
2202,2390|164,370|-|-
2203,2391|165,371|-|-
2204,2392|166,372|-|-
-|-|2201,2389|163,369
-|-|2202,2390|164,370
-|-|2203,2391|165,371
-|-|2204,2392|166,372
172,378|2201,2389|-|-
173,379|2202,2390|-|-
174,380|2203,2391|-|-
175,381|2204,2392|-|-
-|-|172,378|2201,2389
-|-|173,379|2202,2390
-|-|174,380|2203,2391
-|-|175,381|2204,2392
-|-|2218,2406|188,394
-|-|2219,2407|189,395
-|-|2220,2408|190,396
-|-|2221,2409|191,397
2222,2410|192,398|-|-
2223,2411|193,399|-|-
2224,2412|194,400|-|-
2225,2413|195,401|-|-
-|-|2225,2413|195,401
-|-|196,402|2218,2406
-|-|197,403|2219,2407
-|-|198,404|2220,2408
-|-|199,405|2221,2409
200,406|2222,2410|-|-
201,407|2223,2411|-|-
202,408|2224,2412|-|-
203,409|2225,2413|-|-
-|-|202,408|2224,2412
-|-|203,409|2225,2413
-|-|146,352|2172,2360
-|-|147,353|2173,2361
-|-|148,354|2174,2362
-|-|149,355|2175,2363
150,356|2176,2364|-|-
151,357|2177,2365|-|-
152,358|2178,2366|-|-
153,359|2179,2367|-|-
-|-|2181,2369|146,352
-|-|2182,2370|147,353
-|-|2183,2371|148,354
-|-|2184,2372|149,355
2185,2373|150,356|-|-
2186,2374|151,357|-|-
2187,2375|152,358|-|-
2188,2376|153,359|-|-
-|-|2188,2376|153,359
172,378|2201,2389|-|-
173,379|2202,2390|-|-
174,380|2203,2391|-|-
175,381|2204,2392|-|-
-|-|172,378|2201,2389
-|-|173,379|2202,2390
-|-|174,380|2203,2391
-|-|175,381|2204,2392
2207,2395|172,378|-|-
2208,2396|173,379|-|-
2209,2397|174,380|-|-
2210,2398|175,381|-|-
-|-|2207,2395|172,378
-|-|2208,2396|173,379
-|-|2209,2397|174,380
-|-|2210,2398|175,381
2212,2400|179,385|-|-
2431|416|-|-
2432|417|-|-
2433|418|-|-
2434|419|-|-
-|-|2431|416
-|-|2432|417
-|-|2433|418
-|-|2434|419
426|2431|-|-
427|2432|-|-
428|2433|-|-
429|2434|-|-
-|-|426|2431
-|-|427|2432
-|-|428|2433
-|-|429|2434
-|-|2448|434
-|-|2449|435
-|-|2450|436
-|-|2451|437
2452|438|-|-
2453|439|-|-
2454|440|-|-
2455|441|-|-
-|-|443|2448
-|-|444|2449
-|-|445|2450
-|-|446|2451
447|2452|-|-
448|2453|-|-
449|2454|-|-
450|2455|-|-
2477|455|-|-
2478|456|-|-
2479|457|-|-
2480|458|-|-
-|-|2477|455
-|-|2478|456
-|-|2479|457
-|-|2480|458
2482|462|-|-
463|2477|-|-
464|2478|-|-
465|2479|-|-
466|2480|-|-
-|-|463|2477
-|-|464|2478
-|-|465|2479
-|-|466|2480
469|2481|-|-
470|2482|-|-
426|2431|-|-
427|2432|-|-
428|2433|-|-
429|2434|-|-
-|-|426|2431
-|-|427|2432
-|-|428|2433
-|-|429|2434
2437|426|-|-
2438|427|-|-
2439|428|-|-
2440|429|-|-
-|-|2437|426
-|-|2438|427
-|-|2439|428
-|-|2440|429
2441|433|-|-
-|-|443|2448
-|-|444|2449
-|-|445|2450
-|-|446|2451
447|2452|-|-
448|2453|-|-
449|2454|-|-
450|2455|-|-
-|-|2457|443
-|-|2458|444
-|-|2459|445
-|-|2460|446
2461|447|-|-
2462|448|-|-
2463|449|-|-
2464|450|-|-
-|-|2464|450
2495|475|-|-
2496|476|-|-
2497|477|-|-
2498|478|-|-
-|-|2495|475
-|-|2496|476
-|-|2497|477
-|-|2498|478
483|2495|-|-
484|2496|-|-
485|2497|-|-
486|2498|-|-
-|-|483|2495
-|-|484|2496
-|-|485|2497
-|-|486|2498
-|-|2507|491
-|-|2508|492
-|-|2509|493
-|-|2510|494
2511|495|-|-
2512|496|-|-
2513|497|-|-
2514|498|-|-
-|-|499|2507
-|-|500|2508
-|-|501|2509
-|-|502|2510
503|2511|-|-
504|2512|-|-
505|2513|-|-
506|2514|-|-
2536|511|-|-
2537|512|-|-
2538|513|-|-
2539|514|-|-
-|-|2536|511
-|-|2537|512
-|-|2538|513
-|-|2539|514
519|2536|-|-
520|2537|-|-
521|2538|-|-
522|2539|-|-
-|-|519|2536
-|-|520|2537
-|-|521|2538
-|-|522|2539
525|2540|-|-
526|2541|-|-
483|2495|-|-
484|2496|-|-
485|2497|-|-
486|2498|-|-
-|-|483|2495
-|-|484|2496
-|-|485|2497
-|-|486|2498
2499|483|-|-
2500|484|-|-
2501|485|-|-
2502|486|-|-
-|-|2499|483
-|-|2500|484
-|-|2501|485
-|-|2502|486
-|-|499|2507
-|-|500|2508
-|-|501|2509
-|-|502|2510
503|2511|-|-
504|2512|-|-
505|2513|-|-
506|2514|-|-
-|-|2515|499
-|-|2516|500
-|-|2517|501
-|-|2518|502
2519|503|-|-
2520|504|-|-
2521|505|-|-
2522|506|-|-
2554|531|-|-
2555|532|-|-
2556|533|-|-
2557|534|-|-
-|-|2554|531
-|-|2555|532
-|-|2556|533
-|-|2557|534
540|2554|-|-
541|2555|-|-
542|2556|-|-
543|2557|-|-
-|-|540|2554
-|-|541|2555
-|-|542|2556
-|-|543|2557
-|-|2569|548
-|-|2570|549
-|-|2571|550
-|-|2572|551
2573|552|-|-
2574|553|-|-
2575|554|-|-
2576|555|-|-
-|-|556|2569
-|-|557|2570
-|-|558|2571
-|-|559|2572
560|2573|-|-
561|2574|-|-
562|2575|-|-
563|2576|-|-
2598|569|-|-
2599|570|-|-
2600|571|-|-
2601|572|-|-
-|-|2598|569
-|-|2599|570
-|-|2600|571
-|-|2601|572
2603|576|-|-
577|2598|-|-
578|2599|-|-
579|2600|-|-
580|2601|-|-
-|-|577|2598
-|-|578|2599
-|-|579|2600
-|-|580|2601
583|2602|-|-
584|2603|-|-
540|2554|-|-
541|2555|-|-
542|2556|-|-
543|2557|-|-
-|-|540|2554
-|-|541|2555
-|-|542|2556
-|-|543|2557
2560|540|-|-
2561|541|-|-
2562|542|-|-
2563|543|-|-
-|-|2560|540
-|-|2561|541
-|-|2562|542
-|-|2563|543
2564|547|-|-
-|-|556|2569
-|-|557|2570
-|-|558|2571
-|-|559|2572
560|2573|-|-
561|2574|-|-
562|2575|-|-
563|2576|-|-
-|-|2578|556
-|-|2579|557
-|-|2580|558
-|-|2581|559
2582|560|-|-
2583|561|-|-
2584|562|-|-
2585|563|-|-
-|-|2585|563
-|-|9,215|2048,2236
-|-|10,216|2049,2237
-|-|11,217|2050,2238
-|-|12,218|2051,2239
13,219|2052,2240|-|-
14,220|2053,2241|-|-
15,221|2054,2242|-|-
16,222|2055,2243|-|-
-|-|16,222|2055,2243
-|-|2057,2245|9,215
-|-|2058,2246|10,216
-|-|2059,2247|11,217
-|-|2060,2248|12,218
2061,2249|13,219|-|-
2062,2250|14,220|-|-
2063,2251|15,221|-|-
2064,2252|16,222|-|-
36,242|2078,2266|-|-
37,243|2079,2267|-|-
38,244|2080,2268|-|-
39,245|2081,2269|-|-
-|-|36,242|2078,2266
-|-|37,243|2079,2267
-|-|38,244|2080,2268
-|-|39,245|2081,2269
43,249|2083,2271|-|-
2084,2272|36,242|-|-
2085,2273|37,243|-|-
2086,2274|38,244|-|-
2087,2275|39,245|-|-
-|-|2084,2272|36,242
-|-|2085,2273|37,243
-|-|2086,2274|38,244
-|-|2087,2275|39,245
65,271|2100,2288|-|-
66,272|2101,2289|-|-
67,273|2102,2290|-|-
68,274|2103,2291|-|-
-|-|65,271|2100,2288
-|-|66,272|2101,2289
-|-|67,273|2102,2290
-|-|68,274|2103,2291
2104,2292|65,271|-|-
2105,2293|66,272|-|-
2106,2294|67,273|-|-
2107,2295|68,274|-|-
-|-|2104,2292|65,271
-|-|2105,2293|66,272
-|-|2106,2294|67,273
-|-|2107,2295|68,274
-|-|2057,2245|9,215
-|-|2058,2246|10,216
-|-|2059,2247|11,217
-|-|2060,2248|12,218
2061,2249|13,219|-|-
2062,2250|14,220|-|-
2063,2251|15,221|-|-
2064,2252|16,222|-|-
-|-|2063,2251|15,221
-|-|2064,2252|16,222
18,224|2061,2249|-|-
19,225|2062,2250|-|-
20,226|2063,2251|-|-
21,227|2064,2252|-|-
-|-|20,226|2063,2251
-|-|21,227|2064,2252
2084,2272|36,242|-|-
2085,2273|37,243|-|-
2086,2274|38,244|-|-
2087,2275|39,245|-|-
-|-|2084,2272|36,242
-|-|2085,2273|37,243
-|-|2086,2274|38,244
-|-|2087,2275|39,245
2088,2276|42,248|-|-
2089,2277|43,249|-|-
-|-|44,250|2084,2272
-|-|45,251|2085,2273
-|-|46,252|2086,2274
-|-|47,253|2087,2275
50,256|2088,2276|-|-
51,257|2089,2277|-|-
-|-|79,285|2112,2300
-|-|80,286|2113,2301
-|-|81,287|2114,2302
-|-|82,288|2115,2303
83,289|2116,2304|-|-
84,290|2117,2305|-|-
85,291|2118,2306|-|-
86,292|2119,2307|-|-
-|-|2120,2308|79,285
-|-|2121,2309|80,286
-|-|2122,2310|81,287
-|-|2123,2311|82,288
2124,2312|83,289|-|-
2125,2313|84,290|-|-
2126,2314|85,291|-|-
2127,2315|86,292|-|-
-|-|2127,2315|86,292
104,310|2140,2328|-|-
105,311|2141,2329|-|-
106,312|2142,2330|-|-
107,313|2143,2331|-|-
-|-|104,310|2140,2328
-|-|105,311|2141,2329
-|-|106,312|2142,2330
-|-|107,313|2143,2331
2144,2332|104,310|-|-
2145,2333|105,311|-|-
2146,2334|106,312|-|-
2147,2335|107,313|-|-
-|-|2144,2332|104,310
-|-|2145,2333|105,311
-|-|2146,2334|106,312
-|-|2147,2335|107,313
2148,2336|111,317|-|-
133,339|2159,2347|-|-
134,340|2160,2348|-|-
135,341|2161,2349|-|-
136,342|2162,2350|-|-
-|-|133,339|2159,2347
-|-|134,340|2160,2348
-|-|135,341|2161,2349
-|-|136,342|2162,2350
2164,2352|133,339|-|-
2165,2353|134,340|-|-
2166,2354|135,341|-|-
2167,2355|136,342|-|-
-|-|2164,2352|133,339
-|-|2165,2353|134,340
-|-|2166,2354|135,341
-|-|2167,2355|136,342
-|-|2120,2308|79,285
-|-|2121,2309|80,286
-|-|2122,2310|81,287
-|-|2123,2311|82,288
2124,2312|83,289|-|-
2125,2313|84,290|-|-
2126,2314|85,291|-|-
2127,2315|86,292|-|-
-|-|2127,2315|86,292
88,294|2124,2312|-|-
89,295|2125,2313|-|-
90,296|2126,2314|-|-
91,297|2127,2315|-|-
-|-|91,297|2127,2315
2144,2332|104,310|-|-
2145,2333|105,311|-|-
2146,2334|106,312|-|-
2147,2335|107,313|-|-
-|-|2144,2332|104,310
-|-|2145,2333|105,311
-|-|2146,2334|106,312
-|-|2147,2335|107,313
2148,2336|111,317|-|-
-|-|112,318|2144,2332
-|-|113,319|2145,2333
-|-|114,320|2146,2334
-|-|115,321|2147,2335
119,325|2148,2336|-|-
-|-|146,352|2172,2360
-|-|147,353|2173,2361
-|-|148,354|2174,2362
-|-|149,355|2175,2363
150,356|2176,2364|-|-
151,357|2177,2365|-|-
152,358|2178,2366|-|-
153,359|2179,2367|-|-
-|-|153,359|2179,2367
-|-|2181,2369|146,352
-|-|2182,2370|147,353
-|-|2183,2371|148,354
-|-|2184,2372|149,355
2185,2373|150,356|-|-
2186,2374|151,357|-|-
2187,2375|152,358|-|-
2188,2376|153,359|-|-
172,378|2201,2389|-|-
173,379|2202,2390|-|-
174,380|2203,2391|-|-
175,381|2204,2392|-|-
-|-|172,378|2201,2389
-|-|173,379|2202,2390
-|-|174,380|2203,2391
-|-|175,381|2204,2392
179,385|2206,2394|-|-
2207,2395|172,378|-|-
2208,2396|173,379|-|-
2209,2397|174,380|-|-
2210,2398|175,381|-|-
-|-|2207,2395|172,378
-|-|2208,2396|173,379
-|-|2209,2397|174,380
-|-|2210,2398|175,381
200,406|2222,2410|-|-
201,407|2223,2411|-|-
202,408|2224,2412|-|-
203,409|2225,2413|-|-
-|-|200,406|2222,2410
-|-|201,407|2223,2411
-|-|202,408|2224,2412
-|-|203,409|2225,2413
2226,2414|200,406|-|-
2227,2415|201,407|-|-
2228,2416|202,408|-|-
2229,2417|203,409|-|-
-|-|2226,2414|200,406
-|-|2227,2415|201,407
-|-|2228,2416|202,408
-|-|2229,2417|203,409
-|-|2181,2369|146,352
-|-|2182,2370|147,353
-|-|2183,2371|148,354
-|-|2184,2372|149,355
2185,2373|150,356|-|-
2186,2374|151,357|-|-
2187,2375|152,358|-|-
2188,2376|153,359|-|-
-|-|2187,2375|152,358
-|-|2188,2376|153,359
155,361|2185,2373|-|-
156,362|2186,2374|-|-
157,363|2187,2375|-|-
158,364|2188,2376|-|-
-|-|157,363|2187,2375
-|-|158,364|2188,2376
2207,2395|172,378|-|-
2208,2396|173,379|-|-
2209,2397|174,380|-|-
2210,2398|175,381|-|-
-|-|2207,2395|172,378
-|-|2208,2396|173,379
-|-|2209,2397|174,380
-|-|2210,2398|175,381
2211,2399|178,384|-|-
2212,2400|179,385|-|-
-|-|180,386|2207,2395
-|-|181,387|2208,2396
-|-|182,388|2209,2397
-|-|183,389|2210,2398
186,392|2211,2399|-|-
187,393|2212,2400|-|-
-|-|2608,2788|585,783
-|-|2609,2789|586,784
-|-|2610,2790|587,785
-|-|2611,2791|588,786
2612,2792|589,787|-|-
2613,2793|590,788|-|-
2614,2794|591,789|-|-
2615,2795|592,790|-|-
-|-|593,791|2608,2788
-|-|594,792|2609,2789
-|-|595,793|2610,2790
-|-|596,794|2611,2791
597,795|2612,2792|-|-
598,796|2613,2793|-|-
599,797|2614,2794|-|-
600,798|2615,2795|-|-
2637,2817|610,808|-|-
2638,2818|611,809|-|-
2639,2819|612,810|-|-
2640,2820|613,811|-|-
-|-|2637,2817|610,808
-|-|2638,2818|611,809
-|-|2639,2819|612,810
-|-|2640,2820|613,811
619,817|2637,2817|-|-
620,818|2638,2818|-|-
621,819|2639,2819|-|-
622,820|2640,2820|-|-
-|-|619,817|2637,2817
-|-|620,818|2638,2818
-|-|621,819|2639,2819
-|-|622,820|2640,2820
-|-|2654,2834|635,833
-|-|2655,2835|636,834
-|-|2656,2836|637,835
-|-|2657,2837|638,836
2658,2838|639,837|-|-
2659,2839|640,838|-|-
2660,2840|641,839|-|-
2661,2841|642,840|-|-
-|-|2661,2841|642,840
-|-|643,841|2654,2834
-|-|644,842|2655,2835
-|-|645,843|2656,2836
-|-|646,844|2657,2837
647,845|2658,2838|-|-
648,846|2659,2839|-|-
649,847|2660,2840|-|-
650,848|2661,2841|-|-
-|-|650,848|2661,2841
-|-|593,791|2608,2788
-|-|594,792|2609,2789
-|-|595,793|2610,2790
-|-|596,794|2611,2791
597,795|2612,2792|-|-
598,796|2613,2793|-|-
599,797|2614,2794|-|-
600,798|2615,2795|-|-
-|-|2617,2797|593,791
-|-|2618,2798|594,792
-|-|2619,2799|595,793
-|-|2620,2800|596,794
2621,2801|597,795|-|-
2622,2802|598,796|-|-
2623,2803|599,797|-|-
2624,2804|600,798|-|-
619,817|2637,2817|-|-
620,818|2638,2818|-|-
621,819|2639,2819|-|-
622,820|2640,2820|-|-
-|-|619,817|2637,2817
-|-|620,818|2638,2818
-|-|621,819|2639,2819
-|-|622,820|2640,2820
2643,2823|619,817|-|-
2644,2824|620,818|-|-
2645,2825|621,819|-|-
2646,2826|622,820|-|-
-|-|2643,2823|619,817
-|-|2644,2824|620,818
-|-|2645,2825|621,819
-|-|2646,2826|622,820
-|-|2670,2850|652,850
-|-|2671,2851|653,851
-|-|2672,2852|654,852
-|-|2673,2853|655,853
2674,2854|656,854|-|-
2675,2855|657,855|-|-
2676,2856|658,856|-|-
2677,2857|659,857|-|-
-|-|660,858|2670,2850
-|-|661,859|2671,2851
-|-|662,860|2672,2852
-|-|663,861|2673,2853
664,862|2674,2854|-|-
665,863|2675,2855|-|-
666,864|2676,2856|-|-
667,865|2677,2857|-|-
2698,2878|676,874|-|-
2699,2879|677,875|-|-
2700,2880|678,876|-|-
2701,2881|679,877|-|-
-|-|2698,2878|676,874
-|-|2699,2879|677,875
-|-|2700,2880|678,876
-|-|2701,2881|679,877
684,882|2698,2878|-|-
685,883|2699,2879|-|-
686,884|2700,2880|-|-
687,885|2701,2881|-|-
-|-|684,882|2698,2878
-|-|685,883|2699,2879
-|-|686,884|2700,2880
-|-|687,885|2701,2881
-|-|2711,2891|700,898
-|-|2712,2892|701,899
-|-|2713,2893|702,900
-|-|2714,2894|703,901
2715,2895|704,902|-|-
2716,2896|705,903|-|-
2717,2897|706,904|-|-
2718,2898|707,905|-|-
-|-|708,906|2711,2891
-|-|709,907|2712,2892
-|-|710,908|2713,2893
-|-|711,909|2714,2894
712,910|2715,2895|-|-
713,911|2716,2896|-|-
714,912|2717,2897|-|-
715,913|2718,2898|-|-
-|-|715,913|2718,2898
-|-|660,858|2670,2850
-|-|661,859|2671,2851
-|-|662,860|2672,2852
-|-|663,861|2673,2853
664,862|2674,2854|-|-
665,863|2675,2855|-|-
666,864|2676,2856|-|-
667,865|2677,2857|-|-
-|-|2678,2858|660,858
-|-|2679,2859|661,859
-|-|2680,2860|662,860
-|-|2681,2861|663,861
2682,2862|664,862|-|-
2683,2863|665,863|-|-
2684,2864|666,864|-|-
2685,2865|667,865|-|-
684,882|2698,2878|-|-
685,883|2699,2879|-|-
686,884|2700,2880|-|-
687,885|2701,2881|-|-
-|-|684,882|2698,2878
-|-|685,883|2699,2879
-|-|686,884|2700,2880
-|-|687,885|2701,2881
2702,2882|684,882|-|-
2703,2883|685,883|-|-
2704,2884|686,884|-|-
2705,2885|687,885|-|-
-|-|2702,2882|684,882
-|-|2703,2883|685,883
-|-|2704,2884|686,884
-|-|2705,2885|687,885
-|-|2728,2908|717,915
-|-|2729,2909|718,916
-|-|2730,2910|719,917
-|-|2731,2911|720,918
2732,2912|721,919|-|-
2733,2913|722,920|-|-
2734,2914|723,921|-|-
2735,2915|724,922|-|-
-|-|725,923|2728,2908
-|-|726,924|2729,2909
-|-|727,925|2730,2910
-|-|728,926|2731,2911
729,927|2732,2912|-|-
730,928|2733,2913|-|-
731,929|2734,2914|-|-
732,930|2735,2915|-|-
2757,2937|742,940|-|-
2758,2938|743,941|-|-
2759,2939|744,942|-|-
2760,2940|745,943|-|-
-|-|2757,2937|742,940
-|-|2758,2938|743,941
-|-|2759,2939|744,942
-|-|2760,2940|745,943
750,948|2757,2937|-|-
751,949|2758,2938|-|-
752,950|2759,2939|-|-
753,951|2760,2940|-|-
-|-|750,948|2757,2937
-|-|751,949|2758,2938
-|-|752,950|2759,2939
-|-|753,951|2760,2940
-|-|2772,2952|766,964
-|-|2773,2953|767,965
-|-|2774,2954|768,966
-|-|2775,2955|769,967
2776,2956|770,968|-|-
2777,2957|771,969|-|-
2778,2958|772,970|-|-
2779,2959|773,971|-|-
-|-|774,972|2772,2952
-|-|775,973|2773,2953
-|-|776,974|2774,2954
-|-|777,975|2775,2955
778,976|2776,2956|-|-
779,977|2777,2957|-|-
780,978|2778,2958|-|-
781,979|2779,2959|-|-
-|-|781,979|2779,2959
-|-|725,923|2728,2908
-|-|726,924|2729,2909
-|-|727,925|2730,2910
-|-|728,926|2731,2911
729,927|2732,2912|-|-
730,928|2733,2913|-|-
731,929|2734,2914|-|-
732,930|2735,2915|-|-
-|-|2736,2916|725,923
-|-|2737,2917|726,924
-|-|2738,2918|727,925
-|-|2739,2919|728,926
2740,2920|729,927|-|-
2741,2921|730,928|-|-
2742,2922|731,929|-|-
2743,2923|732,930|-|-
750,948|2757,2937|-|-
751,949|2758,2938|-|-
752,950|2759,2939|-|-
753,951|2760,2940|-|-
-|-|750,948|2757,2937
-|-|751,949|2758,2938
-|-|752,950|2759,2939
-|-|753,951|2760,2940
2762,2942|750,948|-|-
2763,2943|751,949|-|-
2764,2944|752,950|-|-
2765,2945|753,951|-|-
-|-|2762,2942|750,948
-|-|2763,2943|751,949
-|-|2764,2944|752,950
-|-|2765,2945|753,951
2976|985|-|-
2977|986|-|-
2978|987|-|-
2979|988|-|-
-|-|2976|985
-|-|2977|986
-|-|2978|987
-|-|2979|988
994|2976|-|-
995|2977|-|-
996|2978|-|-
997|2979|-|-
-|-|994|2976
-|-|995|2977
-|-|996|2978
-|-|997|2979
-|-|2988|1002
-|-|2989|1003
-|-|2990|1004
-|-|2991|1005
2992|1006|-|-
2993|1007|-|-
2994|1008|-|-
2995|1009|-|-
-|-|1010|2988
-|-|1011|2989
-|-|1012|2990
-|-|1013|2991
1014|2992|-|-
1015|2993|-|-
1016|2994|-|-
1017|2995|-|-
3016|1022|-|-
3017|1023|-|-
3018|1024|-|-
3019|1025|-|-
-|-|3016|1022
-|-|3017|1023
-|-|3018|1024
-|-|3019|1025
3020|1029|-|-
1030|3016|-|-
1031|3017|-|-
1032|3018|-|-
1033|3019|-|-
-|-|1030|3016
-|-|1031|3017
-|-|1032|3018
-|-|1033|3019
1037|3020|-|-
994|2976|-|-
995|2977|-|-
996|2978|-|-
997|2979|-|-
-|-|994|2976
-|-|995|2977
-|-|996|2978
-|-|997|2979
2980|994|-|-
2981|995|-|-
2982|996|-|-
2983|997|-|-
-|-|2980|994
-|-|2981|995
-|-|2982|996
-|-|2983|997
-|-|1010|2988
-|-|1011|2989
-|-|1012|2990
-|-|1013|2991
1014|2992|-|-
1015|2993|-|-
1016|2994|-|-
1017|2995|-|-
-|-|2996|1010
-|-|2997|1011
-|-|2998|1012
-|-|2999|1013
3000|1014|-|-
3001|1015|-|-
3002|1016|-|-
3003|1017|-|-
3033|1042|-|-
3034|1043|-|-
3035|1044|-|-
3036|1045|-|-
-|-|3033|1042
-|-|3034|1043
-|-|3035|1044
-|-|3036|1045
1050|3033|-|-
1051|3034|-|-
1052|3035|-|-
1053|3036|-|-
-|-|1050|3033
-|-|1051|3034
-|-|1052|3035
-|-|1053|3036
-|-|3045|1058
-|-|3046|1059
-|-|3047|1060
-|-|3048|1061
3049|1062|-|-
3050|1063|-|-
3051|1064|-|-
3052|1065|-|-
-|-|1066|3045
-|-|1067|3046
-|-|1068|3047
-|-|1069|3048
1070|3049|-|-
1071|3050|-|-
1072|3051|-|-
1073|3052|-|-
3073|1078|-|-
3074|1079|-|-
3075|1080|-|-
3076|1081|-|-
-|-|3073|1078
-|-|3074|1079
-|-|3075|1080
-|-|3076|1081
1086|3073|-|-
1087|3074|-|-
1088|3075|-|-
1089|3076|-|-
-|-|1086|3073
-|-|1087|3074
-|-|1088|3075
-|-|1089|3076
1093|3077|-|-
1050|3033|-|-
1051|3034|-|-
1052|3035|-|-
1053|3036|-|-
-|-|1050|3033
-|-|1051|3034
-|-|1052|3035
-|-|1053|3036
3037|1050|-|-
3038|1051|-|-
3039|1052|-|-
3040|1053|-|-
-|-|3037|1050
-|-|3038|1051
-|-|3039|1052
-|-|3040|1053
-|-|1066|3045
-|-|1067|3046
-|-|1068|3047
-|-|1069|3048
1070|3049|-|-
1071|3050|-|-
1072|3051|-|-
1073|3052|-|-
-|-|3053|1066
-|-|3054|1067
-|-|3055|1068
-|-|3056|1069
3057|1070|-|-
3058|1071|-|-
3059|1072|-|-
3060|1073|-|-
3090|1098|-|-
3091|1099|-|-
3092|1100|-|-
3093|1101|-|-
-|-|3090|1098
-|-|3091|1099
-|-|3092|1100
-|-|3093|1101
1106|3090|-|-
1107|3091|-|-
1108|3092|-|-
1109|3093|-|-
-|-|1106|3090
-|-|1107|3091
-|-|1108|3092
-|-|1109|3093
-|-|3102|1114
-|-|3103|1115
-|-|3104|1116
-|-|3105|1117
3106|1118|-|-
3107|1119|-|-
3108|1120|-|-
3109|1121|-|-
-|-|1122|3102
-|-|1123|3103
-|-|1124|3104
-|-|1125|3105
1126|3106|-|-
1127|3107|-|-
1128|3108|-|-
1129|3109|-|-
3130|1134|-|-
3131|1135|-|-
3132|1136|-|-
3133|1137|-|-
-|-|3130|1134
-|-|3131|1135
-|-|3132|1136
-|-|3133|1137
1142|3130|-|-
1143|3131|-|-
1144|3132|-|-
1145|3133|-|-
-|-|1142|3130
-|-|1143|3131
-|-|1144|3132
-|-|1145|3133
1149|3134|-|-
1106|3090|-|-
1107|3091|-|-
1108|3092|-|-
1109|3093|-|-
-|-|1106|3090
-|-|1107|3091
-|-|1108|3092
-|-|1109|3093
3094|1106|-|-
3095|1107|-|-
3096|1108|-|-
3097|1109|-|-
-|-|3094|1106
-|-|3095|1107
-|-|3096|1108
-|-|3097|1109
-|-|1122|3102
-|-|1123|3103
-|-|1124|3104
-|-|1125|3105
1126|3106|-|-
1127|3107|-|-
1128|3108|-|-
1129|3109|-|-
-|-|3110|1122
-|-|3111|1123
-|-|3112|1124
-|-|3113|1125
3114|1126|-|-
3115|1127|-|-
3116|1128|-|-
3117|1129|-|-
-|-|593,791|2608,2788
-|-|594,792|2609,2789
-|-|595,793|2610,2790
-|-|596,794|2611,2791
597,795|2612,2792|-|-
598,796|2613,2793|-|-
599,797|2614,2794|-|-
600,798|2615,2795|-|-
-|-|600,798|2615,2795
-|-|2617,2797|593,791
-|-|2618,2798|594,792
-|-|2619,2799|595,793
-|-|2620,2800|596,794
2621,2801|597,795|-|-
2622,2802|598,796|-|-
2623,2803|599,797|-|-
2624,2804|600,798|-|-
619,817|2637,2817|-|-
620,818|2638,2818|-|-
621,819|2639,2819|-|-
622,820|2640,2820|-|-
-|-|619,817|2637,2817
-|-|620,818|2638,2818
-|-|621,819|2639,2819
-|-|622,820|2640,2820
626,824|2642,2822|-|-
2643,2823|619,817|-|-
2644,2824|620,818|-|-
2645,2825|621,819|-|-
2646,2826|622,820|-|-
-|-|2643,2823|619,817
-|-|2644,2824|620,818
-|-|2645,2825|621,819
-|-|2646,2826|622,820
647,845|2658,2838|-|-
648,846|2659,2839|-|-
649,847|2660,2840|-|-
650,848|2661,2841|-|-
-|-|647,845|2658,2838
-|-|648,846|2659,2839
-|-|649,847|2660,2840
-|-|650,848|2661,2841
2662,2842|647,845|-|-
2663,2843|648,846|-|-
2664,2844|649,847|-|-
2665,2845|650,848|-|-
-|-|2662,2842|647,845
-|-|2663,2843|648,846
-|-|2664,2844|649,847
-|-|2665,2845|650,848
-|-|2617,2797|593,791
-|-|2618,2798|594,792
-|-|2619,2799|595,793
-|-|2620,2800|596,794
2621,2801|597,795|-|-
2622,2802|598,796|-|-
2623,2803|599,797|-|-
2624,2804|600,798|-|-
-|-|2623,2803|599,797
-|-|2624,2804|600,798
602,800|2621,2801|-|-
603,801|2622,2802|-|-
604,802|2623,2803|-|-
605,803|2624,2804|-|-
-|-|604,802|2623,2803
-|-|605,803|2624,2804
2643,2823|619,817|-|-
2644,2824|620,818|-|-
2645,2825|621,819|-|-
2646,2826|622,820|-|-
-|-|2643,2823|619,817
-|-|2644,2824|620,818
-|-|2645,2825|621,819
-|-|2646,2826|622,820
2647,2827|625,823|-|-
2648,2828|626,824|-|-
-|-|627,825|2643,2823
-|-|628,826|2644,2824
-|-|629,827|2645,2825
-|-|630,828|2646,2826
633,831|2647,2827|-|-
634,832|2648,2828|-|-
-|-|660,858|2670,2850
-|-|661,859|2671,2851
-|-|662,860|2672,2852
-|-|663,861|2673,2853
664,862|2674,2854|-|-
665,863|2675,2855|-|-
666,864|2676,2856|-|-
667,865|2677,2857|-|-
-|-|2678,2858|660,858
-|-|2679,2859|661,859
-|-|2680,2860|662,860
-|-|2681,2861|663,861
2682,2862|664,862|-|-
2683,2863|665,863|-|-
2684,2864|666,864|-|-
2685,2865|667,865|-|-
-|-|2685,2865|667,865
684,882|2698,2878|-|-
685,883|2699,2879|-|-
686,884|2700,2880|-|-
687,885|2701,2881|-|-
-|-|684,882|2698,2878
-|-|685,883|2699,2879
-|-|686,884|2700,2880
-|-|687,885|2701,2881
2702,2882|684,882|-|-
2703,2883|685,883|-|-
2704,2884|686,884|-|-
2705,2885|687,885|-|-
-|-|2702,2882|684,882
-|-|2703,2883|685,883
-|-|2704,2884|686,884
-|-|2705,2885|687,885
2706,2886|691,889|-|-
712,910|2715,2895|-|-
713,911|2716,2896|-|-
714,912|2717,2897|-|-
715,913|2718,2898|-|-
-|-|712,910|2715,2895
-|-|713,911|2716,2896
-|-|714,912|2717,2897
-|-|715,913|2718,2898
2720,2900|712,910|-|-
2721,2901|713,911|-|-
2722,2902|714,912|-|-
2723,2903|715,913|-|-
-|-|2720,2900|712,910
-|-|2721,2901|713,911
-|-|2722,2902|714,912
-|-|2723,2903|715,913
-|-|2678,2858|660,858
-|-|2679,2859|661,859
-|-|2680,2860|662,860
-|-|2681,2861|663,861
2682,2862|664,862|-|-
2683,2863|665,863|-|-
2684,2864|666,864|-|-
2685,2865|667,865|-|-
668,866|2682,2862|-|-
669,867|2683,2863|-|-
670,868|2684,2864|-|-
671,869|2685,2865|-|-
-|-|671,869|2685,2865
2702,2882|684,882|-|-
2703,2883|685,883|-|-
2704,2884|686,884|-|-
2705,2885|687,885|-|-
-|-|2702,2882|684,882
-|-|2703,2883|685,883
-|-|2704,2884|686,884
-|-|2705,2885|687,885
-|-|692,890|2702,2882
-|-|693,891|2703,2883
-|-|694,892|2704,2884
-|-|695,893|2705,2885
699,897|2706,2886|-|-
-|-|725,923|2728,2908
-|-|726,924|2729,2909
-|-|727,925|2730,2910
-|-|728,926|2731,2911
729,927|2732,2912|-|-
730,928|2733,2913|-|-
731,929|2734,2914|-|-
732,930|2735,2915|-|-
-|-|2736,2916|725,923
-|-|2737,2917|726,924
-|-|2738,2918|727,925
-|-|2739,2919|728,926
2740,2920|729,927|-|-
2741,2921|730,928|-|-
2742,2922|731,929|-|-
2743,2923|732,930|-|-
-|-|2743,2923|732,930
750,948|2757,2937|-|-
751,949|2758,2938|-|-
752,950|2759,2939|-|-
753,951|2760,2940|-|-
-|-|750,948|2757,2937
-|-|751,949|2758,2938
-|-|752,950|2759,2939
-|-|753,951|2760,2940
2762,2942|750,948|-|-
2763,2943|751,949|-|-
2764,2944|752,950|-|-
2765,2945|753,951|-|-
-|-|2762,2942|750,948
-|-|2763,2943|751,949
-|-|2764,2944|752,950
-|-|2765,2945|753,951
2767,2947|757,955|-|-
778,976|2776,2956|-|-
779,977|2777,2957|-|-
780,978|2778,2958|-|-
781,979|2779,2959|-|-
-|-|778,976|2776,2956
-|-|779,977|2777,2957
-|-|780,978|2778,2958
-|-|781,979|2779,2959
2780,2960|778,976|-|-
2781,2961|779,977|-|-
2782,2962|780,978|-|-
2783,2963|781,979|-|-
-|-|2780,2960|778,976
-|-|2781,2961|779,977
-|-|2782,2962|780,978
-|-|2783,2963|781,979
-|-|2736,2916|725,923
-|-|2737,2917|726,924
-|-|2738,2918|727,925
-|-|2739,2919|728,926
2740,2920|729,927|-|-
2741,2921|730,928|-|-
2742,2922|731,929|-|-
2743,2923|732,930|-|-
-|-|2743,2923|732,930
734,932|2740,2920|-|-
735,933|2741,2921|-|-
736,934|2742,2922|-|-
737,935|2743,2923|-|-
-|-|736,934|2742,2922
-|-|737,935|2743,2923
2762,2942|750,948|-|-
2763,2943|751,949|-|-
2764,2944|752,950|-|-
2765,2945|753,951|-|-
-|-|2762,2942|750,948
-|-|2763,2943|751,949
-|-|2764,2944|752,950
-|-|2765,2945|753,951
2767,2947|757,955|-|-
-|-|758,956|2762,2942
-|-|759,957|2763,2943
-|-|760,958|2764,2944
-|-|761,959|2765,2945
764,962|2766,2946|-|-
765,963|2767,2947|-|-
-|-|0,206,1150,1304|-
-|-|1,207,1151,1305|-
-|-|2,208,1152,1306|-
-|-|3,209,1153,1307|-
6,212,1156,1310|-|-|-
7,213,1157,1311|-|-|-
-|-|-|0,206,1150,1304
-|-|-|1,207,1151,1305
-|-|-|2,208,1152,1306
-|-|-|3,209,1153,1307
-|4,210,1154,1308|-|-
-|5,211,1155,1309|-|-
-|6,212,1156,1310|-|-
-|7,213,1157,1311|-|-
-|-|-|7,213,1157,1311
-|-|9,215,1158,1312|-
-|-|10,216,1159,1313|-
-|-|11,217,1160,1314|-
-|-|12,218,1161,1315|-
13,219,1162,1316|-|-|-
14,220,1163,1317|-|-|-
15,221,1164,1318|-|-|-
16,222,1165,1319|-|-|-
26,232,1170,1324|-|-|-
27,233,1171,1325|-|-|-
28,234,1172,1326|-|-|-
29,235,1173,1327|-|-|-
-|-|28,234,1172,1326|-
-|-|29,235,1173,1327|-
-|26,232,1170,1324|-|-
-|27,233,1171,1325|-|-
-|28,234,1172,1326|-|-
-|29,235,1173,1327|-|-
-|-|-|26,232,1170,1324
-|-|-|27,233,1171,1325
-|-|-|28,234,1172,1326
-|-|-|29,235,1173,1327
-|31,237,1174,1328|-|-
36,242,1179,1333|-|-|-
37,243,1180,1334|-|-|-
38,244,1181,1335|-|-|-
39,245,1182,1336|-|-|-
-|-|36,242,1179,1333|-
-|-|37,243,1180,1334|-
-|-|38,244,1181,1335|-
-|-|39,245,1182,1336|-
-|-|52,258,1185,1339|-
-|-|53,259,1186,1340|-
-|-|54,260,1187,1341|-
-|-|55,261,1188,1342|-
56,262,1189,1343|-|-|-
57,263,1190,1344|-|-|-
58,264,1191,1345|-|-|-
59,265,1192,1346|-|-|-
-|-|59,265,1192,1346|-
-|-|-|52,258,1185,1339
-|-|-|53,259,1186,1340
-|-|-|54,260,1187,1341
-|-|-|55,261,1188,1342
-|56,262,1189,1343|-|-
-|57,263,1190,1344|-|-
-|58,264,1191,1345|-|-
-|59,265,1192,1346|-|-
-|-|-|58,264,1191,1345
-|-|-|59,265,1192,1346
65,271,1197,1351|-|-|-
66,272,1198,1352|-|-|-
67,273,1199,1353|-|-|-
68,274,1200,1354|-|-|-
-|-|67,273,1199,1353|-
-|-|68,274,1200,1354|-
-|-|-|0,206,1150,1304
-|-|-|1,207,1151,1305
-|-|-|2,208,1152,1306
-|-|-|3,209,1153,1307
-|6,212,1156,1310|-|-
-|7,213,1157,1311|-|-
-|-|9,215,1158,1312|-
-|-|10,216,1159,1313|-
-|-|11,217,1160,1314|-
-|-|12,218,1161,1315|-
13,219,1162,1316|-|-|-
14,220,1163,1317|-|-|-
15,221,1164,1318|-|-|-
16,222,1165,1319|-|-|-
-|13,219,1162,1316|-|-
-|14,220,1163,1317|-|-
-|15,221,1164,1318|-|-
-|16,222,1165,1319|-|-
-|26,232,1170,1324|-|-
-|27,233,1171,1325|-|-
-|28,234,1172,1326|-|-
-|29,235,1173,1327|-|-
-|-|-|28,234,1172,1326
-|-|-|29,235,1173,1327
36,242,1179,1333|-|-|-
37,243,1180,1334|-|-|-
38,244,1181,1335|-|-|-
39,245,1182,1336|-|-|-
-|-|36,242,1179,1333|-
-|-|37,243,1180,1334|-
-|-|38,244,1181,1335|-
-|-|39,245,1182,1336|-
-|-|-|36,242,1179,1333
-|-|-|37,243,1180,1334
-|-|-|38,244,1181,1335
-|-|-|39,245,1182,1336
-|-|71,277,1202,1356|-
-|-|72,278,1203,1357|-
-|-|73,279,1204,1358|-
-|-|74,280,1205,1359|-
-|-|-|71,277,1202,1356
-|-|-|72,278,1203,1357
-|-|-|73,279,1204,1358
-|-|-|74,280,1205,1359
-|75,281,1206,1360|-|-
-|76,282,1207,1361|-|-
-|77,283,1208,1362|-|-
-|78,284,1209,1363|-|-
-|-|79,285,1210,1364|-
-|-|80,286,1211,1365|-
-|-|81,287,1212,1366|-
-|-|82,288,1213,1367|-
83,289,1214,1368|-|-|-
84,290,1215,1369|-|-|-
85,291,1216,1370|-|-|-
86,292,1217,1371|-|-|-
96,302,1222,1376|-|-|-
97,303,1223,1377|-|-|-
98,304,1224,1378|-|-|-
99,305,1225,1379|-|-|-
-|96,302,1222,1376|-|-
-|97,303,1223,1377|-|-
-|98,304,1224,1378|-|-
-|99,305,1225,1379|-|-
-|-|-|96,302,1222,1376
-|-|-|97,303,1223,1377
-|-|-|98,304,1224,1378
-|-|-|99,305,1225,1379
104,310,1230,1384|-|-|-
105,311,1231,1385|-|-|-
106,312,1232,1386|-|-|-
107,313,1233,1387|-|-|-
-|-|104,310,1230,1384|-
-|-|105,311,1231,1385|-
-|-|106,312,1232,1386|-
-|-|107,313,1233,1387|-
-|-|120,326,1236,1390|-
-|-|121,327,1237,1391|-
-|-|122,328,1238,1392|-
-|-|123,329,1239,1393|-
124,330,1240,1394|-|-|-
125,331,1241,1395|-|-|-
126,332,1242,1396|-|-|-
127,333,1243,1397|-|-|-
-|-|-|120,326,1236,1390
-|-|-|121,327,1237,1391
-|-|-|122,328,1238,1392
-|-|-|123,329,1239,1393
-|124,330,1240,1394|-|-
-|125,331,1241,1395|-|-
-|126,332,1242,1396|-|-
-|127,333,1243,1397|-|-
133,339,1248,1402|-|-|-
134,340,1249,1403|-|-|-
135,341,1250,1404|-|-|-
136,342,1251,1405|-|-|-
-|-|136,342,1251,1405|-
-|-|-|71,277,1202,1356
-|-|-|72,278,1203,1357
-|-|-|73,279,1204,1358
-|-|-|74,280,1205,1359
-|77,283,1208,1362|-|-
-|78,284,1209,1363|-|-
-|-|79,285,1210,1364|-
-|-|80,286,1211,1365|-
-|-|81,287,1212,1366|-
-|-|82,288,1213,1367|-
83,289,1214,1368|-|-|-
84,290,1215,1369|-|-|-
85,291,1216,1370|-|-|-
86,292,1217,1371|-|-|-
-|-|86,292,1217,1371|-
-|83,289,1214,1368|-|-
-|84,290,1215,1369|-|-
-|85,291,1216,1370|-|-
-|86,292,1217,1371|-|-
-|96,302,1222,1376|-|-
-|97,303,1223,1377|-|-
-|98,304,1224,1378|-|-
-|99,305,1225,1379|-|-
-|-|-|98,304,1224,1378
-|-|-|99,305,1225,1379
104,310,1230,1384|-|-|-
105,311,1231,1385|-|-|-
106,312,1232,1386|-|-|-
107,313,1233,1387|-|-|-
-|-|104,310,1230,1384|-
-|-|105,311,1231,1385|-
-|-|106,312,1232,1386|-
-|-|107,313,1233,1387|-
111,317,1235,1389|-|-|-
-|-|-|104,310,1230,1384
-|-|-|105,311,1231,1385
-|-|-|106,312,1232,1386
-|-|-|107,313,1233,1387
-|-|138,344,1252,1406|-
-|-|139,345,1253,1407|-
-|-|140,346,1254,1408|-
-|-|141,347,1255,1409|-
-|-|-|138,344,1252,1406
-|-|-|139,345,1253,1407
-|-|-|140,346,1254,1408
-|-|-|141,347,1255,1409
-|142,348,1256,1410|-|-
-|143,349,1257,1411|-|-
-|144,350,1258,1412|-|-
-|145,351,1259,1413|-|-
-|-|-|145,351,1259,1413
-|-|146,352,1260,1414|-
-|-|147,353,1261,1415|-
-|-|148,354,1262,1416|-
-|-|149,355,1263,1417|-
150,356,1264,1418|-|-|-
151,357,1265,1419|-|-|-
152,358,1266,1420|-|-|-
153,359,1267,1421|-|-|-
163,369,1272,1426|-|-|-
164,370,1273,1427|-|-|-
165,371,1274,1428|-|-|-
166,372,1275,1429|-|-|-
-|163,369,1272,1426|-|-
-|164,370,1273,1427|-|-
-|165,371,1274,1428|-|-
-|166,372,1275,1429|-|-
-|-|-|163,369,1272,1426
-|-|-|164,370,1273,1427
-|-|-|165,371,1274,1428
-|-|-|166,372,1275,1429
-|167,373,1276,1430|-|-
172,378,1281,1435|-|-|-
173,379,1282,1436|-|-|-
174,380,1283,1437|-|-|-
175,381,1284,1438|-|-|-
-|-|172,378,1281,1435|-
-|-|173,379,1282,1436|-
-|-|174,380,1283,1437|-
-|-|175,381,1284,1438|-
-|-|188,394,1287,1441|-
-|-|189,395,1288,1442|-
-|-|190,396,1289,1443|-
-|-|191,397,1290,1444|-
192,398,1291,1445|-|-|-
193,399,1292,1446|-|-|-
194,400,1293,1447|-|-|-
195,401,1294,1448|-|-|-
-|-|-|188,394,1287,1441
-|-|-|189,395,1288,1442
-|-|-|190,396,1289,1443
-|-|-|191,397,1290,1444
-|192,398,1291,1445|-|-
-|193,399,1292,1446|-|-
-|194,400,1293,1447|-|-
-|195,401,1294,1448|-|-
-|-|-|194,400,1293,1447
-|-|-|195,401,1294,1448
200,406,1299,1453|-|-|-
201,407,1300,1454|-|-|-
202,408,1301,1455|-|-|-
203,409,1302,1456|-|-|-
-|-|202,408,1301,1455|-
-|-|203,409,1302,1456|-
-|-|-|138,344,1252,1406
-|-|-|139,345,1253,1407
-|-|-|140,346,1254,1408
-|-|-|141,347,1255,1409
-|145,351,1259,1413|-|-
-|-|146,352,1260,1414|-
-|-|147,353,1261,1415|-
-|-|148,354,1262,1416|-
-|-|149,355,1263,1417|-
150,356,1264,1418|-|-|-
151,357,1265,1419|-|-|-
152,358,1266,1420|-|-|-
153,359,1267,1421|-|-|-
-|150,356,1264,1418|-|-
-|151,357,1265,1419|-|-
-|152,358,1266,1420|-|-
-|153,359,1267,1421|-|-
-|163,369,1272,1426|-|-
-|164,370,1273,1427|-|-
-|165,371,1274,1428|-|-
-|166,372,1275,1429|-|-
-|-|-|166,372,1275,1429
172,378,1281,1435|-|-|-
173,379,1282,1436|-|-|-
174,380,1283,1437|-|-|-
175,381,1284,1438|-|-|-
-|-|172,378,1281,1435|-
-|-|173,379,1282,1436|-
-|-|174,380,1283,1437|-
-|-|175,381,1284,1438|-
-|-|-|172,378,1281,1435
-|-|-|173,379,1282,1436
-|-|-|174,380,1283,1437
-|-|-|175,381,1284,1438
416,1462|-|-|-
417,1463|-|-|-
418,1464|-|-|-
419,1465|-|-|-
-|-|418,1464|-
-|-|419,1465|-
-|416,1462|-|-
-|417,1463|-|-
-|418,1464|-|-
-|419,1465|-|-
-|-|-|416,1462
-|-|-|417,1463
-|-|-|418,1464
-|-|-|419,1465
-|421,1466|-|-
426,1471|-|-|-
427,1472|-|-|-
428,1473|-|-|-
429,1474|-|-|-
-|-|426,1471|-
-|-|427,1472|-
-|-|428,1473|-
-|-|429,1474|-
-|-|434,1475|-
-|-|435,1476|-
-|-|436,1477|-
-|-|437,1478|-
440,1481|-|-|-
441,1482|-|-|-
-|-|-|434,1475
-|-|-|435,1476
-|-|-|436,1477
-|-|-|437,1478
-|438,1479|-|-
-|439,1480|-|-
-|440,1481|-|-
-|441,1482|-|-
-|-|-|441,1482
-|-|443,1483|-
-|-|444,1484|-
-|-|445,1485|-
-|-|446,1486|-
447,1487|-|-|-
448,1488|-|-|-
449,1489|-|-|-
450,1490|-|-|-
455,1495|-|-|-
456,1496|-|-|-
457,1497|-|-|-
458,1498|-|-|-
-|-|455,1495|-
-|-|456,1496|-
-|-|457,1497|-
-|-|458,1498|-
462,1500|-|-|-
-|455,1495|-|-
-|456,1496|-|-
-|457,1497|-|-
-|458,1498|-|-
-|-|-|455,1495
-|-|-|456,1496
-|-|-|457,1497
-|-|-|458,1498
-|461,1499|-|-
-|462,1500|-|-
-|-|463,1501|-
-|-|464,1502|-
-|-|465,1503|-
-|-|466,1504|-
469,1505|-|-|-
470,1506|-|-|-
-|416,1462|-|-
-|417,1463|-|-
-|418,1464|-|-
-|419,1465|-|-
-|-|-|418,1464
-|-|-|419,1465
426,1471|-|-|-
427,1472|-|-|-
428,1473|-|-|-
429,1474|-|-|-
-|-|426,1471|-
-|-|427,1472|-
-|-|428,1473|-
-|-|429,1474|-
-|-|-|426,1471
-|-|-|427,1472
-|-|-|428,1473
-|-|-|429,1474
-|-|-|434,1475
-|-|-|435,1476
-|-|-|436,1477
-|-|-|437,1478
-|440,1481|-|-
-|441,1482|-|-
-|-|443,1483|-
-|-|444,1484|-
-|-|445,1485|-
-|-|446,1486|-
447,1487|-|-|-
448,1488|-|-|-
449,1489|-|-|-
450,1490|-|-|-
-|447,1487|-|-
-|448,1488|-|-
-|449,1489|-|-
-|450,1490|-|-
475,1511|-|-|-
476,1512|-|-|-
477,1513|-|-|-
478,1514|-|-|-
-|475,1511|-|-
-|476,1512|-|-
-|477,1513|-|-
-|478,1514|-|-
-|-|-|475,1511
-|-|-|476,1512
-|-|-|477,1513
-|-|-|478,1514
483,1519|-|-|-
484,1520|-|-|-
485,1521|-|-|-
486,1522|-|-|-
-|-|483,1519|-
-|-|484,1520|-
-|-|485,1521|-
-|-|486,1522|-
-|-|491,1524|-
-|-|492,1525|-
-|-|493,1526|-
-|-|494,1527|-
-|-|-|491,1524
-|-|-|492,1525
-|-|-|493,1526
-|-|-|494,1527
-|495,1528|-|-
-|496,1529|-|-
-|497,1530|-|-
-|498,1531|-|-
-|-|499,1532|-
-|-|500,1533|-
-|-|501,1534|-
-|-|502,1535|-
503,1536|-|-|-
504,1537|-|-|-
505,1538|-|-|-
506,1539|-|-|-
511,1544|-|-|-
512,1545|-|-|-
513,1546|-|-|-
514,1547|-|-|-
-|-|511,1544|-
-|-|512,1545|-
-|-|513,1546|-
-|-|514,1547|-
-|511,1544|-|-
-|512,1545|-|-
-|513,1546|-|-
-|514,1547|-|-
-|-|-|511,1544
-|-|-|512,1545
-|-|-|513,1546
-|-|-|514,1547
-|-|519,1549|-
-|-|520,1550|-
-|-|521,1551|-
-|-|522,1552|-
526,1553|-|-|-
-|475,1511|-|-
-|476,1512|-|-
-|477,1513|-|-
-|478,1514|-|-
-|-|-|477,1513
-|-|-|478,1514
483,1519|-|-|-
484,1520|-|-|-
485,1521|-|-|-
486,1522|-|-|-
-|-|483,1519|-
-|-|484,1520|-
-|-|485,1521|-
-|-|486,1522|-
490,1523|-|-|-
-|-|-|483,1519
-|-|-|484,1520
-|-|-|485,1521
-|-|-|486,1522
-|-|-|491,1524
-|-|-|492,1525
-|-|-|493,1526
-|-|-|494,1527
-|497,1530|-|-
-|498,1531|-|-
-|-|499,1532|-
-|-|500,1533|-
-|-|501,1534|-
-|-|502,1535|-
503,1536|-|-|-
504,1537|-|-|-
505,1538|-|-|-
506,1539|-|-|-
-|-|506,1539|-
-|503,1536|-|-
-|504,1537|-|-
-|505,1538|-|-
-|506,1539|-|-
531,1558|-|-|-
532,1559|-|-|-
533,1560|-|-|-
534,1561|-|-|-
-|531,1558|-|-
-|532,1559|-|-
-|533,1560|-|-
-|534,1561|-|-
-|-|-|531,1558
-|-|-|532,1559
-|-|-|533,1560
-|-|-|534,1561
-|535,1562|-|-
540,1567|-|-|-
541,1568|-|-|-
542,1569|-|-|-
543,1570|-|-|-
-|-|540,1567|-
-|-|541,1568|-
-|-|542,1569|-
-|-|543,1570|-
-|-|548,1571|-
-|-|549,1572|-
-|-|550,1573|-
-|-|551,1574|-
-|-|-|548,1571
-|-|-|549,1572
-|-|-|550,1573
-|-|-|551,1574
-|552,1575|-|-
-|553,1576|-|-
-|554,1577|-|-
-|555,1578|-|-
-|-|-|555,1578
-|-|556,1579|-
-|-|557,1580|-
-|-|558,1581|-
-|-|559,1582|-
560,1583|-|-|-
561,1584|-|-|-
562,1585|-|-|-
563,1586|-|-|-
569,1591|-|-|-
570,1592|-|-|-
571,1593|-|-|-
572,1594|-|-|-
-|-|569,1591|-
-|-|570,1592|-
-|-|571,1593|-
-|-|572,1594|-
-|569,1591|-|-
-|570,1592|-|-
-|571,1593|-|-
-|572,1594|-|-
-|-|-|569,1591
-|-|-|570,1592
-|-|-|571,1593
-|-|-|572,1594
-|575,1595|-|-
-|576,1596|-|-
-|-|577,1597|-
-|-|578,1598|-
-|-|579,1599|-
-|-|580,1600|-
583,1601|-|-|-
584,1602|-|-|-
-|531,1558|-|-
-|532,1559|-|-
-|533,1560|-|-
-|534,1561|-|-
-|-|-|534,1561
540,1567|-|-|-
541,1568|-|-|-
542,1569|-|-|-
543,1570|-|-|-
-|-|540,1567|-
-|-|541,1568|-
-|-|542,1569|-
-|-|543,1570|-
-|-|-|540,1567
-|-|-|541,1568
-|-|-|542,1569
-|-|-|543,1570
-|-|-|548,1571
-|-|-|549,1572
-|-|-|550,1573
-|-|-|551,1574
-|555,1578|-|-
-|-|556,1579|-
-|-|557,1580|-
-|-|558,1581|-
-|-|559,1582|-
560,1583|-|-|-
561,1584|-|-|-
562,1585|-|-|-
563,1586|-|-|-
-|560,1583|-|-
-|561,1584|-|-
-|562,1585|-|-
-|563,1586|-|-
-|-|-|0,206,1150,1304
-|-|-|1,207,1151,1305
-|-|-|2,208,1152,1306
-|-|-|3,209,1153,1307
-|4,210,1154,1308|-|-
-|5,211,1155,1309|-|-
-|6,212,1156,1310|-|-
-|7,213,1157,1311|-|-
-|-|-|7,213,1157,1311
-|-|9,215,1158,1312|-
-|-|10,216,1159,1313|-
-|-|11,217,1160,1314|-
-|-|12,218,1161,1315|-
13,219,1162,1316|-|-|-
14,220,1163,1317|-|-|-
15,221,1164,1318|-|-|-
16,222,1165,1319|-|-|-
-|-|15,221,1164,1318|-
-|-|16,222,1165,1319|-
-|13,219,1162,1316|-|-
-|14,220,1163,1317|-|-
-|15,221,1164,1318|-|-
-|16,222,1165,1319|-|-
-|-|-|16,222,1165,1319
-|26,232,1170,1324|-|-
-|27,233,1171,1325|-|-
-|28,234,1172,1326|-|-
-|29,235,1173,1327|-|-
-|-|-|26,232,1170,1324
-|-|-|27,233,1171,1325
-|-|-|28,234,1172,1326
-|-|-|29,235,1173,1327
-|31,237,1174,1328|-|-
36,242,1179,1333|-|-|-
37,243,1180,1334|-|-|-
38,244,1181,1335|-|-|-
39,245,1182,1336|-|-|-
-|-|36,242,1179,1333|-
-|-|37,243,1180,1334|-
-|-|38,244,1181,1335|-
-|-|39,245,1182,1336|-
42,248,1183,1337|-|-|-
43,249,1184,1338|-|-|-
-|-|-|36,242,1179,1333
-|-|-|37,243,1180,1334
-|-|-|38,244,1181,1335
-|-|-|39,245,1182,1336
-|43,249,1184,1338|-|-
-|56,262,1189,1343|-|-
-|57,263,1190,1344|-|-
-|58,264,1191,1345|-|-
-|59,265,1192,1346|-|-
-|-|-|58,264,1191,1345
-|-|-|59,265,1192,1346
65,271,1197,1351|-|-|-
66,272,1198,1352|-|-|-
67,273,1199,1353|-|-|-
68,274,1200,1354|-|-|-
-|-|65,271,1197,1351|-
-|-|66,272,1198,1352|-
-|-|67,273,1199,1353|-
-|-|68,274,1200,1354|-
70,276,1201,1355|-|-|-
-|65,271,1197,1351|-|-
-|66,272,1198,1352|-|-
-|67,273,1199,1353|-|-
-|68,274,1200,1354|-|-
-|-|-|65,271,1197,1351
-|-|-|66,272,1198,1352
-|-|-|67,273,1199,1353
-|-|-|68,274,1200,1354
-|-|9,215,1158,1312|-
-|-|10,216,1159,1313|-
-|-|11,217,1160,1314|-
-|-|12,218,1161,1315|-
13,219,1162,1316|-|-|-
14,220,1163,1317|-|-|-
15,221,1164,1318|-|-|-
16,222,1165,1319|-|-|-
-|-|-|9,215,1158,1312
-|-|-|10,216,1159,1313
-|-|-|11,217,1160,1314
-|-|-|12,218,1161,1315
-|13,219,1162,1316|-|-
-|14,220,1163,1317|-|-
-|15,221,1164,1318|-|-
-|16,222,1165,1319|-|-
-|-|-|15,221,1164,1318
-|-|-|16,222,1165,1319
36,242,1179,1333|-|-|-
37,243,1180,1334|-|-|-
38,244,1181,1335|-|-|-
39,245,1182,1336|-|-|-
-|-|36,242,1179,1333|-
-|-|37,243,1180,1334|-
-|-|38,244,1181,1335|-
-|-|39,245,1182,1336|-
-|36,242,1179,1333|-|-
-|37,243,1180,1334|-|-
-|38,244,1181,1335|-|-
-|39,245,1182,1336|-|-
-|-|-|36,242,1179,1333
-|-|-|37,243,1180,1334
-|-|-|38,244,1181,1335
-|-|-|39,245,1182,1336
-|42,248,1183,1337|-|-
-|43,249,1184,1338|-|-
-|-|-|71,277,1202,1356
-|-|-|72,278,1203,1357
-|-|-|73,279,1204,1358
-|-|-|74,280,1205,1359
-|75,281,1206,1360|-|-
-|76,282,1207,1361|-|-
-|77,283,1208,1362|-|-
-|78,284,1209,1363|-|-
-|-|79,285,1210,1364|-
-|-|80,286,1211,1365|-
-|-|81,287,1212,1366|-
-|-|82,288,1213,1367|-
83,289,1214,1368|-|-|-
84,290,1215,1369|-|-|-
85,291,1216,1370|-|-|-
86,292,1217,1371|-|-|-
-|83,289,1214,1368|-|-
-|84,290,1215,1369|-|-
-|85,291,1216,1370|-|-
-|86,292,1217,1371|-|-
-|96,302,1222,1376|-|-
-|97,303,1223,1377|-|-
-|98,304,1224,1378|-|-
-|99,305,1225,1379|-|-
-|-|-|96,302,1222,1376
-|-|-|97,303,1223,1377
-|-|-|98,304,1224,1378
-|-|-|99,305,1225,1379
104,310,1230,1384|-|-|-
105,311,1231,1385|-|-|-
106,312,1232,1386|-|-|-
107,313,1233,1387|-|-|-
-|-|104,310,1230,1384|-
-|-|105,311,1231,1385|-
-|-|106,312,1232,1386|-
-|-|107,313,1233,1387|-
-|-|-|104,310,1230,1384
-|-|-|105,311,1231,1385
-|-|-|106,312,1232,1386
-|-|-|107,313,1233,1387
-|124,330,1240,1394|-|-
-|125,331,1241,1395|-|-
-|126,332,1242,1396|-|-
-|127,333,1243,1397|-|-
133,339,1248,1402|-|-|-
134,340,1249,1403|-|-|-
135,341,1250,1404|-|-|-
136,342,1251,1405|-|-|-
-|-|133,339,1248,1402|-
-|-|134,340,1249,1403|-
-|-|135,341,1250,1404|-
-|-|136,342,1251,1405|-
-|133,339,1248,1402|-|-
-|134,340,1249,1403|-|-
-|135,341,1250,1404|-|-
-|136,342,1251,1405|-|-
-|-|-|133,339,1248,1402
-|-|-|134,340,1249,1403
-|-|-|135,341,1250,1404
-|-|-|136,342,1251,1405
-|-|79,285,1210,1364|-
-|-|80,286,1211,1365|-
-|-|81,287,1212,1366|-
-|-|82,288,1213,1367|-
83,289,1214,1368|-|-|-
84,290,1215,1369|-|-|-
85,291,1216,1370|-|-|-
86,292,1217,1371|-|-|-
-|-|86,292,1217,1371|-
-|-|-|79,285,1210,1364
-|-|-|80,286,1211,1365
-|-|-|81,287,1212,1366
-|-|-|82,288,1213,1367
-|83,289,1214,1368|-|-
-|84,290,1215,1369|-|-
-|85,291,1216,1370|-|-
-|86,292,1217,1371|-|-
-|-|-|85,291,1216,1370
-|-|-|86,292,1217,1371
104,310,1230,1384|-|-|-
105,311,1231,1385|-|-|-
106,312,1232,1386|-|-|-
107,313,1233,1387|-|-|-
-|-|104,310,1230,1384|-
-|-|105,311,1231,1385|-
-|-|106,312,1232,1386|-
-|-|107,313,1233,1387|-
111,317,1235,1389|-|-|-
-|104,310,1230,1384|-|-
-|105,311,1231,1385|-|-
-|106,312,1232,1386|-|-
-|107,313,1233,1387|-|-
-|-|-|104,310,1230,1384
-|-|-|105,311,1231,1385
-|-|-|106,312,1232,1386
-|-|-|107,313,1233,1387
-|110,316,1234,1388|-|-
-|111,317,1235,1389|-|-
-|-|-|138,344,1252,1406
-|-|-|139,345,1253,1407
-|-|-|140,346,1254,1408
-|-|-|141,347,1255,1409
-|142,348,1256,1410|-|-
-|143,349,1257,1411|-|-
-|144,350,1258,1412|-|-
-|145,351,1259,1413|-|-
-|-|146,352,1260,1414|-
-|-|147,353,1261,1415|-
-|-|148,354,1262,1416|-
-|-|149,355,1263,1417|-
150,356,1264,1418|-|-|-
151,357,1265,1419|-|-|-
152,358,1266,1420|-|-|-
153,359,1267,1421|-|-|-
-|-|152,358,1266,1420|-
-|-|153,359,1267,1421|-
-|150,356,1264,1418|-|-
-|151,357,1265,1419|-|-
-|152,358,1266,1420|-|-
-|153,359,1267,1421|-|-
-|-|-|153,359,1267,1421
-|163,369,1272,1426|-|-
-|164,370,1273,1427|-|-
-|165,371,1274,1428|-|-
-|166,372,1275,1429|-|-
-|-|-|163,369,1272,1426
-|-|-|164,370,1273,1427
-|-|-|165,371,1274,1428
-|-|-|166,372,1275,1429
172,378,1281,1435|-|-|-
173,379,1282,1436|-|-|-
174,380,1283,1437|-|-|-
175,381,1284,1438|-|-|-
-|-|172,378,1281,1435|-
-|-|173,379,1282,1436|-
-|-|174,380,1283,1437|-
-|-|175,381,1284,1438|-
178,384,1285,1439|-|-|-
179,385,1286,1440|-|-|-
-|-|-|172,378,1281,1435
-|-|-|173,379,1282,1436
-|-|-|174,380,1283,1437
-|-|-|175,381,1284,1438
-|179,385,1286,1440|-|-
-|192,398,1291,1445|-|-
-|193,399,1292,1446|-|-
-|194,400,1293,1447|-|-
-|195,401,1294,1448|-|-
200,406,1299,1453|-|-|-
201,407,1300,1454|-|-|-
202,408,1301,1455|-|-|-
203,409,1302,1456|-|-|-
-|-|200,406,1299,1453|-
-|-|201,407,1300,1454|-
-|-|202,408,1301,1455|-
-|-|203,409,1302,1456|-
205,411,1303,1457|-|-|-
-|200,406,1299,1453|-|-
-|201,407,1300,1454|-|-
-|202,408,1301,1455|-|-
-|203,409,1302,1456|-|-
-|-|-|200,406,1299,1453
-|-|-|201,407,1300,1454
-|-|-|202,408,1301,1455
-|-|-|203,409,1302,1456
-|-|146,352,1260,1414|-
-|-|147,353,1261,1415|-
-|-|148,354,1262,1416|-
-|-|149,355,1263,1417|-
150,356,1264,1418|-|-|-
151,357,1265,1419|-|-|-
152,358,1266,1420|-|-|-
153,359,1267,1421|-|-|-
-|-|-|146,352,1260,1414
-|-|-|147,353,1261,1415
-|-|-|148,354,1262,1416
-|-|-|149,355,1263,1417
-|150,356,1264,1418|-|-
-|151,357,1265,1419|-|-
-|152,358,1266,1420|-|-
-|153,359,1267,1421|-|-
-|-|-|152,358,1266,1420
-|-|-|153,359,1267,1421
172,378,1281,1435|-|-|-
173,379,1282,1436|-|-|-
174,380,1283,1437|-|-|-
175,381,1284,1438|-|-|-
-|-|172,378,1281,1435|-
-|-|173,379,1282,1436|-
-|-|174,380,1283,1437|-
-|-|175,381,1284,1438|-
-|172,378,1281,1435|-|-
-|173,379,1282,1436|-|-
-|174,380,1283,1437|-|-
-|175,381,1284,1438|-|-
-|-|-|172,378,1281,1435
-|-|-|173,379,1282,1436
-|-|-|174,380,1283,1437
-|-|-|175,381,1284,1438
-|178,384,1285,1439|-|-
-|179,385,1286,1440|-|-
-|-|585,783,1603,1751|-
-|-|586,784,1604,1752|-
-|-|587,785,1605,1753|-
-|-|588,786,1606,1754|-
-|-|-|585,783,1603,1751
-|-|-|586,784,1604,1752
-|-|-|587,785,1605,1753
-|-|-|588,786,1606,1754
-|589,787,1607,1755|-|-
-|590,788,1608,1756|-|-
-|591,789,1609,1757|-|-
-|592,790,1610,1758|-|-
-|-|-|592,790,1610,1758
-|-|593,791,1611,1759|-
-|-|594,792,1612,1760|-
-|-|595,793,1613,1761|-
-|-|596,794,1614,1762|-
597,795,1615,1763|-|-|-
598,796,1616,1764|-|-|-
599,797,1617,1765|-|-|-
600,798,1618,1766|-|-|-
610,808,1623,1771|-|-|-
611,809,1624,1772|-|-|-
612,810,1625,1773|-|-|-
613,811,1626,1774|-|-|-
-|610,808,1623,1771|-|-
-|611,809,1624,1772|-|-
-|612,810,1625,1773|-|-
-|613,811,1626,1774|-|-
-|-|-|610,808,1623,1771
-|-|-|611,809,1624,1772
-|-|-|612,810,1625,1773
-|-|-|613,811,1626,1774
-|614,812,1627,1775|-|-
619,817,1632,1780|-|-|-
620,818,1633,1781|-|-|-
621,819,1634,1782|-|-|-
622,820,1635,1783|-|-|-
-|-|619,817,1632,1780|-
-|-|620,818,1633,1781|-
-|-|621,819,1634,1782|-
-|-|622,820,1635,1783|-
-|-|635,833,1637,1785|-
-|-|636,834,1638,1786|-
-|-|637,835,1639,1787|-
-|-|638,836,1640,1788|-
639,837,1641,1789|-|-|-
640,838,1642,1790|-|-|-
641,839,1643,1791|-|-|-
642,840,1644,1792|-|-|-
-|-|-|635,833,1637,1785
-|-|-|636,834,1638,1786
-|-|-|637,835,1639,1787
-|-|-|638,836,1640,1788
-|639,837,1641,1789|-|-
-|640,838,1642,1790|-|-
-|641,839,1643,1791|-|-
-|642,840,1644,1792|-|-
-|-|-|641,839,1643,1791
-|-|-|642,840,1644,1792
647,845,1649,1797|-|-|-
648,846,1650,1798|-|-|-
649,847,1651,1799|-|-|-
650,848,1652,1800|-|-|-
-|-|649,847,1651,1799|-
-|-|650,848,1652,1800|-
-|-|-|585,783,1603,1751
-|-|-|586,784,1604,1752
-|-|-|587,785,1605,1753
-|-|-|588,786,1606,1754
-|592,790,1610,1758|-|-
-|-|593,791,1611,1759|-
-|-|594,792,1612,1760|-
-|-|595,793,1613,1761|-
-|-|596,794,1614,1762|-
597,795,1615,1763|-|-|-
598,796,1616,1764|-|-|-
599,797,1617,1765|-|-|-
600,798,1618,1766|-|-|-
-|597,795,1615,1763|-|-
-|598,796,1616,1764|-|-
-|599,797,1617,1765|-|-
-|600,798,1618,1766|-|-
-|610,808,1623,1771|-|-
-|611,809,1624,1772|-|-
-|612,810,1625,1773|-|-
-|613,811,1626,1774|-|-
-|-|-|613,811,1626,1774
619,817,1632,1780|-|-|-
620,818,1633,1781|-|-|-
621,819,1634,1782|-|-|-
622,820,1635,1783|-|-|-
-|-|619,817,1632,1780|-
-|-|620,818,1633,1781|-
-|-|621,819,1634,1782|-
-|-|622,820,1635,1783|-
-|-|-|619,817,1632,1780
-|-|-|620,818,1633,1781
-|-|-|621,819,1634,1782
-|-|-|622,820,1635,1783
-|-|652,850,1653,1801|-
-|-|653,851,1654,1802|-
-|-|654,852,1655,1803|-
-|-|655,853,1656,1804|-
-|-|-|652,850,1653,1801
-|-|-|653,851,1654,1802
-|-|-|654,852,1655,1803
-|-|-|655,853,1656,1804
-|656,854,1657,1805|-|-
-|657,855,1658,1806|-|-
-|658,856,1659,1807|-|-
-|659,857,1660,1808|-|-
-|-|660,858,1661,1809|-
-|-|661,859,1662,1810|-
-|-|662,860,1663,1811|-
-|-|663,861,1664,1812|-
664,862,1665,1813|-|-|-
665,863,1666,1814|-|-|-
666,864,1667,1815|-|-|-
667,865,1668,1816|-|-|-
676,874,1673,1821|-|-|-
677,875,1674,1822|-|-|-
678,876,1675,1823|-|-|-
679,877,1676,1824|-|-|-
-|676,874,1673,1821|-|-
-|677,875,1674,1822|-|-
-|678,876,1675,1823|-|-
-|679,877,1676,1824|-|-
-|-|-|676,874,1673,1821
-|-|-|677,875,1674,1822
-|-|-|678,876,1675,1823
-|-|-|679,877,1676,1824
684,882,1681,1829|-|-|-
685,883,1682,1830|-|-|-
686,884,1683,1831|-|-|-
687,885,1684,1832|-|-|-
-|-|684,882,1681,1829|-
-|-|685,883,1682,1830|-
-|-|686,884,1683,1831|-
-|-|687,885,1684,1832|-
-|-|700,898,1686,1834|-
-|-|701,899,1687,1835|-
-|-|702,900,1688,1836|-
-|-|703,901,1689,1837|-
704,902,1690,1838|-|-|-
705,903,1691,1839|-|-|-
706,904,1692,1840|-|-|-
707,905,1693,1841|-|-|-
-|-|-|700,898,1686,1834
-|-|-|701,899,1687,1835
-|-|-|702,900,1688,1836
-|-|-|703,901,1689,1837
-|704,902,1690,1838|-|-
-|705,903,1691,1839|-|-
-|706,904,1692,1840|-|-
-|707,905,1693,1841|-|-
712,910,1698,1846|-|-|-
713,911,1699,1847|-|-|-
714,912,1700,1848|-|-|-
715,913,1701,1849|-|-|-
-|-|715,913,1701,1849|-
-|-|-|652,850,1653,1801
-|-|-|653,851,1654,1802
-|-|-|654,852,1655,1803
-|-|-|655,853,1656,1804
-|-|660,858,1661,1809|-
-|-|661,859,1662,1810|-
-|-|662,860,1663,1811|-
-|-|663,861,1664,1812|-
664,862,1665,1813|-|-|-
665,863,1666,1814|-|-|-
666,864,1667,1815|-|-|-
667,865,1668,1816|-|-|-
-|-|667,865,1668,1816|-
-|664,862,1665,1813|-|-
-|665,863,1666,1814|-|-
-|666,864,1667,1815|-|-
-|667,865,1668,1816|-|-
-|676,874,1673,1821|-|-
-|677,875,1674,1822|-|-
-|678,876,1675,1823|-|-
-|679,877,1676,1824|-|-
684,882,1681,1829|-|-|-
685,883,1682,1830|-|-|-
686,884,1683,1831|-|-|-
687,885,1684,1832|-|-|-
-|-|684,882,1681,1829|-
-|-|685,883,1682,1830|-
-|-|686,884,1683,1831|-
-|-|687,885,1684,1832|-
691,889,1685,1833|-|-|-
-|-|-|684,882,1681,1829
-|-|-|685,883,1682,1830
-|-|-|686,884,1683,1831
-|-|-|687,885,1684,1832
-|-|717,915,1702,1850|-
-|-|718,916,1703,1851|-
-|-|719,917,1704,1852|-
-|-|720,918,1705,1853|-
-|-|-|717,915,1702,1850
-|-|-|718,916,1703,1851
-|-|-|719,917,1704,1852
-|-|-|720,918,1705,1853
-|721,919,1706,1854|-|-
-|722,920,1707,1855|-|-
-|723,921,1708,1856|-|-
-|724,922,1709,1857|-|-
-|-|725,923,1710,1858|-
-|-|726,924,1711,1859|-
-|-|727,925,1712,1860|-
-|-|728,926,1713,1861|-
729,927,1714,1862|-|-|-
730,928,1715,1863|-|-|-
731,929,1716,1864|-|-|-
732,930,1717,1865|-|-|-
-|-|732,930,1717,1865|-
742,940,1722,1870|-|-|-
743,941,1723,1871|-|-|-
744,942,1724,1872|-|-|-
745,943,1725,1873|-|-|-
-|742,940,1722,1870|-|-
-|743,941,1723,1871|-|-
-|744,942,1724,1872|-|-
-|745,943,1725,1873|-|-
-|-|-|742,940,1722,1870
-|-|-|743,941,1723,1871
-|-|-|744,942,1724,1872
-|-|-|745,943,1725,1873
750,948,1730,1878|-|-|-
751,949,1731,1879|-|-|-
752,950,1732,1880|-|-|-
753,951,1733,1881|-|-|-
-|-|750,948,1730,1878|-
-|-|751,949,1731,1879|-
-|-|752,950,1732,1880|-
-|-|753,951,1733,1881|-
757,955,1734,1882|-|-|-
-|-|766,964,1735,1883|-
-|-|767,965,1736,1884|-
-|-|768,966,1737,1885|-
-|-|769,967,1738,1886|-
770,968,1739,1887|-|-|-
771,969,1740,1888|-|-|-
772,970,1741,1889|-|-|-
773,971,1742,1890|-|-|-
-|-|-|766,964,1735,1883
-|-|-|767,965,1736,1884
-|-|-|768,966,1737,1885
-|-|-|769,967,1738,1886
-|770,968,1739,1887|-|-
-|771,969,1740,1888|-|-
-|772,970,1741,1889|-|-
-|773,971,1742,1890|-|-
-|-|-|773,971,1742,1890
778,976,1747,1895|-|-|-
779,977,1748,1896|-|-|-
780,978,1749,1897|-|-|-
781,979,1750,1898|-|-|-
-|-|780,978,1749,1897|-
-|-|781,979,1750,1898|-
-|-|-|717,915,1702,1850
-|-|-|718,916,1703,1851
-|-|-|719,917,1704,1852
-|-|-|720,918,1705,1853
-|-|725,923,1710,1858|-
-|-|726,924,1711,1859|-
-|-|727,925,1712,1860|-
-|-|728,926,1713,1861|-
729,927,1714,1862|-|-|-
730,928,1715,1863|-|-|-
731,929,1716,1864|-|-|-
732,930,1717,1865|-|-|-
-|729,927,1714,1862|-|-
-|730,928,1715,1863|-|-
-|731,929,1716,1864|-|-
-|732,930,1717,1865|-|-
-|742,940,1722,1870|-|-
-|743,941,1723,1871|-|-
-|744,942,1724,1872|-|-
-|745,943,1725,1873|-|-
750,948,1730,1878|-|-|-
751,949,1731,1879|-|-|-
752,950,1732,1880|-|-|-
753,951,1733,1881|-|-|-
-|-|750,948,1730,1878|-
-|-|751,949,1731,1879|-
-|-|752,950,1732,1880|-
-|-|753,951,1733,1881|-
-|-|-|750,948,1730,1878
-|-|-|751,949,1731,1879
-|-|-|752,950,1732,1880
-|-|-|753,951,1733,1881
985,1903|-|-|-
986,1904|-|-|-
987,1905|-|-|-
988,1906|-|-|-
-|985,1903|-|-
-|986,1904|-|-
-|987,1905|-|-
-|988,1906|-|-
-|-|-|985,1903
-|-|-|986,1904
-|-|-|987,1905
-|-|-|988,1906
-|989,1907|-|-
994,1912|-|-|-
995,1913|-|-|-
996,1914|-|-|-
997,1915|-|-|-
-|-|994,1912|-
-|-|995,1913|-
-|-|996,1914|-
-|-|997,1915|-
-|-|1002,1916|-
-|-|1003,1917|-
-|-|1004,1918|-
-|-|1005,1919|-
-|-|-|1002,1916
-|-|-|1003,1917
-|-|-|1004,1918
-|-|-|1005,1919
-|1006,1920|-|-
-|1007,1921|-|-
-|1008,1922|-|-
-|1009,1923|-|-
-|-|-|1009,1923
-|-|1010,1924|-
-|-|1011,1925|-
-|-|1012,1926|-
-|-|1013,1927|-
1014,1928|-|-|-
1015,1929|-|-|-
1016,1930|-|-|-
1017,1931|-|-|-
1022,1936|-|-|-
1023,1937|-|-|-
1024,1938|-|-|-
1025,1939|-|-|-
-|-|1022,1936|-
-|-|1023,1937|-
-|-|1024,1938|-
-|-|1025,1939|-
-|1022,1936|-|-
-|1023,1937|-|-
-|1024,1938|-|-
-|1025,1939|-|-
-|-|-|1022,1936
-|-|-|1023,1937
-|-|-|1024,1938
-|-|-|1025,1939
-|1028,1940|-|-
-|1029,1941|-|-
-|-|1030,1942|-
-|-|1031,1943|-
-|-|1032,1944|-
-|-|1033,1945|-
1036,1946|-|-|-
1037,1947|-|-|-
-|985,1903|-|-
-|986,1904|-|-
-|987,1905|-|-
-|988,1906|-|-
-|-|-|988,1906
994,1912|-|-|-
995,1913|-|-|-
996,1914|-|-|-
997,1915|-|-|-
-|-|994,1912|-
-|-|995,1913|-
-|-|996,1914|-
-|-|997,1915|-
-|-|-|994,1912
-|-|-|995,1913
-|-|-|996,1914
-|-|-|997,1915
-|-|-|1002,1916
-|-|-|1003,1917
-|-|-|1004,1918
-|-|-|1005,1919
-|1009,1923|-|-
-|-|1010,1924|-
-|-|1011,1925|-
-|-|1012,1926|-
-|-|1013,1927|-
1014,1928|-|-|-
1015,1929|-|-|-
1016,1930|-|-|-
1017,1931|-|-|-
-|1014,1928|-|-
-|1015,1929|-|-
-|1016,1930|-|-
-|1017,1931|-|-
1042,1952|-|-|-
1043,1953|-|-|-
1044,1954|-|-|-
1045,1955|-|-|-
-|1042,1952|-|-
-|1043,1953|-|-
-|1044,1954|-|-
-|1045,1955|-|-
-|-|-|1042,1952
-|-|-|1043,1953
-|-|-|1044,1954
-|-|-|1045,1955
1050,1960|-|-|-
1051,1961|-|-|-
1052,1962|-|-|-
1053,1963|-|-|-
-|-|1050,1960|-
-|-|1051,1961|-
-|-|1052,1962|-
-|-|1053,1963|-
-|-|1058,1965|-
-|-|1059,1966|-
-|-|1060,1967|-
-|-|1061,1968|-
-|-|-|1058,1965
-|-|-|1059,1966
-|-|-|1060,1967
-|-|-|1061,1968
-|1062,1969|-|-
-|1063,1970|-|-
-|1064,1971|-|-
-|1065,1972|-|-
-|-|1066,1973|-
-|-|1067,1974|-
-|-|1068,1975|-
-|-|1069,1976|-
1070,1977|-|-|-
1071,1978|-|-|-
1072,1979|-|-|-
1073,1980|-|-|-
1078,1985|-|-|-
1079,1986|-|-|-
1080,1987|-|-|-
1081,1988|-|-|-
-|-|1078,1985|-
-|-|1079,1986|-
-|-|1080,1987|-
-|-|1081,1988|-
-|1078,1985|-|-
-|1079,1986|-|-
-|1080,1987|-|-
-|1081,1988|-|-
-|-|-|1078,1985
-|-|-|1079,1986
-|-|-|1080,1987
-|-|-|1081,1988
-|-|1086,1989|-
-|-|1087,1990|-
-|-|1088,1991|-
-|-|1089,1992|-
1093,1993|-|-|-
-|1042,1952|-|-
-|1043,1953|-|-
-|1044,1954|-|-
-|1045,1955|-|-
1050,1960|-|-|-
1051,1961|-|-|-
1052,1962|-|-|-
1053,1963|-|-|-
-|-|1050,1960|-
-|-|1051,1961|-
-|-|1052,1962|-
-|-|1053,1963|-
1057,1964|-|-|-
-|-|-|1050,1960
-|-|-|1051,1961
-|-|-|1052,1962
-|-|-|1053,1963
-|-|-|1058,1965
-|-|-|1059,1966
-|-|-|1060,1967
-|-|-|1061,1968
-|-|1066,1973|-
-|-|1067,1974|-
-|-|1068,1975|-
-|-|1069,1976|-
1070,1977|-|-|-
1071,1978|-|-|-
1072,1979|-|-|-
1073,1980|-|-|-
-|-|1073,1980|-
-|1070,1977|-|-
-|1071,1978|-|-
-|1072,1979|-|-
-|1073,1980|-|-
1098,1998|-|-|-
1099,1999|-|-|-
1100,2000|-|-|-
1101,2001|-|-|-
-|1098,1998|-|-
-|1099,1999|-|-
-|1100,2000|-|-
-|1101,2001|-|-
-|-|-|1098,1998
-|-|-|1099,1999
-|-|-|1100,2000
-|-|-|1101,2001
1106,2006|-|-|-
1107,2007|-|-|-
1108,2008|-|-|-
1109,2009|-|-|-
-|-|1106,2006|-
-|-|1107,2007|-
-|-|1108,2008|-
-|-|1109,2009|-
1113,2010|-|-|-
-|-|1114,2011|-
-|-|1115,2012|-
-|-|1116,2013|-
-|-|1117,2014|-
-|-|-|1114,2011
-|-|-|1115,2012
-|-|-|1116,2013
-|-|-|1117,2014
-|1118,2015|-|-
-|1119,2016|-|-
-|1120,2017|-|-
-|1121,2018|-|-
-|-|1122,2019|-
-|-|1123,2020|-
-|-|1124,2021|-
-|-|1125,2022|-
1126,2023|-|-|-
1127,2024|-|-|-
1128,2025|-|-|-
1129,2026|-|-|-
-|-|1129,2026|-
1134,2031|-|-|-
1135,2032|-|-|-
1136,2033|-|-|-
1137,2034|-|-|-
-|-|1134,2031|-
-|-|1135,2032|-
-|-|1136,2033|-
-|-|1137,2034|-
-|1134,2031|-|-
-|1135,2032|-|-
-|1136,2033|-|-
-|1137,2034|-|-
-|-|-|1134,2031
-|-|-|1135,2032
-|-|-|1136,2033
-|-|-|1137,2034
-|1141,2035|-|-
-|-|1142,2036|-
-|-|1143,2037|-
-|-|1144,2038|-
-|-|1145,2039|-
1148,2040|-|-|-
1149,2041|-|-|-
-|1098,1998|-|-
-|1099,1999|-|-
-|1100,2000|-|-
-|1101,2001|-|-
1106,2006|-|-|-
1107,2007|-|-|-
1108,2008|-|-|-
1109,2009|-|-|-
-|-|1106,2006|-
-|-|1107,2007|-
-|-|1108,2008|-
-|-|1109,2009|-
-|-|-|1106,2006
-|-|-|1107,2007
-|-|-|1108,2008
-|-|-|1109,2009
-|-|-|1114,2011
-|-|-|1115,2012
-|-|-|1116,2013
-|-|-|1117,2014
-|-|1122,2019|-
-|-|1123,2020|-
-|-|1124,2021|-
-|-|1125,2022|-
1126,2023|-|-|-
1127,2024|-|-|-
1128,2025|-|-|-
1129,2026|-|-|-
-|1126,2023|-|-
-|1127,2024|-|-
-|1128,2025|-|-
-|1129,2026|-|-
-|-|-|585,783,1603,1751
-|-|-|586,784,1604,1752
-|-|-|587,785,1605,1753
-|-|-|588,786,1606,1754
-|589,787,1607,1755|-|-
-|590,788,1608,1756|-|-
-|591,789,1609,1757|-|-
-|592,790,1610,1758|-|-
-|-|593,791,1611,1759|-
-|-|594,792,1612,1760|-
-|-|595,793,1613,1761|-
-|-|596,794,1614,1762|-
597,795,1615,1763|-|-|-
598,796,1616,1764|-|-|-
599,797,1617,1765|-|-|-
600,798,1618,1766|-|-|-
-|597,795,1615,1763|-|-
-|598,796,1616,1764|-|-
-|599,797,1617,1765|-|-
-|600,798,1618,1766|-|-
-|610,808,1623,1771|-|-
-|611,809,1624,1772|-|-
-|612,810,1625,1773|-|-
-|613,811,1626,1774|-|-
-|-|-|610,808,1623,1771
-|-|-|611,809,1624,1772
-|-|-|612,810,1625,1773
-|-|-|613,811,1626,1774
619,817,1632,1780|-|-|-
620,818,1633,1781|-|-|-
621,819,1634,1782|-|-|-
622,820,1635,1783|-|-|-
-|-|619,817,1632,1780|-
-|-|620,818,1633,1781|-
-|-|621,819,1634,1782|-
-|-|622,820,1635,1783|-
-|-|-|619,817,1632,1780
-|-|-|620,818,1633,1781
-|-|-|621,819,1634,1782
-|-|-|622,820,1635,1783
-|639,837,1641,1789|-|-
-|640,838,1642,1790|-|-
-|641,839,1643,1791|-|-
-|642,840,1644,1792|-|-
647,845,1649,1797|-|-|-
648,846,1650,1798|-|-|-
649,847,1651,1799|-|-|-
650,848,1652,1800|-|-|-
-|-|647,845,1649,1797|-
-|-|648,846,1650,1798|-
-|-|649,847,1651,1799|-
-|-|650,848,1652,1800|-
-|647,845,1649,1797|-|-
-|648,846,1650,1798|-|-
-|649,847,1651,1799|-|-
-|650,848,1652,1800|-|-
-|-|-|647,845,1649,1797
-|-|-|648,846,1650,1798
-|-|-|649,847,1651,1799
-|-|-|650,848,1652,1800
-|-|593,791,1611,1759|-
-|-|594,792,1612,1760|-
-|-|595,793,1613,1761|-
-|-|596,794,1614,1762|-
597,795,1615,1763|-|-|-
598,796,1616,1764|-|-|-
599,797,1617,1765|-|-|-
600,798,1618,1766|-|-|-
-|-|-|593,791,1611,1759
-|-|-|594,792,1612,1760
-|-|-|595,793,1613,1761
-|-|-|596,794,1614,1762
-|597,795,1615,1763|-|-
-|598,796,1616,1764|-|-
-|599,797,1617,1765|-|-
-|600,798,1618,1766|-|-
-|-|-|600,798,1618,1766
619,817,1632,1780|-|-|-
620,818,1633,1781|-|-|-
621,819,1634,1782|-|-|-
622,820,1635,1783|-|-|-
-|-|619,817,1632,1780|-
-|-|620,818,1633,1781|-
-|-|621,819,1634,1782|-
-|-|622,820,1635,1783|-
-|619,817,1632,1780|-|-
-|620,818,1633,1781|-|-
-|621,819,1634,1782|-|-
-|622,820,1635,1783|-|-
-|-|-|619,817,1632,1780
-|-|-|620,818,1633,1781
-|-|-|621,819,1634,1782
-|-|-|622,820,1635,1783
-|626,824,1636,1784|-|-
-|-|-|652,850,1653,1801
-|-|-|653,851,1654,1802
-|-|-|654,852,1655,1803
-|-|-|655,853,1656,1804
-|656,854,1657,1805|-|-
-|657,855,1658,1806|-|-
-|658,856,1659,1807|-|-
-|659,857,1660,1808|-|-
-|-|660,858,1661,1809|-
-|-|661,859,1662,1810|-
-|-|662,860,1663,1811|-
-|-|663,861,1664,1812|-
664,862,1665,1813|-|-|-
665,863,1666,1814|-|-|-
666,864,1667,1815|-|-|-
667,865,1668,1816|-|-|-
-|664,862,1665,1813|-|-
-|665,863,1666,1814|-|-
-|666,864,1667,1815|-|-
-|667,865,1668,1816|-|-
-|676,874,1673,1821|-|-
-|677,875,1674,1822|-|-
-|678,876,1675,1823|-|-
-|679,877,1676,1824|-|-
-|-|-|676,874,1673,1821
-|-|-|677,875,1674,1822
-|-|-|678,876,1675,1823
-|-|-|679,877,1676,1824
684,882,1681,1829|-|-|-
685,883,1682,1830|-|-|-
686,884,1683,1831|-|-|-
687,885,1684,1832|-|-|-
-|-|684,882,1681,1829|-
-|-|685,883,1682,1830|-
-|-|686,884,1683,1831|-
-|-|687,885,1684,1832|-
-|-|-|684,882,1681,1829
-|-|-|685,883,1682,1830
-|-|-|686,884,1683,1831
-|-|-|687,885,1684,1832
-|704,902,1690,1838|-|-
-|705,903,1691,1839|-|-
-|706,904,1692,1840|-|-
-|707,905,1693,1841|-|-
712,910,1698,1846|-|-|-
713,911,1699,1847|-|-|-
714,912,1700,1848|-|-|-
715,913,1701,1849|-|-|-
-|-|712,910,1698,1846|-
-|-|713,911,1699,1847|-
-|-|714,912,1700,1848|-
-|-|715,913,1701,1849|-
-|712,910,1698,1846|-|-
-|713,911,1699,1847|-|-
-|714,912,1700,1848|-|-
-|715,913,1701,1849|-|-
-|-|-|712,910,1698,1846
-|-|-|713,911,1699,1847
-|-|-|714,912,1700,1848
-|-|-|715,913,1701,1849
-|-|660,858,1661,1809|-
-|-|661,859,1662,1810|-
-|-|662,860,1663,1811|-
-|-|663,861,1664,1812|-
664,862,1665,1813|-|-|-
665,863,1666,1814|-|-|-
666,864,1667,1815|-|-|-
667,865,1668,1816|-|-|-
-|-|-|660,858,1661,1809
-|-|-|661,859,1662,1810
-|-|-|662,860,1663,1811
-|-|-|663,861,1664,1812
-|664,862,1665,1813|-|-
-|665,863,1666,1814|-|-
-|666,864,1667,1815|-|-
-|667,865,1668,1816|-|-
-|-|-|667,865,1668,1816
684,882,1681,1829|-|-|-
685,883,1682,1830|-|-|-
686,884,1683,1831|-|-|-
687,885,1684,1832|-|-|-
-|-|684,882,1681,1829|-
-|-|685,883,1682,1830|-
-|-|686,884,1683,1831|-
-|-|687,885,1684,1832|-
-|684,882,1681,1829|-|-
-|685,883,1682,1830|-|-
-|686,884,1683,1831|-|-
-|687,885,1684,1832|-|-
-|-|-|684,882,1681,1829
-|-|-|685,883,1682,1830
-|-|-|686,884,1683,1831
-|-|-|687,885,1684,1832
-|691,889,1685,1833|-|-
-|-|-|717,915,1702,1850
-|-|-|718,916,1703,1851
-|-|-|719,917,1704,1852
-|-|-|720,918,1705,1853
-|721,919,1706,1854|-|-
-|722,920,1707,1855|-|-
-|723,921,1708,1856|-|-
-|724,922,1709,1857|-|-
-|-|725,923,1710,1858|-
-|-|726,924,1711,1859|-
-|-|727,925,1712,1860|-
-|-|728,926,1713,1861|-
729,927,1714,1862|-|-|-
730,928,1715,1863|-|-|-
731,929,1716,1864|-|-|-
732,930,1717,1865|-|-|-
-|729,927,1714,1862|-|-
-|730,928,1715,1863|-|-
-|731,929,1716,1864|-|-
-|732,930,1717,1865|-|-
-|742,940,1722,1870|-|-
-|743,941,1723,1871|-|-
-|744,942,1724,1872|-|-
-|745,943,1725,1873|-|-
-|-|-|742,940,1722,1870
-|-|-|743,941,1723,1871
-|-|-|744,942,1724,1872
-|-|-|745,943,1725,1873
750,948,1730,1878|-|-|-
751,949,1731,1879|-|-|-
752,950,1732,1880|-|-|-
753,951,1733,1881|-|-|-
-|-|750,948,1730,1878|-
-|-|751,949,1731,1879|-
-|-|752,950,1732,1880|-
-|-|753,951,1733,1881|-
-|-|-|750,948,1730,1878
-|-|-|751,949,1731,1879
-|-|-|752,950,1732,1880
-|-|-|753,951,1733,1881
-|770,968,1739,1887|-|-
-|771,969,1740,1888|-|-
-|772,970,1741,1889|-|-
-|773,971,1742,1890|-|-
778,976,1747,1895|-|-|-
779,977,1748,1896|-|-|-
780,978,1749,1897|-|-|-
781,979,1750,1898|-|-|-
-|-|778,976,1747,1895|-
-|-|779,977,1748,1896|-
-|-|780,978,1749,1897|-
-|-|781,979,1750,1898|-
-|778,976,1747,1895|-|-
-|779,977,1748,1896|-|-
-|780,978,1749,1897|-|-
-|781,979,1750,1898|-|-
-|-|-|778,976,1747,1895
-|-|-|779,977,1748,1896
-|-|-|780,978,1749,1897
-|-|-|781,979,1750,1898
-|-|725,923,1710,1858|-
-|-|726,924,1711,1859|-
-|-|727,925,1712,1860|-
-|-|728,926,1713,1861|-
729,927,1714,1862|-|-|-
730,928,1715,1863|-|-|-
731,929,1716,1864|-|-|-
732,930,1717,1865|-|-|-
-|-|-|725,923,1710,1858
-|-|-|726,924,1711,1859
-|-|-|727,925,1712,1860
-|-|-|728,926,1713,1861
-|729,927,1714,1862|-|-
-|730,928,1715,1863|-|-
-|731,929,1716,1864|-|-
-|732,930,1717,1865|-|-
-|-|-|732,930,1717,1865
750,948,1730,1878|-|-|-
751,949,1731,1879|-|-|-
752,950,1732,1880|-|-|-
753,951,1733,1881|-|-|-
-|-|750,948,1730,1878|-
-|-|751,949,1731,1879|-
-|-|752,950,1732,1880|-
-|-|753,951,1733,1881|-
-|750,948,1730,1878|-|-
-|751,949,1731,1879|-|-
-|752,950,1732,1880|-|-
-|753,951,1733,1881|-|-
-|-|-|750,948,1730,1878
-|-|-|751,949,1731,1879
-|-|-|752,950,1732,1880
-|-|-|753,951,1733,1881
-|757,955,1734,1882|-|-
-|4,210|-|-
-|5,211|-|-
-|6,212|-|-
-|7,213|-|-
-|-|-|6,212
-|-|-|7,213
13,219|-|-|-
14,220|-|-|-
15,221|-|-|-
16,222|-|-|-
-|-|13,219|-
-|-|14,220|-
-|-|15,221|-
-|-|16,222|-
-|13,219|-|-
-|14,220|-|-
-|15,221|-|-
-|16,222|-|-
-|-|-|13,219
-|-|-|14,220
-|-|-|15,221
-|-|-|16,222
-|-|-|26,232
-|-|-|27,233
-|-|-|28,234
-|-|-|29,235
-|30,236|-|-
-|31,237|-|-
-|-|36,242|-
-|-|37,243|-
-|-|38,244|-
-|-|39,245|-
40,246|-|-|-
41,247|-|-|-
42,248|-|-|-
43,249|-|-|-
-|-|-|36,242
-|-|-|37,243
-|-|-|38,244
-|-|-|39,245
-|40,246|-|-
-|41,247|-|-
-|42,248|-|-
-|43,249|-|-
-|56,262|-|-
-|57,263|-|-
-|58,264|-|-
-|59,265|-|-
-|-|-|56,262
-|-|-|57,263
-|-|-|58,264
-|-|-|59,265
-|60,266|-|-
65,271|-|-|-
66,272|-|-|-
67,273|-|-|-
68,274|-|-|-
-|-|65,271|-
-|-|66,272|-
-|-|67,273|-
-|-|68,274|-
-|-|-|65,271
-|-|-|66,272
-|-|-|67,273
-|-|-|68,274
13,219|-|-|-
14,220|-|-|-
15,221|-|-|-
16,222|-|-|-
-|-|15,221|-
-|-|16,222|-
-|13,219|-|-
-|14,220|-|-
-|15,221|-|-
-|16,222|-|-
-|-|-|13,219
-|-|-|14,220
-|-|-|15,221
-|-|-|16,222
-|-|36,242|-
-|-|37,243|-
-|-|38,244|-
-|-|39,245|-
42,248|-|-|-
43,249|-|-|-
-|-|-|36,242
-|-|-|37,243
-|-|-|38,244
-|-|-|39,245
-|40,246|-|-
-|41,247|-|-
-|42,248|-|-
-|43,249|-|-
-|75,281|-|-
-|76,282|-|-
-|77,283|-|-
-|78,284|-|-
83,289|-|-|-
84,290|-|-|-
85,291|-|-|-
86,292|-|-|-
-|-|83,289|-
-|-|84,290|-
-|-|85,291|-
-|-|86,292|-
-|83,289|-|-
-|84,290|-|-
-|85,291|-|-
-|86,292|-|-
-|-|-|83,289
-|-|-|84,290
-|-|-|85,291
-|-|-|86,292
-|-|-|96,302
-|-|-|97,303
-|-|-|98,304
-|-|-|99,305
-|-|104,310|-
-|-|105,311|-
-|-|106,312|-
-|-|107,313|-
108,314|-|-|-
109,315|-|-|-
110,316|-|-|-
111,317|-|-|-
-|-|-|104,310
-|-|-|105,311
-|-|-|106,312
-|-|-|107,313
-|108,314|-|-
-|109,315|-|-
-|110,316|-|-
-|111,317|-|-
-|124,330|-|-
-|125,331|-|-
-|126,332|-|-
-|127,333|-|-
-|-|-|124,330
-|-|-|125,331
-|-|-|126,332
-|-|-|127,333
133,339|-|-|-
134,340|-|-|-
135,341|-|-|-
136,342|-|-|-
-|-|133,339|-
-|-|134,340|-
-|-|135,341|-
-|-|136,342|-
-|-|-|133,339
-|-|-|134,340
-|-|-|135,341
-|-|-|136,342
83,289|-|-|-
84,290|-|-|-
85,291|-|-|-
86,292|-|-|-
-|-|85,291|-
-|-|86,292|-
-|83,289|-|-
-|84,290|-|-
-|85,291|-|-
-|86,292|-|-
-|-|-|83,289
-|-|-|84,290
-|-|-|85,291
-|-|-|86,292
-|-|104,310|-
-|-|105,311|-
-|-|106,312|-
-|-|107,313|-
110,316|-|-|-
111,317|-|-|-
-|-|-|104,310
-|-|-|105,311
-|-|-|106,312
-|-|-|107,313
-|108,314|-|-
-|109,315|-|-
-|110,316|-|-
-|111,317|-|-
-|142,348|-|-
-|143,349|-|-
-|144,350|-|-
-|145,351|-|-
150,356|-|-|-
151,357|-|-|-
152,358|-|-|-
153,359|-|-|-
-|-|150,356|-
-|-|151,357|-
-|-|152,358|-
-|-|153,359|-
-|150,356|-|-
-|151,357|-|-
-|152,358|-|-
-|153,359|-|-
-|-|-|150,356
-|-|-|151,357
-|-|-|152,358
-|-|-|153,359
-|-|-|163,369
-|-|-|164,370
-|-|-|165,371
-|-|-|166,372
-|-|172,378|-
-|-|173,379|-
-|-|174,380|-
-|-|175,381|-
176,382|-|-|-
177,383|-|-|-
178,384|-|-|-
179,385|-|-|-
-|-|-|172,378
-|-|-|173,379
-|-|-|174,380
-|-|-|175,381
-|176,382|-|-
-|177,383|-|-
-|178,384|-|-
-|179,385|-|-
-|192,398|-|-
-|193,399|-|-
-|194,400|-|-
-|195,401|-|-
-|-|-|192,398
-|-|-|193,399
-|-|-|194,400
-|-|-|195,401
200,406|-|-|-
201,407|-|-|-
202,408|-|-|-
203,409|-|-|-
-|-|200,406|-
-|-|201,407|-
-|-|202,408|-
-|-|203,409|-
205,411|-|-|-
-|-|-|200,406
-|-|-|201,407
-|-|-|202,408
-|-|-|203,409
150,356|-|-|-
151,357|-|-|-
152,358|-|-|-
153,359|-|-|-
-|-|153,359|-
-|150,356|-|-
-|151,357|-|-
-|152,358|-|-
-|153,359|-|-
-|-|-|150,356
-|-|-|151,357
-|-|-|152,358
-|-|-|153,359
-|-|172,378|-
-|-|173,379|-
-|-|174,380|-
-|-|175,381|-
179,385|-|-|-
-|-|-|172,378
-|-|-|173,379
-|-|-|174,380
-|-|-|175,381
-|176,382|-|-
-|177,383|-|-
-|178,384|-|-
-|179,385|-|-
-|-|-|416
-|-|-|417
-|-|-|418
-|-|-|419
-|420|-|-
-|421|-|-
-|-|426|-
-|-|427|-
-|-|428|-
-|-|429|-
430|-|-|-
431|-|-|-
432|-|-|-
433|-|-|-
-|-|-|426
-|-|-|427
-|-|-|428
-|-|-|429
-|430|-|-
-|431|-|-
-|432|-|-
-|433|-|-
-|438|-|-
-|439|-|-
-|440|-|-
-|441|-|-
-|-|-|440
-|-|-|441
447|-|-|-
448|-|-|-
449|-|-|-
450|-|-|-
-|-|447|-
-|-|448|-
-|-|449|-
-|-|450|-
-|447|-|-
-|448|-|-
-|449|-|-
-|450|-|-
-|-|-|447
-|-|-|448
-|-|-|449
-|-|-|450
-|-|-|455
-|-|-|456
-|-|-|457
-|-|-|458
-|459|-|-
-|460|-|-
-|461|-|-
-|462|-|-
-|-|-|462
-|-|463|-
-|-|464|-
-|-|465|-
-|-|466|-
467|-|-|-
468|-|-|-
469|-|-|-
470|-|-|-
-|467|-|-
-|468|-|-
-|469|-|-
-|470|-|-
-|-|426|-
-|-|427|-
-|-|428|-
-|-|429|-
432|-|-|-
433|-|-|-
-|-|-|426
-|-|-|427
-|-|-|428
-|-|-|429
-|430|-|-
-|431|-|-
-|432|-|-
-|433|-|-
447|-|-|-
448|-|-|-
449|-|-|-
450|-|-|-
-|-|449|-
-|-|450|-
-|447|-|-
-|448|-|-
-|449|-|-
-|450|-|-
-|-|-|447
-|-|-|448
-|-|-|449
-|-|-|450
-|-|-|475
-|-|-|476
-|-|-|477
-|-|-|478
-|-|483|-
-|-|484|-
-|-|485|-
-|-|486|-
487|-|-|-
488|-|-|-
489|-|-|-
490|-|-|-
-|-|-|483
-|-|-|484
-|-|-|485
-|-|-|486
-|487|-|-
-|488|-|-
-|489|-|-
-|490|-|-
-|495|-|-
-|496|-|-
-|497|-|-
-|498|-|-
503|-|-|-
504|-|-|-
505|-|-|-
506|-|-|-
-|-|503|-
-|-|504|-
-|-|505|-
-|-|506|-
-|503|-|-
-|504|-|-
-|505|-|-
-|506|-|-
-|-|-|503
-|-|-|504
-|-|-|505
-|-|-|506
-|-|-|511
-|-|-|512
-|-|-|513
-|-|-|514
-|515|-|-
-|516|-|-
-|517|-|-
-|518|-|-
-|-|519|-
-|-|520|-
-|-|521|-
-|-|522|-
523|-|-|-
524|-|-|-
525|-|-|-
526|-|-|-
-|523|-|-
-|524|-|-
-|525|-|-
-|526|-|-
-|-|483|-
-|-|484|-
-|-|485|-
-|-|486|-
489|-|-|-
490|-|-|-
-|-|-|483
-|-|-|484
-|-|-|485
-|-|-|486
-|487|-|-
-|488|-|-
-|489|-|-
-|490|-|-
503|-|-|-
504|-|-|-
505|-|-|-
506|-|-|-
-|-|505|-
-|-|506|-
-|503|-|-
-|504|-|-
-|505|-|-
-|506|-|-
-|-|-|503
-|-|-|504
-|-|-|505
-|-|-|506
-|-|-|531
-|-|-|532
-|-|-|533
-|-|-|534
-|-|540|-
-|-|541|-
-|-|542|-
-|-|543|-
544|-|-|-
545|-|-|-
546|-|-|-
547|-|-|-
-|-|-|540
-|-|-|541
-|-|-|542
-|-|-|543
-|544|-|-
-|545|-|-
-|546|-|-
-|547|-|-
-|552|-|-
-|553|-|-
-|554|-|-
-|555|-|-
560|-|-|-
561|-|-|-
562|-|-|-
563|-|-|-
-|-|560|-
-|-|561|-
-|-|562|-
-|-|563|-
-|560|-|-
-|561|-|-
-|562|-|-
-|563|-|-
-|-|-|560
-|-|-|561
-|-|-|562
-|-|-|563
-|-|-|569
-|-|-|570
-|-|-|571
-|-|-|572
-|573|-|-
-|574|-|-
-|575|-|-
-|576|-|-
-|-|577|-
-|-|578|-
-|-|579|-
-|-|580|-
581|-|-|-
582|-|-|-
583|-|-|-
584|-|-|-
-|-|584|-
-|581|-|-
-|582|-|-
-|583|-|-
-|584|-|-
-|-|540|-
-|-|541|-
-|-|542|-
-|-|543|-
547|-|-|-
-|-|-|540
-|-|-|541
-|-|-|542
-|-|-|543
-|544|-|-
-|545|-|-
-|546|-|-
-|547|-|-
560|-|-|-
561|-|-|-
562|-|-|-
563|-|-|-
-|-|563|-
-|560|-|-
-|561|-|-
-|562|-|-
-|563|-|-
-|-|-|560
-|-|-|561
-|-|-|562
-|-|-|563
13,219|-|-|-
14,220|-|-|-
15,221|-|-|-
16,222|-|-|-
-|-|13,219|-
-|-|14,220|-
-|-|15,221|-
-|-|16,222|-
17,223|-|-|-
-|13,219|-|-
-|14,220|-|-
-|15,221|-|-
-|16,222|-|-
-|-|-|13,219
-|-|-|14,220
-|-|-|15,221
-|-|-|16,222
-|-|36,242|-
-|-|37,243|-
-|-|38,244|-
-|-|39,245|-
40,246|-|-|-
41,247|-|-|-
42,248|-|-|-
43,249|-|-|-
-|-|43,249|-
-|-|-|36,242
-|-|-|37,243
-|-|-|38,244
-|-|-|39,245
-|40,246|-|-
-|41,247|-|-
-|42,248|-|-
-|43,249|-|-
-|-|65,271|-
-|-|66,272|-
-|-|67,273|-
-|-|68,274|-
69,275|-|-|-
70,276|-|-|-
-|-|-|65,271
-|-|-|66,272
-|-|-|67,273
-|-|-|68,274
-|69,275|-|-
-|70,276|-|-
-|13,219|-|-
-|14,220|-|-
-|15,221|-|-
-|16,222|-|-
-|-|-|13,219
-|-|-|14,220
-|-|-|15,221
-|-|-|16,222
18,224|-|-|-
19,225|-|-|-
20,226|-|-|-
21,227|-|-|-
-|-|18,224|-
-|-|19,225|-
-|-|20,226|-
-|-|21,227|-
-|-|-|36,242
-|-|-|37,243
-|-|-|38,244
-|-|-|39,245
-|40,246|-|-
-|41,247|-|-
-|42,248|-|-
-|43,249|-|-
-|-|44,250|-
-|-|45,251|-
-|-|46,252|-
-|-|47,253|-
48,254|-|-|-
49,255|-|-|-
50,256|-|-|-
51,257|-|-|-
83,289|-|-|-
84,290|-|-|-
85,291|-|-|-
86,292|-|-|-
-|-|83,289|-
-|-|84,290|-
-|-|85,291|-
-|-|86,292|-
-|83,289|-|-
-|84,290|-|-
-|85,291|-|-
-|86,292|-|-
-|-|-|83,289
-|-|-|84,290
-|-|-|85,291
-|-|-|86,292
-|-|104,310|-
-|-|105,311|-
-|-|106,312|-
-|-|107,313|-
108,314|-|-|-
109,315|-|-|-
110,316|-|-|-
111,317|-|-|-
-|-|-|104,310
-|-|-|105,311
-|-|-|106,312
-|-|-|107,313
-|108,314|-|-
-|109,315|-|-
-|110,316|-|-
-|111,317|-|-
-|-|133,339|-
-|-|134,340|-
-|-|135,341|-
-|-|136,342|-
-|-|-|133,339
-|-|-|134,340
-|-|-|135,341
-|-|-|136,342
-|137,343|-|-
-|83,289|-|-
-|84,290|-|-
-|85,291|-|-
-|86,292|-|-
-|-|-|83,289
-|-|-|84,290
-|-|-|85,291
-|-|-|86,292
-|87,293|-|-
88,294|-|-|-
89,295|-|-|-
90,296|-|-|-
91,297|-|-|-
-|-|88,294|-
-|-|89,295|-
-|-|90,296|-
-|-|91,297|-
-|-|-|104,310
-|-|-|105,311
-|-|-|106,312
-|-|-|107,313
-|108,314|-|-
-|109,315|-|-
-|110,316|-|-
-|111,317|-|-
-|-|-|111,317
-|-|112,318|-
-|-|113,319|-
-|-|114,320|-
-|-|115,321|-
116,322|-|-|-
117,323|-|-|-
118,324|-|-|-
119,325|-|-|-
150,356|-|-|-
151,357|-|-|-
152,358|-|-|-
153,359|-|-|-
-|-|150,356|-
-|-|151,357|-
-|-|152,358|-
-|-|153,359|-
-|150,356|-|-
-|151,357|-|-
-|152,358|-|-
-|153,359|-|-
-|-|-|150,356
-|-|-|151,357
-|-|-|152,358
-|-|-|153,359
-|154,360|-|-
-|-|172,378|-
-|-|173,379|-
-|-|174,380|-
-|-|175,381|-
176,382|-|-|-
177,383|-|-|-
178,384|-|-|-
179,385|-|-|-
-|-|-|172,378
-|-|-|173,379
-|-|-|174,380
-|-|-|175,381
-|176,382|-|-
-|177,383|-|-
-|178,384|-|-
-|179,385|-|-
-|-|-|179,385
-|-|200,406|-
-|-|201,407|-
-|-|202,408|-
-|-|203,409|-
-|-|-|200,406
-|-|-|201,407
-|-|-|202,408
-|-|-|203,409
-|204,410|-|-
-|205,411|-|-
-|150,356|-|-
-|151,357|-|-
-|152,358|-|-
-|153,359|-|-
-|-|-|150,356
-|-|-|151,357
-|-|-|152,358
-|-|-|153,359
155,361|-|-|-
156,362|-|-|-
157,363|-|-|-
158,364|-|-|-
-|-|155,361|-
-|-|156,362|-
-|-|157,363|-
-|-|158,364|-
-|-|-|172,378
-|-|-|173,379
-|-|-|174,380
-|-|-|175,381
-|176,382|-|-
-|177,383|-|-
-|178,384|-|-
-|179,385|-|-
-|-|180,386|-
-|-|181,387|-
-|-|182,388|-
-|-|183,389|-
184,390|-|-|-
185,391|-|-|-
186,392|-|-|-
187,393|-|-|-
-|589,787|-|-
-|590,788|-|-
-|591,789|-|-
-|592,790|-|-
597,795|-|-|-
598,796|-|-|-
599,797|-|-|-
600,798|-|-|-
-|-|597,795|-
-|-|598,796|-
-|-|599,797|-
-|-|600,798|-
-|597,795|-|-
-|598,796|-|-
-|599,797|-|-
-|600,798|-|-
-|-|-|597,795
-|-|-|598,796
-|-|-|599,797
-|-|-|600,798
-|-|-|610,808
-|-|-|611,809
-|-|-|612,810
-|-|-|613,811
-|-|619,817|-
-|-|620,818|-
-|-|621,819|-
-|-|622,820|-
623,821|-|-|-
624,822|-|-|-
625,823|-|-|-
626,824|-|-|-
-|-|-|619,817
-|-|-|620,818
-|-|-|621,819
-|-|-|622,820
-|623,821|-|-
-|624,822|-|-
-|625,823|-|-
-|626,824|-|-
-|639,837|-|-
-|640,838|-|-
-|641,839|-|-
-|642,840|-|-
-|-|-|639,837
-|-|-|640,838
-|-|-|641,839
-|-|-|642,840
647,845|-|-|-
648,846|-|-|-
649,847|-|-|-
650,848|-|-|-
-|-|647,845|-
-|-|648,846|-
-|-|649,847|-
-|-|650,848|-
651,849|-|-|-
-|-|-|647,845
-|-|-|648,846
-|-|-|649,847
-|-|-|650,848
597,795|-|-|-
598,796|-|-|-
599,797|-|-|-
600,798|-|-|-
-|-|600,798|-
-|597,795|-|-
-|598,796|-|-
-|599,797|-|-
-|600,798|-|-
-|-|-|597,795
-|-|-|598,796
-|-|-|599,797
-|-|-|600,798
-|-|619,817|-
-|-|620,818|-
-|-|621,819|-
-|-|622,820|-
626,824|-|-|-
-|-|-|619,817
-|-|-|620,818
-|-|-|621,819
-|-|-|622,820
-|623,821|-|-
-|624,822|-|-
-|625,823|-|-
-|626,824|-|-
-|656,854|-|-
-|657,855|-|-
-|658,856|-|-
-|659,857|-|-
664,862|-|-|-
665,863|-|-|-
666,864|-|-|-
667,865|-|-|-
-|-|664,862|-
-|-|665,863|-
-|-|666,864|-
-|-|667,865|-
-|664,862|-|-
-|665,863|-|-
-|666,864|-|-
-|667,865|-|-
-|-|-|664,862
-|-|-|665,863
-|-|-|666,864
-|-|-|667,865
-|-|-|676,874
-|-|-|677,875
-|-|-|678,876
-|-|-|679,877
-|-|684,882|-
-|-|685,883|-
-|-|686,884|-
-|-|687,885|-
688,886|-|-|-
689,887|-|-|-
690,888|-|-|-
691,889|-|-|-
-|-|-|684,882
-|-|-|685,883
-|-|-|686,884
-|-|-|687,885
-|688,886|-|-
-|689,887|-|-
-|690,888|-|-
-|691,889|-|-
-|704,902|-|-
-|705,903|-|-
-|706,904|-|-
-|707,905|-|-
-|-|-|704,902
-|-|-|705,903
-|-|-|706,904
-|-|-|707,905
712,910|-|-|-
713,911|-|-|-
714,912|-|-|-
715,913|-|-|-
-|-|712,910|-
-|-|713,911|-
-|-|714,912|-
-|-|715,913|-
-|-|-|712,910
-|-|-|713,911
-|-|-|714,912
-|-|-|715,913
664,862|-|-|-
665,863|-|-|-
666,864|-|-|-
667,865|-|-|-
-|664,862|-|-
-|665,863|-|-
-|666,864|-|-
-|667,865|-|-
-|-|-|664,862
-|-|-|665,863
-|-|-|666,864
-|-|-|667,865
-|-|684,882|-
-|-|685,883|-
-|-|686,884|-
-|-|687,885|-
-|-|-|684,882
-|-|-|685,883
-|-|-|686,884
-|-|-|687,885
-|688,886|-|-
-|689,887|-|-
-|690,888|-|-
-|691,889|-|-
-|721,919|-|-
-|722,920|-|-
-|723,921|-|-
-|724,922|-|-
729,927|-|-|-
730,928|-|-|-
731,929|-|-|-
732,930|-|-|-
-|-|729,927|-
-|-|730,928|-
-|-|731,929|-
-|-|732,930|-
-|729,927|-|-
-|730,928|-|-
-|731,929|-|-
-|732,930|-|-
-|-|-|729,927
-|-|-|730,928
-|-|-|731,929
-|-|-|732,930
-|-|-|742,940
-|-|-|743,941
-|-|-|744,942
-|-|-|745,943
-|-|750,948|-
-|-|751,949|-
-|-|752,950|-
-|-|753,951|-
754,952|-|-|-
755,953|-|-|-
756,954|-|-|-
757,955|-|-|-
-|-|-|750,948
-|-|-|751,949
-|-|-|752,950
-|-|-|753,951
-|754,952|-|-
-|755,953|-|-
-|756,954|-|-
-|757,955|-|-
-|770,968|-|-
-|771,969|-|-
-|772,970|-|-
-|773,971|-|-
-|-|-|770,968
-|-|-|771,969
-|-|-|772,970
-|-|-|773,971
778,976|-|-|-
779,977|-|-|-
780,978|-|-|-
781,979|-|-|-
-|-|778,976|-
-|-|779,977|-
-|-|780,978|-
-|-|781,979|-
782,980|-|-|-
-|-|-|778,976
-|-|-|779,977
-|-|-|780,978
-|-|-|781,979
729,927|-|-|-
730,928|-|-|-
731,929|-|-|-
732,930|-|-|-
-|729,927|-|-
-|730,928|-|-
-|731,929|-|-
-|732,930|-|-
-|-|-|729,927
-|-|-|730,928
-|-|-|731,929
-|-|-|732,930
-|-|750,948|-
-|-|751,949|-
-|-|752,950|-
-|-|753,951|-
-|-|-|750,948
-|-|-|751,949
-|-|-|752,950
-|-|-|753,951
-|754,952|-|-
-|755,953|-|-
-|756,954|-|-
-|757,955|-|-
-|-|-|985
-|-|-|986
-|-|-|987
-|-|-|988
-|-|994|-
-|-|995|-
-|-|996|-
-|-|997|-
998|-|-|-
999|-|-|-
1000|-|-|-
1001|-|-|-
-|-|-|994
-|-|-|995
-|-|-|996
-|-|-|997
-|998|-|-
-|999|-|-
-|1000|-|-
-|1001|-|-
-|1006|-|-
-|1007|-|-
-|1008|-|-
-|1009|-|-
1014|-|-|-
1015|-|-|-
1016|-|-|-
1017|-|-|-
-|-|1014|-
-|-|1015|-
-|-|1016|-
-|-|1017|-
-|1014|-|-
-|1015|-|-
-|1016|-|-
-|1017|-|-
-|-|-|1014
-|-|-|1015
-|-|-|1016
-|-|-|1017
-|-|-|1022
-|-|-|1023
-|-|-|1024
-|-|-|1025
-|1026|-|-
-|1027|-|-
-|1028|-|-
-|1029|-|-
-|-|1030|-
-|-|1031|-
-|-|1032|-
-|-|1033|-
1034|-|-|-
1035|-|-|-
1036|-|-|-
1037|-|-|-
-|-|1037|-
-|1034|-|-
-|1035|-|-
-|1036|-|-
-|1037|-|-
-|-|994|-
-|-|995|-
-|-|996|-
-|-|997|-
1001|-|-|-
-|-|-|994
-|-|-|995
-|-|-|996
-|-|-|997
-|998|-|-
-|999|-|-
-|1000|-|-
-|1001|-|-
1014|-|-|-
1015|-|-|-
1016|-|-|-
1017|-|-|-
-|-|1017|-
-|1014|-|-
-|1015|-|-
-|1016|-|-
-|1017|-|-
-|-|-|1014
-|-|-|1015
-|-|-|1016
-|-|-|1017
-|-|-|1042
-|-|-|1043
-|-|-|1044
-|-|-|1045
-|-|1050|-
-|-|1051|-
-|-|1052|-
-|-|1053|-
1054|-|-|-
1055|-|-|-
1056|-|-|-
1057|-|-|-
-|-|-|1050
-|-|-|1051
-|-|-|1052
-|-|-|1053
-|1054|-|-
-|1055|-|-
-|1056|-|-
-|1057|-|-
-|1062|-|-
-|1063|-|-
-|1064|-|-
-|1065|-|-
1070|-|-|-
1071|-|-|-
1072|-|-|-
1073|-|-|-
-|-|1070|-
-|-|1071|-
-|-|1072|-
-|-|1073|-
-|1070|-|-
-|1071|-|-
-|1072|-|-
-|1073|-|-
-|-|-|1070
-|-|-|1071
-|-|-|1072
-|-|-|1073
-|-|-|1078
-|-|-|1079
-|-|-|1080
-|-|-|1081
-|1082|-|-
-|1083|-|-
-|1084|-|-
-|1085|-|-
-|-|1086|-
-|-|1087|-
-|-|1088|-
-|-|1089|-
1090|-|-|-
1091|-|-|-
1092|-|-|-
1093|-|-|-
-|1090|-|-
-|1091|-|-
-|1092|-|-
-|1093|-|-
-|-|1050|-
-|-|1051|-
-|-|1052|-
-|-|1053|-
-|-|-|1050
-|-|-|1051
-|-|-|1052
-|-|-|1053
-|1054|-|-
-|1055|-|-
-|1056|-|-
-|1057|-|-
1070|-|-|-
1071|-|-|-
1072|-|-|-
1073|-|-|-
-|1070|-|-
-|1071|-|-
-|1072|-|-
-|1073|-|-
-|-|-|1070
-|-|-|1071
-|-|-|1072
-|-|-|1073
-|-|-|1098
-|-|-|1099
-|-|-|1100
-|-|-|1101
-|-|1106|-
-|-|1107|-
-|-|1108|-
-|-|1109|-
1110|-|-|-
1111|-|-|-
1112|-|-|-
1113|-|-|-
-|-|-|1106
-|-|-|1107
-|-|-|1108
-|-|-|1109
-|1110|-|-
-|1111|-|-
-|1112|-|-
-|1113|-|-
-|1118|-|-
-|1119|-|-
-|1120|-|-
-|1121|-|-
1126|-|-|-
1127|-|-|-
1128|-|-|-
1129|-|-|-
-|-|1126|-
-|-|1127|-
-|-|1128|-
-|-|1129|-
-|1126|-|-
-|1127|-|-
-|1128|-|-
-|1129|-|-
-|-|-|1126
-|-|-|1127
-|-|-|1128
-|-|-|1129
-|-|-|1134
-|-|-|1135
-|-|-|1136
-|-|-|1137
-|1138|-|-
-|1139|-|-
-|1140|-|-
-|1141|-|-
-|-|1142|-
-|-|1143|-
-|-|1144|-
-|-|1145|-
1146|-|-|-
1147|-|-|-
1148|-|-|-
1149|-|-|-
-|-|1149|-
-|1146|-|-
-|1147|-|-
-|1148|-|-
-|1149|-|-
-|-|1106|-
-|-|1107|-
-|-|1108|-
-|-|1109|-
-|-|-|1106
-|-|-|1107
-|-|-|1108
-|-|-|1109
-|1110|-|-
-|1111|-|-
-|1112|-|-
-|1113|-|-
1126|-|-|-
1127|-|-|-
1128|-|-|-
1129|-|-|-
-|1126|-|-
-|1127|-|-
-|1128|-|-
-|1129|-|-
-|-|-|1126
-|-|-|1127
-|-|-|1128
-|-|-|1129
597,795|-|-|-
598,796|-|-|-
599,797|-|-|-
600,798|-|-|-
-|-|597,795|-
-|-|598,796|-
-|-|599,797|-
-|-|600,798|-
-|597,795|-|-
-|598,796|-|-
-|599,797|-|-
-|600,798|-|-
-|-|-|597,795
-|-|-|598,796
-|-|-|599,797
-|-|-|600,798
-|-|619,817|-
-|-|620,818|-
-|-|621,819|-
-|-|622,820|-
623,821|-|-|-
624,822|-|-|-
625,823|-|-|-
626,824|-|-|-
-|-|-|619,817
-|-|-|620,818
-|-|-|621,819
-|-|-|622,820
-|623,821|-|-
-|624,822|-|-
-|625,823|-|-
-|626,824|-|-
-|-|647,845|-
-|-|648,846|-
-|-|649,847|-
-|-|650,848|-
-|-|-|647,845
-|-|-|648,846
-|-|-|649,847
-|-|-|650,848
-|651,849|-|-
-|597,795|-|-
-|598,796|-|-
-|599,797|-|-
-|600,798|-|-
-|-|-|597,795
-|-|-|598,796
-|-|-|599,797
-|-|-|600,798
602,800|-|-|-
603,801|-|-|-
604,802|-|-|-
605,803|-|-|-
-|-|602,800|-
-|-|603,801|-
-|-|604,802|-
-|-|605,803|-
-|-|-|619,817
-|-|-|620,818
-|-|-|621,819
-|-|-|622,820
-|623,821|-|-
-|624,822|-|-
-|625,823|-|-
-|626,824|-|-
-|-|627,825|-
-|-|628,826|-
-|-|629,827|-
-|-|630,828|-
631,829|-|-|-
632,830|-|-|-
633,831|-|-|-
634,832|-|-|-
664,862|-|-|-
665,863|-|-|-
666,864|-|-|-
667,865|-|-|-
-|-|664,862|-
-|-|665,863|-
-|-|666,864|-
-|-|667,865|-
-|664,862|-|-
-|665,863|-|-
-|666,864|-|-
-|667,865|-|-
-|-|-|664,862
-|-|-|665,863
-|-|-|666,864
-|-|-|667,865
-|-|684,882|-
-|-|685,883|-
-|-|686,884|-
-|-|687,885|-
688,886|-|-|-
689,887|-|-|-
690,888|-|-|-
691,889|-|-|-
-|-|-|684,882
-|-|-|685,883
-|-|-|686,884
-|-|-|687,885
-|688,886|-|-
-|689,887|-|-
-|690,888|-|-
-|691,889|-|-
-|-|712,910|-
-|-|713,911|-
-|-|714,912|-
-|-|715,913|-
-|-|-|712,910
-|-|-|713,911
-|-|-|714,912
-|-|-|715,913
-|716,914|-|-
-|664,862|-|-
-|665,863|-|-
-|666,864|-|-
-|667,865|-|-
-|-|-|664,862
-|-|-|665,863
-|-|-|666,864
-|-|-|667,865
668,866|-|-|-
669,867|-|-|-
670,868|-|-|-
671,869|-|-|-
-|-|668,866|-
-|-|669,867|-
-|-|670,868|-
-|-|671,869|-
-|-|-|684,882
-|-|-|685,883
-|-|-|686,884
-|-|-|687,885
-|688,886|-|-
-|689,887|-|-
-|690,888|-|-
-|691,889|-|-
-|-|692,890|-
-|-|693,891|-
-|-|694,892|-
-|-|695,893|-
696,894|-|-|-
697,895|-|-|-
698,896|-|-|-
699,897|-|-|-
729,927|-|-|-
730,928|-|-|-
731,929|-|-|-
732,930|-|-|-
-|-|729,927|-
-|-|730,928|-
-|-|731,929|-
-|-|732,930|-
-|729,927|-|-
-|730,928|-|-
-|731,929|-|-
-|732,930|-|-
-|-|-|729,927
-|-|-|730,928
-|-|-|731,929
-|-|-|732,930
-|-|750,948|-
-|-|751,949|-
-|-|752,950|-
-|-|753,951|-
754,952|-|-|-
755,953|-|-|-
756,954|-|-|-
757,955|-|-|-
-|-|-|750,948
-|-|-|751,949
-|-|-|752,950
-|-|-|753,951
-|754,952|-|-
-|755,953|-|-
-|756,954|-|-
-|757,955|-|-
-|-|778,976|-
-|-|779,977|-
-|-|780,978|-
-|-|781,979|-
-|-|-|778,976
-|-|-|779,977
-|-|-|780,978
-|-|-|781,979
-|782,980|-|-
-|729,927|-|-
-|730,928|-|-
-|731,929|-|-
-|732,930|-|-
-|-|-|729,927
-|-|-|730,928
-|-|-|731,929
-|-|-|732,930
734,932|-|-|-
735,933|-|-|-
736,934|-|-|-
737,935|-|-|-
-|-|734,932|-
-|-|735,933|-
-|-|736,934|-
-|-|737,935|-
-|-|-|750,948
-|-|-|751,949
-|-|-|752,950
-|-|-|753,951
-|754,952|-|-
-|755,953|-|-
-|756,954|-|-
-|757,955|-|-
-|-|758,956|-
-|-|759,957|-
-|-|760,958|-
-|-|761,959|-
762,960|-|-|-
763,961|-|-|-
764,962|-|-|-
765,963|-|-|-
4036,4057,4158,4177,4474,4491,4571,4587|4270,4290,4387,4401|-|-
-|-|4037,4058,4159,4178,4475,4492,4572,4588|4271,4291,4388,4402
4042,4063,4164,4183,4480,4497,4577,4593|4274,4294,4391,4405|-|-
-|-|4043,4064,4165,4184,4481,4498,4578,4594|4275,4295,4392,4406
-|-|4078,4196,4508,4603|4310,4415
4083,4201,4513,4608|4315,4420|-|-
-|-|4084,4202,4514,4609|4316,4421
4089,4207,4517,4611|4318,4423|-|-
4335,4353,4437,4449|4098,4118,4216,4233,4524,4541,4612,4628|-|-
-|-|4336,4354,4438,4450|4099,4119,4217,4234,4525,4542,4613,4629
4341,4359,4443,4455|4104,4124,4222,4239,4530,4547,4618,4634|-|-
-|-|4342,4360,4444,4456|4105,4125,4223,4240,4531,4548,4619,4635
-|-|4276,4296|4036,4057,4474,4491
4281,4301|4041,4062,4479,4496|-|-
-|-|4282,4302|4042,4063,4480,4497
4284,4304|4044,4065,4482,4499|-|-
4323|4082,4512|-|-
-|-|4324|4083,4513
4329|4088,4516|-|-
-|-|4330|4089,4517
-|-|4106,4126,4532,4549|4335,4353
4111,4131,4537,4554|4340,4358|-|-
-|-|4112,4132,4538,4555|4341,4359
4117,4137,4540,4557|4343,4361|-|-
4036,4057,4158,4177,4474,4491,4571,4587|4270,4290,4387,4401|-|-
4037,4058,4159,4178,4475,4492,4572,4588|4271,4291,4388,4402|-|-
4038,4059,4160,4179,4476,4493,4573,4589|4272,4292,4389,4403|-|-
4039,4060,4161,4180,4477,4494,4574,4590|4273,4293,4390,4404|-|-
-|-|4036,4057,4158,4177,4474,4491,4571,4587|4270,4290,4387,4401
-|-|4037,4058,4159,4178,4475,4492,4572,4588|4271,4291,4388,4402
-|-|4038,4059,4160,4179,4476,4493,4573,4589|4272,4292,4389,4403
-|-|4039,4060,4161,4180,4477,4494,4574,4590|4273,4293,4390,4404
4043,4064,4165,4184,4481,4498,4578,4594|4275,4295,4392,4406|-|-
4276,4296,4393,4407|4036,4057,4158,4177,4474,4491,4571,4587|-|-
4277,4297,4394,4408|4037,4058,4159,4178,4475,4492,4572,4588|-|-
4278,4298,4395,4409|4038,4059,4160,4179,4476,4493,4573,4589|-|-
4279,4299,4396,4410|4039,4060,4161,4180,4477,4494,4574,4590|-|-
-|-|4276,4296,4393,4407|4036,4057,4158,4177,4474,4491,4571,4587
-|-|4277,4297,4394,4408|4037,4058,4159,4178,4475,4492,4572,4588
-|-|4278,4298,4395,4409|4038,4059,4160,4179,4476,4493,4573,4589
-|-|4279,4299,4396,4410|4039,4060,4161,4180,4477,4494,4574,4590
4280,4300,4397,4411|4040,4061,4162,4181,4478,4495,4575,4591|-|-
4281,4301,4398,4412|4041,4062,4163,4182,4479,4496,4576,4592|-|-
4282,4302,4399,4413|4042,4063,4164,4183,4480,4497,4577,4593|-|-
4283,4303,4400,4414|4043,4064,4165,4184,4481,4498,4578,4594|-|-
-|-|4078,4196,4508,4603|4310,4415
-|-|4079,4197,4509,4604|4311,4416
-|-|4080,4198,4510,4605|4312,4417
-|-|4081,4199,4511,4606|4313,4418
4082,4200,4512,4607|4314,4419|-|-
4083,4201,4513,4608|4315,4420|-|-
4084,4202,4514,4609|4316,4421|-|-
4085,4203,4515,4610|4317,4422|-|-
-|-|4085,4203,4515,4610|4317,4422
-|-|4319,4424|4078,4196,4508,4603
-|-|4320,4425|4079,4197,4509,4604
-|-|4321,4426|4080,4198,4510,4605
-|-|4322,4427|4081,4199,4511,4606
4323,4428|4082,4200,4512,4607|-|-
4324,4429|4083,4201,4513,4608|-|-
4325,4430|4084,4202,4514,4609|-|-
4326,4431|4085,4203,4515,4610|-|-
-|-|4323,4428|4082,4200,4512,4607
-|-|4324,4429|4083,4201,4513,4608
-|-|4325,4430|4084,4202,4514,4609
-|-|4326,4431|4085,4203,4515,4610
4276,4296,4393,4407|4036,4057,4158,4177,4474,4491,4571,4587|-|-
4277,4297,4394,4408|4037,4058,4159,4178,4475,4492,4572,4588|-|-
4278,4298,4395,4409|4038,4059,4160,4179,4476,4493,4573,4589|-|-
4279,4299,4396,4410|4039,4060,4161,4180,4477,4494,4574,4590|-|-
-|-|4276,4296,4393,4407|4036,4057,4158,4177,4474,4491,4571,4587
-|-|4277,4297,4394,4408|4037,4058,4159,4178,4475,4492,4572,4588
-|-|4278,4298,4395,4409|4038,4059,4160,4179,4476,4493,4573,4589
-|-|4279,4299,4396,4410|4039,4060,4161,4180,4477,4494,4574,4590
4280,4300,4397,4411|4040,4061,4162,4181,4478,4495,4575,4591|-|-
4281,4301,4398,4412|4041,4062,4163,4182,4479,4496,4576,4592|-|-
4282,4302,4399,4413|4042,4063,4164,4183,4480,4497,4577,4593|-|-
4283,4303,4400,4414|4043,4064,4165,4184,4481,4498,4578,4594|-|-
-|-|4045,4066,4167,4186,4483,4500,4579,4595|4276,4296,4393,4407
-|-|4046,4067,4168,4187,4484,4501,4580,4596|4277,4297,4394,4408
-|-|4047,4068,4169,4188,4485,4502,4581,4597|4278,4298,4395,4409
-|-|4048,4069,4170,4189,4486,4503,4582,4598|4279,4299,4396,4410
4049,4070,4171,4190,4487,4504,4583,4599|4280,4300,4397,4411|-|-
4050,4071,4172,4191,4488,4505,4584,4600|4281,4301,4398,4412|-|-
4051,4072,4173,4192,4489,4506,4585,4601|4282,4302,4399,4413|-|-
4052,4073,4174,4193,4490,4507,4586,4602|4283,4303,4400,4414|-|-
4098,4118,4216,4233,4524,4541,4612,4628|4331,4349,4433,4445|-|-
4099,4119,4217,4234,4525,4542,4613,4629|4332,4350,4434,4446|-|-
4100,4120,4218,4235,4526,4543,4614,4630|4333,4351,4435,4447|-|-
4101,4121,4219,4236,4527,4544,4615,4631|4334,4352,4436,4448|-|-
-|-|4098,4118,4216,4233,4524,4541,4612,4628|4331,4349,4433,4445
-|-|4099,4119,4217,4234,4525,4542,4613,4629|4332,4350,4434,4446
-|-|4100,4120,4218,4235,4526,4543,4614,4630|4333,4351,4435,4447
-|-|4101,4121,4219,4236,4527,4544,4615,4631|4334,4352,4436,4448
4335,4353,4437,4449|4098,4118,4216,4233,4524,4541,4612,4628|-|-
4336,4354,4438,4450|4099,4119,4217,4234,4525,4542,4613,4629|-|-
4337,4355,4439,4451|4100,4120,4218,4235,4526,4543,4614,4630|-|-
4338,4356,4440,4452|4101,4121,4219,4236,4527,4544,4615,4631|-|-
-|-|4335,4353,4437,4449|4098,4118,4216,4233,4524,4541,4612,4628
-|-|4336,4354,4438,4450|4099,4119,4217,4234,4525,4542,4613,4629
-|-|4337,4355,4439,4451|4100,4120,4218,4235,4526,4543,4614,4630
-|-|4338,4356,4440,4452|4101,4121,4219,4236,4527,4544,4615,4631
4339,4357,4441,4453|4102,4122,4220,4237,4528,4545,4616,4632|-|-
4340,4358,4442,4454|4103,4123,4221,4238,4529,4546,4617,4633|-|-
4341,4359,4443,4455|4104,4124,4222,4239,4530,4547,4618,4634|-|-
4342,4360,4444,4456|4105,4125,4223,4240,4531,4548,4619,4635|-|-
-|-|4138,4250,4558,4644|4367,4457
-|-|4139,4251,4559,4645|4368,4458
-|-|4140,4252,4560,4646|4369,4459
-|-|4141,4253,4561,4647|4370,4460
4142,4254,4562,4648|4371,4461|-|-
4143,4255,4563,4649|4372,4462|-|-
4144,4256,4564,4650|4373,4463|-|-
4145,4257,4565,4651|4374,4464|-|-
-|-|4375,4465|4138,4250,4558,4644
-|-|4376,4466|4139,4251,4559,4645
-|-|4377,4467|4140,4252,4560,4646
-|-|4378,4468|4141,4253,4561,4647
4379,4469|4142,4254,4562,4648|-|-
4380,4470|4143,4255,4563,4649|-|-
4381,4471|4144,4256,4564,4650|-|-
4382,4472|4145,4257,4565,4651|-|-
-|-|4379,4469|4142,4254,4562,4648
-|-|4380,4470|4143,4255,4563,4649
-|-|4381,4471|4144,4256,4564,4650
-|-|4382,4472|4145,4257,4565,4651
4335,4353,4437,4449|4098,4118,4216,4233,4524,4541,4612,4628|-|-
4336,4354,4438,4450|4099,4119,4217,4234,4525,4542,4613,4629|-|-
4337,4355,4439,4451|4100,4120,4218,4235,4526,4543,4614,4630|-|-
4338,4356,4440,4452|4101,4121,4219,4236,4527,4544,4615,4631|-|-
-|-|4335,4353,4437,4449|4098,4118,4216,4233,4524,4541,4612,4628
-|-|4336,4354,4438,4450|4099,4119,4217,4234,4525,4542,4613,4629
-|-|4337,4355,4439,4451|4100,4120,4218,4235,4526,4543,4614,4630
-|-|4338,4356,4440,4452|4101,4121,4219,4236,4527,4544,4615,4631
4339,4357,4441,4453|4102,4122,4220,4237,4528,4545,4616,4632|-|-
4340,4358,4442,4454|4103,4123,4221,4238,4529,4546,4617,4633|-|-
4341,4359,4443,4455|4104,4124,4222,4239,4530,4547,4618,4634|-|-
4342,4360,4444,4456|4105,4125,4223,4240,4531,4548,4619,4635|-|-
-|-|4106,4126,4224,4241,4532,4549,4620,4636|4335,4353,4437,4449
-|-|4107,4127,4225,4242,4533,4550,4621,4637|4336,4354,4438,4450
-|-|4108,4128,4226,4243,4534,4551,4622,4638|4337,4355,4439,4451
-|-|4109,4129,4227,4244,4535,4552,4623,4639|4338,4356,4440,4452
4110,4130,4228,4245,4536,4553,4624,4640|4339,4357,4441,4453|-|-
4111,4131,4229,4246,4537,4554,4625,4641|4340,4358,4442,4454|-|-
4112,4132,4230,4247,4538,4555,4626,4642|4341,4359,4443,4455|-|-
4113,4133,4231,4248,4539,4556,4627,4643|4342,4360,4444,4456|-|-
-|-|4276,4296|4036,4057,4474,4491
-|-|4277,4297|4037,4058,4475,4492
-|-|4278,4298|4038,4059,4476,4493
-|-|4279,4299|4039,4060,4477,4494
4280,4300|4040,4061,4478,4495|-|-
4281,4301|4041,4062,4479,4496|-|-
4282,4302|4042,4063,4480,4497|-|-
4283,4303|4043,4064,4481,4498|-|-
-|-|4283,4303|4043,4064,4481,4498
-|-|4045,4066,4483,4500|4276,4296
-|-|4046,4067,4484,4501|4277,4297
-|-|4047,4068,4485,4502|4278,4298
-|-|4048,4069,4486,4503|4279,4299
4049,4070,4487,4504|4280,4300|-|-
4050,4071,4488,4505|4281,4301|-|-
4051,4072,4489,4506|4282,4302|-|-
4052,4073,4490,4507|4283,4303|-|-
-|-|4051,4072,4489,4506|4282,4302
-|-|4052,4073,4490,4507|4283,4303
4323|4082,4512|-|-
4324|4083,4513|-|-
4325|4084,4514|-|-
4326|4085,4515|-|-
-|-|4323|4082,4512
-|-|4324|4083,4513
-|-|4325|4084,4514
-|-|4326|4085,4515
4330|4089,4517|-|-
4090,4518|4323|-|-
4091,4519|4324|-|-
4092,4520|4325|-|-
4093,4521|4326|-|-
-|-|4090,4518|4323
-|-|4091,4519|4324
-|-|4092,4520|4325
-|-|4093,4521|4326
4096,4522|4329|-|-
4097,4523|4330|-|-
-|-|4045,4066,4483,4500|4276,4296
-|-|4046,4067,4484,4501|4277,4297
-|-|4047,4068,4485,4502|4278,4298
-|-|4048,4069,4486,4503|4279,4299
4049,4070,4487,4504|4280,4300|-|-
4050,4071,4488,4505|4281,4301|-|-
4051,4072,4489,4506|4282,4302|-|-
4052,4073,4490,4507|4283,4303|-|-
-|-|4049,4070,4487,4504|4280,4300
-|-|4050,4071,4488,4505|4281,4301
-|-|4051,4072,4489,4506|4282,4302
-|-|4052,4073,4490,4507|4283,4303
4285,4305|4049,4070,4487,4504|-|-
4286,4306|4050,4071,4488,4505|-|-
4287,4307|4051,4072,4489,4506|-|-
4288,4308|4052,4073,4490,4507|-|-
-|-|4285,4305|4049,4070,4487,4504
-|-|4286,4306|4050,4071,4488,4505
-|-|4287,4307|4051,4072,4489,4506
-|-|4288,4308|4052,4073,4490,4507
-|-|4335,4353|4098,4118,4524,4541
-|-|4336,4354|4099,4119,4525,4542
-|-|4337,4355|4100,4120,4526,4543
-|-|4338,4356|4101,4121,4527,4544
4339,4357|4102,4122,4528,4545|-|-
4340,4358|4103,4123,4529,4546|-|-
4341,4359|4104,4124,4530,4547|-|-
4342,4360|4105,4125,4531,4548|-|-
-|-|4106,4126,4532,4549|4335,4353
-|-|4107,4127,4533,4550|4336,4354
-|-|4108,4128,4534,4551|4337,4355
-|-|4109,4129,4535,4552|4338,4356
4110,4130,4536,4553|4339,4357|-|-
4111,4131,4537,4554|4340,4358|-|-
4112,4132,4538,4555|4341,4359|-|-
4113,4133,4539,4556|4342,4360|-|-
-|-|4113,4133,4539,4556|4342,4360
4379|4142,4562|-|-
4380|4143,4563|-|-
4381|4144,4564|-|-
4382|4145,4565|-|-
-|-|4379|4142,4562
-|-|4380|4143,4563
-|-|4381|4144,4564
-|-|4382|4145,4565
4150,4566|4379|-|-
4151,4567|4380|-|-
4152,4568|4381|-|-
4153,4569|4382|-|-
-|-|4150,4566|4379
-|-|4151,4567|4380
-|-|4152,4568|4381
-|-|4153,4569|4382
4157,4570|4386|-|-
-|-|4106,4126,4532,4549|4335,4353
-|-|4107,4127,4533,4550|4336,4354
-|-|4108,4128,4534,4551|4337,4355
-|-|4109,4129,4535,4552|4338,4356
4110,4130,4536,4553|4339,4357|-|-
4111,4131,4537,4554|4340,4358|-|-
4112,4132,4538,4555|4341,4359|-|-
4113,4133,4539,4556|4342,4360|-|-
-|-|4110,4130,4536,4553|4339,4357
-|-|4111,4131,4537,4554|4340,4358
-|-|4112,4132,4538,4555|4341,4359
-|-|4113,4133,4539,4556|4342,4360
4344,4362|4110,4130,4536,4553|-|-
4345,4363|4111,4131,4537,4554|-|-
4346,4364|4112,4132,4538,4555|-|-
4347,4365|4113,4133,4539,4556|-|-
-|-|4344,4362|4110,4130,4536,4553
-|-|4345,4363|4111,4131,4537,4554
-|-|4346,4364|4112,4132,4538,4555
-|-|4347,4365|4113,4133,4539,4556
-|-|4036,4057,4158,4177|4270,4290,4387,4401
-|-|4037,4058,4159,4178|4271,4291,4388,4402
-|-|4038,4059,4160,4179|4272,4292,4389,4403
-|-|4039,4060,4161,4180|4273,4293,4390,4404
4042,4063,4164,4183|4274,4294,4391,4405|-|-
4043,4064,4165,4184|4275,4295,4392,4406|-|-
-|-|4276,4296,4393,4407|4036,4057,4158,4177
-|-|4277,4297,4394,4408|4037,4058,4159,4178
-|-|4278,4298,4395,4409|4038,4059,4160,4179
-|-|4279,4299,4396,4410|4039,4060,4161,4180
4280,4300,4397,4411|4040,4061,4162,4181|-|-
4281,4301,4398,4412|4041,4062,4163,4182|-|-
4282,4302,4399,4413|4042,4063,4164,4183|-|-
4283,4303,4400,4414|4043,4064,4165,4184|-|-
-|-|4283,4303,4400,4414|4043,4064,4165,4184
4049,4070,4171,4190|4280,4300,4397,4411|-|-
4050,4071,4172,4191|4281,4301,4398,4412|-|-
4051,4072,4173,4192|4282,4302,4399,4413|-|-
4052,4073,4174,4193|4283,4303,4400,4414|-|-
-|-|4052,4073,4174,4193|4283,4303,4400,4414
4082,4200|4314,4419|-|-
4083,4201|4315,4420|-|-
4084,4202|4316,4421|-|-
4085,4203|4317,4422|-|-
-|-|4084,4202|4316,4421
-|-|4085,4203|4317,4422
4323,4428|4082,4200|-|-
4324,4429|4083,4201|-|-
4325,4430|4084,4202|-|-
4326,4431|4085,4203|-|-
-|-|4323,4428|4082,4200
-|-|4324,4429|4083,4201
-|-|4325,4430|4084,4202
-|-|4326,4431|4085,4203
4330,4432|4089,4207|-|-
-|-|4090,4208|4323,4428
-|-|4091,4209|4324,4429
-|-|4092,4210|4325,4430
-|-|4093,4211|4326,4431
4097,4215|4330,4432|-|-
-|-|4276,4296,4393,4407|4036,4057,4158,4177
-|-|4277,4297,4394,4408|4037,4058,4159,4178
-|-|4278,4298,4395,4409|4038,4059,4160,4179
-|-|4279,4299,4396,4410|4039,4060,4161,4180
4280,4300,4397,4411|4040,4061,4162,4181|-|-
4281,4301,4398,4412|4041,4062,4163,4182|-|-
4282,4302,4399,4413|4042,4063,4164,4183|-|-
4283,4303,4400,4414|4043,4064,4165,4184|-|-
-|-|4283,4303,4400,4414|4043,4064,4165,4184
-|-|4045,4066,4167,4186|4276,4296,4393,4407
-|-|4046,4067,4168,4187|4277,4297,4394,4408
-|-|4047,4068,4169,4188|4278,4298,4395,4409
-|-|4048,4069,4170,4189|4279,4299,4396,4410
4049,4070,4171,4190|4280,4300,4397,4411|-|-
4050,4071,4172,4191|4281,4301,4398,4412|-|-
4051,4072,4173,4192|4282,4302,4399,4413|-|-
4052,4073,4174,4193|4283,4303,4400,4414|-|-
-|-|4049,4070,4171,4190|4280,4300,4397,4411
-|-|4050,4071,4172,4191|4281,4301,4398,4412
-|-|4051,4072,4173,4192|4282,4302,4399,4413
-|-|4052,4073,4174,4193|4283,4303,4400,4414
-|-|4098,4118,4216,4233|4331,4349,4433,4445
-|-|4099,4119,4217,4234|4332,4350,4434,4446
-|-|4100,4120,4218,4235|4333,4351,4435,4447
-|-|4101,4121,4219,4236|4334,4352,4436,4448
-|-|4335,4353,4437,4449|4098,4118,4216,4233
-|-|4336,4354,4438,4450|4099,4119,4217,4234
-|-|4337,4355,4439,4451|4100,4120,4218,4235
-|-|4338,4356,4440,4452|4101,4121,4219,4236
4339,4357,4441,4453|4102,4122,4220,4237|-|-
4340,4358,4442,4454|4103,4123,4221,4238|-|-
4341,4359,4443,4455|4104,4124,4222,4239|-|-
4342,4360,4444,4456|4105,4125,4223,4240|-|-
-|-|4342,4360,4444,4456|4105,4125,4223,4240
4110,4130,4228,4245|4339,4357,4441,4453|-|-
4111,4131,4229,4246|4340,4358,4442,4454|-|-
4112,4132,4230,4247|4341,4359,4443,4455|-|-
4113,4133,4231,4248|4342,4360,4444,4456|-|-
-|-|4113,4133,4231,4248|4342,4360,4444,4456
4142,4254|4371,4461|-|-
4143,4255|4372,4462|-|-
4144,4256|4373,4463|-|-
4145,4257|4374,4464|-|-
4379,4469|4142,4254|-|-
4380,4470|4143,4255|-|-
4381,4471|4144,4256|-|-
4382,4472|4145,4257|-|-
-|-|4379,4469|4142,4254
-|-|4380,4470|4143,4255
-|-|4381,4471|4144,4256
-|-|4382,4472|4145,4257
4386,4473|4149,4261|-|-
-|-|4150,4262|4379,4469
-|-|4151,4263|4380,4470
-|-|4152,4264|4381,4471
-|-|4153,4265|4382,4472
4157,4269|4386,4473|-|-
-|-|4335,4353,4437,4449|4098,4118,4216,4233
-|-|4336,4354,4438,4450|4099,4119,4217,4234
-|-|4337,4355,4439,4451|4100,4120,4218,4235
-|-|4338,4356,4440,4452|4101,4121,4219,4236
4339,4357,4441,4453|4102,4122,4220,4237|-|-
4340,4358,4442,4454|4103,4123,4221,4238|-|-
4341,4359,4443,4455|4104,4124,4222,4239|-|-
4342,4360,4444,4456|4105,4125,4223,4240|-|-
-|-|4106,4126,4224,4241|4335,4353,4437,4449
-|-|4107,4127,4225,4242|4336,4354,4438,4450
-|-|4108,4128,4226,4243|4337,4355,4439,4451
-|-|4109,4129,4227,4244|4338,4356,4440,4452
4110,4130,4228,4245|4339,4357,4441,4453|-|-
4111,4131,4229,4246|4340,4358,4442,4454|-|-
4112,4132,4230,4247|4341,4359,4443,4455|-|-
4113,4133,4231,4248|4342,4360,4444,4456|-|-
-|-|4110,4130,4228,4245|4339,4357,4441,4453
-|-|4111,4131,4229,4246|4340,4358,4442,4454
-|-|4112,4132,4230,4247|4341,4359,4443,4455
-|-|4113,4133,4231,4248|4342,4360,4444,4456
4280,4300|4040,4061|-|-
4281,4301|4041,4062|-|-
4282,4302|4042,4063|-|-
4283,4303|4043,4064|-|-
-|-|4282,4302|4042,4063
-|-|4283,4303|4043,4064
4049,4070|4280,4300|-|-
4050,4071|4281,4301|-|-
4051,4072|4282,4302|-|-
4052,4073|4283,4303|-|-
-|-|4049,4070|4280,4300
-|-|4050,4071|4281,4301
-|-|4051,4072|4282,4302
-|-|4052,4073|4283,4303
-|-|4323|4082
-|-|4324|4083
-|-|4325|4084
-|-|4326|4085
4329|4088|-|-
4330|4089|-|-
-|-|4090|4323
-|-|4091|4324
-|-|4092|4325
-|-|4093|4326
4094|4327|-|-
4095|4328|-|-
4096|4329|-|-
4097|4330|-|-
4049,4070|4280,4300|-|-
4050,4071|4281,4301|-|-
4051,4072|4282,4302|-|-
4052,4073|4283,4303|-|-
-|-|4049,4070|4280,4300
-|-|4050,4071|4281,4301
-|-|4051,4072|4282,4302
-|-|4052,4073|4283,4303
4056,4077|4284,4304|-|-
4285,4305|4049,4070|-|-
4286,4306|4050,4071|-|-
4287,4307|4051,4072|-|-
4288,4308|4052,4073|-|-
-|-|4285,4305|4049,4070
-|-|4286,4306|4050,4071
-|-|4287,4307|4051,4072
-|-|4288,4308|4052,4073
4289,4309|4056,4077|-|-
4339,4357|4102,4122|-|-
4340,4358|4103,4123|-|-
4341,4359|4104,4124|-|-
4342,4360|4105,4125|-|-
4110,4130|4339,4357|-|-
4111,4131|4340,4358|-|-
4112,4132|4341,4359|-|-
4113,4133|4342,4360|-|-
-|-|4110,4130|4339,4357
-|-|4111,4131|4340,4358
-|-|4112,4132|4341,4359
-|-|4113,4133|4342,4360
-|-|4379|4142
-|-|4380|4143
-|-|4381|4144
-|-|4382|4145
-|-|4150|4379
-|-|4151|4380
-|-|4152|4381
-|-|4153|4382
4154|4383|-|-
4155|4384|-|-
4156|4385|-|-
4157|4386|-|-
4110,4130|4339,4357|-|-
4111,4131|4340,4358|-|-
4112,4132|4341,4359|-|-
4113,4133|4342,4360|-|-
-|-|4110,4130|4339,4357
-|-|4111,4131|4340,4358
-|-|4112,4132|4341,4359
-|-|4113,4133|4342,4360
4344,4362|4110,4130|-|-
4345,4363|4111,4131|-|-
4346,4364|4112,4132|-|-
4347,4365|4113,4133|-|-
-|-|4344,4362|4110,4130
-|-|4345,4363|4111,4131
-|-|4346,4364|4112,4132
-|-|4347,4365|4113,4133
4348,4366|4117,4137|-|-
-|4040,4061,4162,4181|-|-
-|4041,4062,4163,4182|-|-
-|4042,4063,4164,4183|-|-
-|4043,4064,4165,4184|-|-
-|-|-|4040,4061,4162,4181
-|-|-|4041,4062,4163,4182
-|-|-|4042,4063,4164,4183
-|-|-|4043,4064,4165,4184
-|4044,4065,4166,4185|-|-
4049,4070,4171,4190|-|-|-
4050,4071,4172,4191|-|-|-
4051,4072,4173,4192|-|-|-
4052,4073,4174,4193|-|-|-
-|-|4049,4070,4171,4190|-
-|-|4050,4071,4172,4191|-
-|-|4051,4072,4173,4192|-
-|-|4052,4073,4174,4193|-
-|-|-|4082,4200
-|-|-|4083,4201
-|-|-|4084,4202
-|-|-|4085,4203
-|4086,4204|-|-
-|4087,4205|-|-
-|4088,4206|-|-
-|4089,4207|-|-
-|-|-|4089,4207
-|-|4090,4208|-
-|-|4091,4209|-
-|-|4092,4210|-
-|-|4093,4211|-
4094,4212|-|-|-
4095,4213|-|-|-
4096,4214|-|-|-
4097,4215|-|-|-
4049,4070,4171,4190|-|-|-
4050,4071,4172,4191|-|-|-
4051,4072,4173,4192|-|-|-
4052,4073,4174,4193|-|-|-
-|-|4049,4070,4171,4190|-
-|-|4050,4071,4172,4191|-
-|-|4051,4072,4173,4192|-
-|-|4052,4073,4174,4193|-
4055,4076,4175,4194|-|-|-
4056,4077,4176,4195|-|-|-
-|-|-|4049,4070,4171,4190
-|-|-|4050,4071,4172,4191
-|-|-|4051,4072,4173,4192
-|-|-|4052,4073,4174,4193
-|4055,4076,4175,4194|-|-
-|4056,4077,4176,4195|-|-
-|4102,4122,4220,4237|-|-
-|4103,4123,4221,4238|-|-
-|4104,4124,4222,4239|-|-
-|4105,4125,4223,4240|-|-
-|-|-|4102,4122,4220,4237
-|-|-|4103,4123,4221,4238
-|-|-|4104,4124,4222,4239
-|-|-|4105,4125,4223,4240
4110,4130,4228,4245|-|-|-
4111,4131,4229,4246|-|-|-
4112,4132,4230,4247|-|-|-
4113,4133,4231,4248|-|-|-
-|-|4110,4130,4228,4245|-
-|-|4111,4131,4229,4246|-
-|-|4112,4132,4230,4247|-
-|-|4113,4133,4231,4248|-
4117,4137,4232,4249|-|-|-
-|-|-|4142,4254
-|-|-|4143,4255
-|-|-|4144,4256
-|-|-|4145,4257
-|4146,4258|-|-
-|4147,4259|-|-
-|4148,4260|-|-
-|4149,4261|-|-
-|-|4150,4262|-
-|-|4151,4263|-
-|-|4152,4264|-
-|-|4153,4265|-
4154,4266|-|-|-
4155,4267|-|-|-
4156,4268|-|-|-
4157,4269|-|-|-
-|-|4157,4269|-
4110,4130,4228,4245|-|-|-
4111,4131,4229,4246|-|-|-
4112,4132,4230,4247|-|-|-
4113,4133,4231,4248|-|-|-
-|-|4110,4130,4228,4245|-
-|-|4111,4131,4229,4246|-
-|-|4112,4132,4230,4247|-
-|-|4113,4133,4231,4248|-
-|-|-|4110,4130,4228,4245
-|-|-|4111,4131,4229,4246
-|-|-|4112,4132,4230,4247
-|-|-|4113,4133,4231,4248
-|4117,4137,4232,4249|-|-
-|-|4049,4070|-
-|-|4050,4071|-
-|-|4051,4072|-
-|-|4052,4073|-
4053,4074|-|-|-
4054,4075|-|-|-
4055,4076|-|-|-
4056,4077|-|-|-
-|-|-|4049,4070
-|-|-|4050,4071
-|-|-|4051,4072
-|-|-|4052,4073
-|4053,4074|-|-
-|4054,4075|-|-
-|4055,4076|-|-
-|4056,4077|-|-
4094|-|-|-
4095|-|-|-
4096|-|-|-
4097|-|-|-
-|-|4094|-
-|-|4095|-
-|-|4096|-
-|-|4097|-
-|4094|-|-
-|4095|-|-
-|4096|-|-
-|4097|-|-
-|-|-|4094
-|-|-|4095
-|-|-|4096
-|-|-|4097
-|-|-|4049,4070
-|-|-|4050,4071
-|-|-|4051,4072
-|-|-|4052,4073
-|4053,4074|-|-
-|4054,4075|-|-
-|4055,4076|-|-
-|4056,4077|-|-
-|-|-|4056,4077
-|-|4110,4130|-
-|-|4111,4131|-
-|-|4112,4132|-
-|-|4113,4133|-
4114,4134|-|-|-
4115,4135|-|-|-
4116,4136|-|-|-
4117,4137|-|-|-
-|-|-|4110,4130
-|-|-|4111,4131
-|-|-|4112,4132
-|-|-|4113,4133
-|4114,4134|-|-
-|4115,4135|-|-
-|4116,4136|-|-
-|4117,4137|-|-
4154|-|-|-
4155|-|-|-
4156|-|-|-
4157|-|-|-
-|-|4154|-
-|-|4155|-
-|-|4156|-
-|-|4157|-
-|4154|-|-
-|4155|-|-
-|4156|-|-
-|4157|-|-
-|-|-|4154
-|-|-|4155
-|-|-|4156
-|-|-|4157
-|-|-|4110,4130
-|-|-|4111,4131
-|-|-|4112,4132
-|-|-|4113,4133
-|4114,4134|-|-
-|4115,4135|-|-
-|4116,4136|-|-
-|4117,4137|-|-
TRANS 3
0,117,700,798|1279,1391,1948,2048|-|-
1,118,701,799|1280,1392,1949,2049|-|-
2,119,702,800|1281,1393,1950,2050|-|-
3,120,703,801|1282,1394,1951,2051|-|-
-|-|0,117,700,798|1279,1391,1948,2048
-|-|1,118,701,799|1280,1392,1949,2049
-|-|2,119,702,800|1281,1393,1950,2050
-|-|3,120,703,801|1282,1394,1951,2051
7,124,707,805|1283,1395,1952,2052|-|-
1284,1396,1953,2053|0,117,700,798|-|-
1285,1397,1954,2054|1,118,701,799|-|-
1286,1398,1955,2055|2,119,702,800|-|-
1287,1399,1956,2056|3,120,703,801|-|-
-|-|1284,1396,1953,2053|0,117,700,798
-|-|1285,1397,1954,2054|1,118,701,799
-|-|1286,1398,1955,2055|2,119,702,800
-|-|1287,1399,1956,2056|3,120,703,801
1291,1403,1960,2060|7,124,707,805|-|-
-|-|8,125,708,806|1284,1396,1953,2053
-|-|9,126,709,807|1285,1397,1954,2054
-|-|10,127,710,808|1286,1398,1955,2055
-|-|11,128,711,809|1287,1399,1956,2056
21,138,716,814|1300,1412,1969,2069|-|-
22,139,717,815|1301,1413,1970,2070|-|-
23,140,718,816|1302,1414,1971,2071|-|-
24,141,719,817|1303,1415,1972,2072|-|-
-|-|21,138,716,814|1300,1412,1969,2069
-|-|22,139,717,815|1301,1413,1970,2070
-|-|23,140,718,816|1302,1414,1971,2071
-|-|24,141,719,817|1303,1415,1972,2072
27,144,722,820|1304,1416,1973,2073|-|-
28,145,723,821|1305,1417,1974,2074|-|-
1306,1418,1975,2075|21,138,716,814|-|-
1307,1419,1976,2076|22,139,717,815|-|-
1308,1420,1977,2077|23,140,718,816|-|-
1309,1421,1978,2078|24,141,719,817|-|-
-|-|1306,1418,1975,2075|21,138,716,814
-|-|1307,1419,1976,2076|22,139,717,815
-|-|1308,1420,1977,2077|23,140,718,816
-|-|1309,1421,1978,2078|24,141,719,817
1310,1422,1979,2079|25,142,720,818|-|-
1311,1423,1980,2080|26,143,721,819|-|-
1312,1424,1981,2081|27,144,722,820|-|-
1313,1425,1982,2082|28,145,723,821|-|-
-|-|30,147,724,822|1306,1418,1975,2075
-|-|31,148,725,823|1307,1419,1976,2076
-|-|32,149,726,824|1308,1420,1977,2077
-|-|33,150,727,825|1309,1421,1978,2078
34,151,728,826|1310,1422,1979,2079|-|-
35,152,729,827|1311,1423,1980,2080|-|-
36,153,730,828|1312,1424,1981,2081|-|-
37,154,731,829|1313,1425,1982,2082|-|-
1284,1396,1953,2053|0,117,700,798|-|-
1285,1397,1954,2054|1,118,701,799|-|-
1286,1398,1955,2055|2,119,702,800|-|-
1287,1399,1956,2056|3,120,703,801|-|-
-|-|1284,1396,1953,2053|0,117,700,798
-|-|1285,1397,1954,2054|1,118,701,799
-|-|1286,1398,1955,2055|2,119,702,800
-|-|1287,1399,1956,2056|3,120,703,801
1291,1403,1960,2060|7,124,707,805|-|-
8,125,708,806|1284,1396,1953,2053|-|-
9,126,709,807|1285,1397,1954,2054|-|-
10,127,710,808|1286,1398,1955,2055|-|-
11,128,711,809|1287,1399,1956,2056|-|-
-|-|8,125,708,806|1284,1396,1953,2053
-|-|9,126,709,807|1285,1397,1954,2054
-|-|10,127,710,808|1286,1398,1955,2055
-|-|11,128,711,809|1287,1399,1956,2056
14,131,714,812|1290,1402,1959,2059|-|-
15,132,715,813|1291,1403,1960,2060|-|-
40,157,733,831|1318,1430,1983,2083|-|-
41,158,734,832|1319,1431,1984,2084|-|-
42,159,735,833|1320,1432,1985,2085|-|-
43,160,736,834|1321,1433,1986,2086|-|-
-|-|40,157,733,831|1318,1430,1983,2083
-|-|41,158,734,832|1319,1431,1984,2084
-|-|42,159,735,833|1320,1432,1985,2085
-|-|43,160,736,834|1321,1433,1986,2086
1322,1434,1987,2087|40,157,733,831|-|-
1323,1435,1988,2088|41,158,734,832|-|-
1324,1436,1989,2089|42,159,735,833|-|-
1325,1437,1990,2090|43,160,736,834|-|-
-|-|1322,1434,1987,2087|40,157,733,831
-|-|1323,1435,1988,2088|41,158,734,832
-|-|1324,1436,1989,2089|42,159,735,833
-|-|1325,1437,1990,2090|43,160,736,834
1329,1441,1994,2094|47,164,740,838|-|-
-|-|48,165,741,839|1322,1434,1987,2087
-|-|49,166,742,840|1323,1435,1988,2088
-|-|50,167,743,841|1324,1436,1989,2089
-|-|51,168,744,842|1325,1437,1990,2090
61,178,749,847|1338,1450,2003,2103|-|-
62,179,750,848|1339,1451,2004,2104|-|-
63,180,751,849|1340,1452,2005,2105|-|-
64,181,752,850|1341,1453,2006,2106|-|-
-|-|61,178,749,847|1338,1450,2003,2103
-|-|62,179,750,848|1339,1451,2004,2104
-|-|63,180,751,849|1340,1452,2005,2105
-|-|64,181,752,850|1341,1453,2006,2106
1342,1454,2007,2107|61,178,749,847|-|-
1343,1455,2008,2108|62,179,750,848|-|-
1344,1456,2009,2109|63,180,751,849|-|-
1345,1457,2010,2110|64,181,752,850|-|-
-|-|1342,1454,2007,2107|61,178,749,847
-|-|1343,1455,2008,2108|62,179,750,848
-|-|1344,1456,2009,2109|63,180,751,849
-|-|1345,1457,2010,2110|64,181,752,850
1346,1458,2011,2111|65,182,753,851|-|-
1347,1459,2012,2112|66,183,754,852|-|-
1348,1460,2013,2113|67,184,755,853|-|-
1349,1461,2014,2114|68,185,756,854|-|-
-|-|69,186,757,855|1342,1454,2007,2107
-|-|70,187,758,856|1343,1455,2008,2108
-|-|71,188,759,857|1344,1456,2009,2109
-|-|72,189,760,858|1345,1457,2010,2110
73,190,761,859|1346,1458,2011,2111|-|-
74,191,762,860|1347,1459,2012,2112|-|-
75,192,763,861|1348,1460,2013,2113|-|-
76,193,764,862|1349,1461,2014,2114|-|-
1322,1434,1987,2087|40,157,733,831|-|-
1323,1435,1988,2088|41,158,734,832|-|-
1324,1436,1989,2089|42,159,735,833|-|-
1325,1437,1990,2090|43,160,736,834|-|-
-|-|1322,1434,1987,2087|40,157,733,831
-|-|1323,1435,1988,2088|41,158,734,832
-|-|1324,1436,1989,2089|42,159,735,833
-|-|1325,1437,1990,2090|43,160,736,834
1329,1441,1994,2094|47,164,740,838|-|-
48,165,741,839|1322,1434,1987,2087|-|-
49,166,742,840|1323,1435,1988,2088|-|-
50,167,743,841|1324,1436,1989,2089|-|-
51,168,744,842|1325,1437,1990,2090|-|-
-|-|48,165,741,839|1322,1434,1987,2087
-|-|49,166,742,840|1323,1435,1988,2088
-|-|50,167,743,841|1324,1436,1989,2089
-|-|51,168,744,842|1325,1437,1990,2090
55,172,748,846|1329,1441,1994,2094|-|-
78,195,765,863|1354,1466,2015,2115|-|-
79,196,766,864|1355,1467,2016,2116|-|-
80,197,767,865|1356,1468,2017,2117|-|-
81,198,768,866|1357,1469,2018,2118|-|-
-|-|78,195,765,863|1354,1466,2015,2115
-|-|79,196,766,864|1355,1467,2016,2116
-|-|80,197,767,865|1356,1468,2017,2117
-|-|81,198,768,866|1357,1469,2018,2118
1358,1470,2019,2119|78,195,765,863|-|-
1359,1471,2020,2120|79,196,766,864|-|-
1360,1472,2021,2121|80,197,767,865|-|-
1361,1473,2022,2122|81,198,768,866|-|-
-|-|1358,1470,2019,2119|78,195,765,863
-|-|1359,1471,2020,2120|79,196,766,864
-|-|1360,1472,2021,2121|80,197,767,865
-|-|1361,1473,2022,2122|81,198,768,866
1365,1477,2026,2126|85,202,772,870|-|-
-|-|86,203,773,871|1358,1470,2019,2119
-|-|87,204,774,872|1359,1471,2020,2120
-|-|88,205,775,873|1360,1472,2021,2121
-|-|89,206,776,874|1361,1473,2022,2122
99,216,781,879|1374,1486,2035,2135|-|-
100,217,782,880|1375,1487,2036,2136|-|-
101,218,783,881|1376,1488,2037,2137|-|-
102,219,784,882|1377,1489,2038,2138|-|-
-|-|99,216,781,879|1374,1486,2035,2135
-|-|100,217,782,880|1375,1487,2036,2136
-|-|101,218,783,881|1376,1488,2037,2137
-|-|102,219,784,882|1377,1489,2038,2138
106,223,788,886|1378,1490,2039,2139|-|-
1379,1491,2040,2140|99,216,781,879|-|-
1380,1492,2041,2141|100,217,782,880|-|-
1381,1493,2042,2142|101,218,783,881|-|-
1382,1494,2043,2143|102,219,784,882|-|-
-|-|1379,1491,2040,2140|99,216,781,879
-|-|1380,1492,2041,2141|100,217,782,880
-|-|1381,1493,2042,2142|101,218,783,881
-|-|1382,1494,2043,2143|102,219,784,882
1383,1495,2044,2144|103,220,785,883|-|-
1384,1496,2045,2145|104,221,786,884|-|-
1385,1497,2046,2146|105,222,787,885|-|-
1386,1498,2047,2147|106,223,788,886|-|-
-|-|107,224,789,887|1379,1491,2040,2140
-|-|108,225,790,888|1380,1492,2041,2141
-|-|109,226,791,889|1381,1493,2042,2142
-|-|110,227,792,890|1382,1494,2043,2143
111,228,793,891|1383,1495,2044,2144|-|-
112,229,794,892|1384,1496,2045,2145|-|-
113,230,795,893|1385,1497,2046,2146|-|-
114,231,796,894|1386,1498,2047,2147|-|-
1358,1470,2019,2119|78,195,765,863|-|-
1359,1471,2020,2120|79,196,766,864|-|-
1360,1472,2021,2121|80,197,767,865|-|-
1361,1473,2022,2122|81,198,768,866|-|-
-|-|1358,1470,2019,2119|78,195,765,863
-|-|1359,1471,2020,2120|79,196,766,864
-|-|1360,1472,2021,2121|80,197,767,865
-|-|1361,1473,2022,2122|81,198,768,866
86,203,773,871|1358,1470,2019,2119|-|-
87,204,774,872|1359,1471,2020,2120|-|-
88,205,775,873|1360,1472,2021,2121|-|-
89,206,776,874|1361,1473,2022,2122|-|-
-|-|86,203,773,871|1358,1470,2019,2119
-|-|87,204,774,872|1359,1471,2020,2120
-|-|88,205,775,873|1360,1472,2021,2121
-|-|89,206,776,874|1361,1473,2022,2122
92,209,779,877|1364,1476,2025,2125|-|-
93,210,780,878|1365,1477,2026,2126|-|-
-|-|234,896|1503,2148
-|-|235,897|1504,2149
-|-|236,898|1505,2150
-|-|237,899|1506,2151
238,900|1507,2152|-|-
239,901|1508,2153|-|-
240,902|1509,2154|-|-
241,903|1510,2155|-|-
-|-|241,903|1510,2155
-|-|1511,2156|234,896
-|-|1512,2157|235,897
-|-|1513,2158|236,898
-|-|1514,2159|237,899
1515,2160|238,900|-|-
1516,2161|239,901|-|-
1517,2162|240,902|-|-
1518,2163|241,903|-|-
-|-|1518,2163|241,903
248,909|1515,2160|-|-
249,910|1516,2161|-|-
250,911|1517,2162|-|-
251,912|1518,2163|-|-
-|-|256,913|1524,2164
-|-|257,914|1525,2165
-|-|258,915|1526,2166
-|-|259,916|1527,2167
260,917|1528,2168|-|-
261,918|1529,2169|-|-
262,919|1530,2170|-|-
263,920|1531,2171|-|-
-|-|262,919|1530,2170
-|-|263,920|1531,2171
-|-|1532,2172|256,913
-|-|1533,2173|257,914
-|-|1534,2174|258,915
-|-|1535,2175|259,916
1536,2176|260,917|-|-
1537,2177|261,918|-|-
1538,2178|262,919|-|-
1539,2179|263,920|-|-
-|-|1536,2176|260,917
-|-|1537,2177|261,918
-|-|1538,2178|262,919
-|-|1539,2179|263,920
268,923|1536,2176|-|-
269,924|1537,2177|-|-
270,925|1538,2178|-|-
271,926|1539,2179|-|-
-|-|268,923|1536,2176
-|-|269,924|1537,2177
-|-|270,925|1538,2178
-|-|271,926|1539,2179
-|-|1511,2156|234,896
-|-|1512,2157|235,897
-|-|1513,2158|236,898
-|-|1514,2159|237,899
1515,2160|238,900|-|-
1516,2161|239,901|-|-
1517,2162|240,902|-|-
1518,2163|241,903|-|-
-|-|1518,2163|241,903
-|-|244,905|1511,2156
-|-|245,906|1512,2157
-|-|246,907|1513,2158
-|-|247,908|1514,2159
248,909|1515,2160|-|-
249,910|1516,2161|-|-
250,911|1517,2162|-|-
251,912|1518,2163|-|-
-|-|250,911|1517,2162
-|-|251,912|1518,2163
-|-|276,929|1542,2180
-|-|277,930|1543,2181
-|-|278,931|1544,2182
-|-|279,932|1545,2183
280,933|1546,2184|-|-
281,934|1547,2185|-|-
282,935|1548,2186|-|-
283,936|1549,2187|-|-
-|-|1550,2188|276,929
-|-|1551,2189|277,930
-|-|1552,2190|278,931
-|-|1553,2191|279,932
1554,2192|280,933|-|-
1555,2193|281,934|-|-
1556,2194|282,935|-|-
1557,2195|283,936|-|-
-|-|1557,2195|283,936
288,941|1554,2192|-|-
289,942|1555,2193|-|-
290,943|1556,2194|-|-
291,944|1557,2195|-|-
-|-|296,946|1562,2196
-|-|297,947|1563,2197
-|-|298,948|1564,2198
-|-|299,949|1565,2199
300,950|1566,2200|-|-
301,951|1567,2201|-|-
302,952|1568,2202|-|-
303,953|1569,2203|-|-
-|-|1570,2204|296,946
-|-|1571,2205|297,947
-|-|1572,2206|298,948
-|-|1573,2207|299,949
1574,2208|300,950|-|-
1575,2209|301,951|-|-
1576,2210|302,952|-|-
1577,2211|303,953|-|-
-|-|1574,2208|300,950
-|-|1575,2209|301,951
-|-|1576,2210|302,952
-|-|1577,2211|303,953
308,954|1574,2208|-|-
309,955|1575,2209|-|-
310,956|1576,2210|-|-
311,957|1577,2211|-|-
-|-|308,954|1574,2208
-|-|309,955|1575,2209
-|-|310,956|1576,2210
-|-|311,957|1577,2211
-|-|1550,2188|276,929
-|-|1551,2189|277,930
-|-|1552,2190|278,931
-|-|1553,2191|279,932
1554,2192|280,933|-|-
1555,2193|281,934|-|-
1556,2194|282,935|-|-
1557,2195|283,936|-|-
-|-|1557,2195|283,936
-|-|284,937|1550,2188
-|-|285,938|1551,2189
-|-|286,939|1552,2190
-|-|287,940|1553,2191
288,941|1554,2192|-|-
289,942|1555,2193|-|-
290,943|1556,2194|-|-
291,944|1557,2195|-|-
-|-|291,944|1557,2195
-|-|316,959|1580,2212
-|-|317,960|1581,2213
-|-|318,961|1582,2214
-|-|319,962|1583,2215
320,963|1584,2216|-|-
321,964|1585,2217|-|-
322,965|1586,2218|-|-
323,966|1587,2219|-|-
-|-|1588,2220|316,959
-|-|1589,2221|317,960
-|-|1590,2222|318,961
-|-|1591,2223|319,962
1592,2224|320,963|-|-
1593,2225|321,964|-|-
1594,2226|322,965|-|-
1595,2227|323,966|-|-
-|-|1595,2227|323,966
329,972|1592,2224|-|-
330,973|1593,2225|-|-
331,974|1594,2226|-|-
332,975|1595,2227|-|-
-|-|337,976|1601,2228
-|-|338,977|1602,2229
-|-|339,978|1603,2230
-|-|340,979|1604,2231
341,980|1605,2232|-|-
342,981|1606,2233|-|-
343,982|1607,2234|-|-
344,983|1608,2235|-|-
-|-|344,983|1608,2235
-|-|1609,2236|337,976
-|-|1610,2237|338,977
-|-|1611,2238|339,978
-|-|1612,2239|340,979
1613,2240|341,980|-|-
1614,2241|342,981|-|-
1615,2242|343,982|-|-
1616,2243|344,983|-|-
-|-|1613,2240|341,980
-|-|1614,2241|342,981
-|-|1615,2242|343,982
-|-|1616,2243|344,983
349,986|1613,2240|-|-
350,987|1614,2241|-|-
351,988|1615,2242|-|-
352,989|1616,2243|-|-
-|-|349,986|1613,2240
-|-|350,987|1614,2241
-|-|351,988|1615,2242
-|-|352,989|1616,2243
-|-|1588,2220|316,959
-|-|1589,2221|317,960
-|-|1590,2222|318,961
-|-|1591,2223|319,962
1592,2224|320,963|-|-
1593,2225|321,964|-|-
1594,2226|322,965|-|-
1595,2227|323,966|-|-
-|-|325,968|1588,2220
-|-|326,969|1589,2221
-|-|327,970|1590,2222
-|-|328,971|1591,2223
329,972|1592,2224|-|-
330,973|1593,2225|-|-
331,974|1594,2226|-|-
332,975|1595,2227|-|-
-|-|331,974|1594,2226
-|-|332,975|1595,2227
1284,1396,1953,2053|0,117,700,798|-|-
1285,1397,1954,2054|1,118,701,799|-|-
1286,1398,1955,2055|2,119,702,800|-|-
1287,1399,1956,2056|3,120,703,801|-|-
-|-|1284,1396,1953,2053|0,117,700,798
-|-|1285,1397,1954,2054|1,118,701,799
-|-|1286,1398,1955,2055|2,119,702,800
-|-|1287,1399,1956,2056|3,120,703,801
1290,1402,1959,2059|6,123,706,804|-|-
1291,1403,1960,2060|7,124,707,805|-|-
8,125,708,806|1284,1396,1953,2053|-|-
9,126,709,807|1285,1397,1954,2054|-|-
10,127,710,808|1286,1398,1955,2055|-|-
11,128,711,809|1287,1399,1956,2056|-|-
-|-|8,125,708,806|1284,1396,1953,2053
-|-|9,126,709,807|1285,1397,1954,2054
-|-|10,127,710,808|1286,1398,1955,2055
-|-|11,128,711,809|1287,1399,1956,2056
12,129,712,810|1288,1400,1957,2057|-|-
13,130,713,811|1289,1401,1958,2058|-|-
14,131,714,812|1290,1402,1959,2059|-|-
15,132,715,813|1291,1403,1960,2060|-|-
-|-|1306,1418,1975,2075|21,138,716,814
-|-|1307,1419,1976,2076|22,139,717,815
-|-|1308,1420,1977,2077|23,140,718,816
-|-|1309,1421,1978,2078|24,141,719,817
1310,1422,1979,2079|25,142,720,818|-|-
1311,1423,1980,2080|26,143,721,819|-|-
1312,1424,1981,2081|27,144,722,820|-|-
1313,1425,1982,2082|28,145,723,821|-|-
-|-|1313,1425,1982,2082|28,145,723,821
-|-|30,147,724,822|1306,1418,1975,2075
-|-|31,148,725,823|1307,1419,1976,2076
-|-|32,149,726,824|1308,1420,1977,2077
-|-|33,150,727,825|1309,1421,1978,2078
34,151,728,826|1310,1422,1979,2079|-|-
35,152,729,827|1311,1423,1980,2080|-|-
36,153,730,828|1312,1424,1981,2081|-|-
37,154,731,829|1313,1425,1982,2082|-|-
8,125,708,806|1284,1396,1953,2053|-|-
9,126,709,807|1285,1397,1954,2054|-|-
10,127,710,808|1286,1398,1955,2055|-|-
11,128,711,809|1287,1399,1956,2056|-|-
-|-|8,125,708,806|1284,1396,1953,2053
-|-|9,126,709,807|1285,1397,1954,2054
-|-|10,127,710,808|1286,1398,1955,2055
-|-|11,128,711,809|1287,1399,1956,2056
12,129,712,810|1288,1400,1957,2057|-|-
13,130,713,811|1289,1401,1958,2058|-|-
14,131,714,812|1290,1402,1959,2059|-|-
15,132,715,813|1291,1403,1960,2060|-|-
-|-|1292,1404,1961,2061|8,125,708,806
-|-|1293,1405,1962,2062|9,126,709,807
-|-|1294,1406,1963,2063|10,127,710,808
-|-|1295,1407,1964,2064|11,128,711,809
1296,1408,1965,2065|12,129,712,810|-|-
1297,1409,1966,2066|13,130,713,811|-|-
1298,1410,1967,2067|14,131,714,812|-|-
1299,1411,1968,2068|15,132,715,813|-|-
1322,1434,1987,2087|40,157,733,831|-|-
1323,1435,1988,2088|41,158,734,832|-|-
1324,1436,1989,2089|42,159,735,833|-|-
1325,1437,1990,2090|43,160,736,834|-|-
-|-|1322,1434,1987,2087|40,157,733,831
-|-|1323,1435,1988,2088|41,158,734,832
-|-|1324,1436,1989,2089|42,159,735,833
-|-|1325,1437,1990,2090|43,160,736,834
48,165,741,839|1322,1434,1987,2087|-|-
49,166,742,840|1323,1435,1988,2088|-|-
50,167,743,841|1324,1436,1989,2089|-|-
51,168,744,842|1325,1437,1990,2090|-|-
-|-|48,165,741,839|1322,1434,1987,2087
-|-|49,166,742,840|1323,1435,1988,2088
-|-|50,167,743,841|1324,1436,1989,2089
-|-|51,168,744,842|1325,1437,1990,2090
52,169,745,843|1326,1438,1991,2091|-|-
53,170,746,844|1327,1439,1992,2092|-|-
54,171,747,845|1328,1440,1993,2093|-|-
55,172,748,846|1329,1441,1994,2094|-|-
-|-|1342,1454,2007,2107|61,178,749,847
-|-|1343,1455,2008,2108|62,179,750,848
-|-|1344,1456,2009,2109|63,180,751,849
-|-|1345,1457,2010,2110|64,181,752,850
1346,1458,2011,2111|65,182,753,851|-|-
1347,1459,2012,2112|66,183,754,852|-|-
1348,1460,2013,2113|67,184,755,853|-|-
1349,1461,2014,2114|68,185,756,854|-|-
-|-|69,186,757,855|1342,1454,2007,2107
-|-|70,187,758,856|1343,1455,2008,2108
-|-|71,188,759,857|1344,1456,2009,2109
-|-|72,189,760,858|1345,1457,2010,2110
73,190,761,859|1346,1458,2011,2111|-|-
74,191,762,860|1347,1459,2012,2112|-|-
75,192,763,861|1348,1460,2013,2113|-|-
76,193,764,862|1349,1461,2014,2114|-|-
48,165,741,839|1322,1434,1987,2087|-|-
49,166,742,840|1323,1435,1988,2088|-|-
50,167,743,841|1324,1436,1989,2089|-|-
51,168,744,842|1325,1437,1990,2090|-|-
-|-|48,165,741,839|1322,1434,1987,2087
-|-|49,166,742,840|1323,1435,1988,2088
-|-|50,167,743,841|1324,1436,1989,2089
-|-|51,168,744,842|1325,1437,1990,2090
52,169,745,843|1326,1438,1991,2091|-|-
53,170,746,844|1327,1439,1992,2092|-|-
54,171,747,845|1328,1440,1993,2093|-|-
55,172,748,846|1329,1441,1994,2094|-|-
-|-|1330,1442,1995,2095|48,165,741,839
-|-|1331,1443,1996,2096|49,166,742,840
-|-|1332,1444,1997,2097|50,167,743,841
-|-|1333,1445,1998,2098|51,168,744,842
1334,1446,1999,2099|52,169,745,843|-|-
1335,1447,2000,2100|53,170,746,844|-|-
1336,1448,2001,2101|54,171,747,845|-|-
1337,1449,2002,2102|55,172,748,846|-|-
1358,1470,2019,2119|78,195,765,863|-|-
1359,1471,2020,2120|79,196,766,864|-|-
1360,1472,2021,2121|80,197,767,865|-|-
1361,1473,2022,2122|81,198,768,866|-|-
-|-|1358,1470,2019,2119|78,195,765,863
-|-|1359,1471,2020,2120|79,196,766,864
-|-|1360,1472,2021,2121|80,197,767,865
-|-|1361,1473,2022,2122|81,198,768,866
1365,1477,2026,2126|85,202,772,870|-|-
86,203,773,871|1358,1470,2019,2119|-|-
87,204,774,872|1359,1471,2020,2120|-|-
88,205,775,873|1360,1472,2021,2121|-|-
89,206,776,874|1361,1473,2022,2122|-|-
-|-|86,203,773,871|1358,1470,2019,2119
-|-|87,204,774,872|1359,1471,2020,2120
-|-|88,205,775,873|1360,1472,2021,2121
-|-|89,206,776,874|1361,1473,2022,2122
90,207,777,875|1362,1474,2023,2123|-|-
91,208,778,876|1363,1475,2024,2124|-|-
92,209,779,877|1364,1476,2025,2125|-|-
93,210,780,878|1365,1477,2026,2126|-|-
-|-|1379,1491,2040,2140|99,216,781,879
-|-|1380,1492,2041,2141|100,217,782,880
-|-|1381,1493,2042,2142|101,218,783,881
-|-|1382,1494,2043,2143|102,219,784,882
1383,1495,2044,2144|103,220,785,883|-|-
1384,1496,2045,2145|104,221,786,884|-|-
1385,1497,2046,2146|105,222,787,885|-|-
1386,1498,2047,2147|106,223,788,886|-|-
-|-|107,224,789,887|1379,1491,2040,2140
-|-|108,225,790,888|1380,1492,2041,2141
-|-|109,226,791,889|1381,1493,2042,2142
-|-|110,227,792,890|1382,1494,2043,2143
111,228,793,891|1383,1495,2044,2144|-|-
112,229,794,892|1384,1496,2045,2145|-|-
113,230,795,893|1385,1497,2046,2146|-|-
114,231,796,894|1386,1498,2047,2147|-|-
-|-|114,231,796,894|1386,1498,2047,2147
86,203,773,871|1358,1470,2019,2119|-|-
87,204,774,872|1359,1471,2020,2120|-|-
88,205,775,873|1360,1472,2021,2121|-|-
89,206,776,874|1361,1473,2022,2122|-|-
-|-|86,203,773,871|1358,1470,2019,2119
-|-|87,204,774,872|1359,1471,2020,2120
-|-|88,205,775,873|1360,1472,2021,2121
-|-|89,206,776,874|1361,1473,2022,2122
90,207,777,875|1362,1474,2023,2123|-|-
91,208,778,876|1363,1475,2024,2124|-|-
92,209,779,877|1364,1476,2025,2125|-|-
93,210,780,878|1365,1477,2026,2126|-|-
-|-|1366,1478,2027,2127|86,203,773,871
-|-|1367,1479,2028,2128|87,204,774,872
-|-|1368,1480,2029,2129|88,205,775,873
-|-|1369,1481,2030,2130|89,206,776,874
1370,1482,2031,2131|90,207,777,875|-|-
1371,1483,2032,2132|91,208,778,876|-|-
1372,1484,2033,2133|92,209,779,877|-|-
1373,1485,2034,2134|93,210,780,878|-|-
357,468,992,1088|1619,1728,2244,2341|-|-
358,469,993,1089|1620,1729,2245,2342|-|-
359,470,994,1090|1621,1730,2246,2343|-|-
360,471,995,1091|1622,1731,2247,2344|-|-
-|-|357,468,992,1088|1619,1728,2244,2341
-|-|358,469,993,1089|1620,1729,2245,2342
-|-|359,470,994,1090|1621,1730,2246,2343
-|-|360,471,995,1091|1622,1731,2247,2344
1623,1732,2248,2345|357,468,992,1088|-|-
1624,1733,2249,2346|358,469,993,1089|-|-
1625,1734,2250,2347|359,470,994,1090|-|-
1626,1735,2251,2348|360,471,995,1091|-|-
-|-|1623,1732,2248,2345|357,468,992,1088
-|-|1624,1733,2249,2346|358,469,993,1089
-|-|1625,1734,2250,2347|359,470,994,1090
-|-|1626,1735,2251,2348|360,471,995,1091
1630,1739,2255,2352|364,475,999,1095|-|-
-|-|365,476,1000,1096|1623,1732,2248,2345
-|-|366,477,1001,1097|1624,1733,2249,2346
-|-|367,478,1002,1098|1625,1734,2250,2347
-|-|368,479,1003,1099|1626,1735,2251,2348
377,488,1008,1104|1639,1748,2264,2361|-|-
378,489,1009,1105|1640,1749,2265,2362|-|-
379,490,1010,1106|1641,1750,2266,2363|-|-
380,491,1011,1107|1642,1751,2267,2364|-|-
-|-|377,488,1008,1104|1639,1748,2264,2361
-|-|378,489,1009,1105|1640,1749,2265,2362
-|-|379,490,1010,1106|1641,1750,2266,2363
-|-|380,491,1011,1107|1642,1751,2267,2364
384,495,1015,1111|1643,1752,2268,2365|-|-
1644,1753,2269,2366|377,488,1008,1104|-|-
1645,1754,2270,2367|378,489,1009,1105|-|-
1646,1755,2271,2368|379,490,1010,1106|-|-
1647,1756,2272,2369|380,491,1011,1107|-|-
-|-|1644,1753,2269,2366|377,488,1008,1104
-|-|1645,1754,2270,2367|378,489,1009,1105
-|-|1646,1755,2271,2368|379,490,1010,1106
-|-|1647,1756,2272,2369|380,491,1011,1107
1648,1757,2273,2370|381,492,1012,1108|-|-
1649,1758,2274,2371|382,493,1013,1109|-|-
1650,1759,2275,2372|383,494,1014,1110|-|-
1651,1760,2276,2373|384,495,1015,1111|-|-
-|-|385,496,1016,1112|1644,1753,2269,2366
-|-|386,497,1017,1113|1645,1754,2270,2367
-|-|387,498,1018,1114|1646,1755,2271,2368
-|-|388,499,1019,1115|1647,1756,2272,2369
389,500,1020,1116|1648,1757,2273,2370|-|-
390,501,1021,1117|1649,1758,2274,2371|-|-
391,502,1022,1118|1650,1759,2275,2372|-|-
392,503,1023,1119|1651,1760,2276,2373|-|-
1623,1732,2248,2345|357,468,992,1088|-|-
1624,1733,2249,2346|358,469,993,1089|-|-
1625,1734,2250,2347|359,470,994,1090|-|-
1626,1735,2251,2348|360,471,995,1091|-|-
-|-|1623,1732,2248,2345|357,468,992,1088
-|-|1624,1733,2249,2346|358,469,993,1089
-|-|1625,1734,2250,2347|359,470,994,1090
-|-|1626,1735,2251,2348|360,471,995,1091
365,476,1000,1096|1623,1732,2248,2345|-|-
366,477,1001,1097|1624,1733,2249,2346|-|-
367,478,1002,1098|1625,1734,2250,2347|-|-
368,479,1003,1099|1626,1735,2251,2348|-|-
-|-|365,476,1000,1096|1623,1732,2248,2345
-|-|366,477,1001,1097|1624,1733,2249,2346
-|-|367,478,1002,1098|1625,1734,2250,2347
-|-|368,479,1003,1099|1626,1735,2251,2348
372,483,1007,1103|1630,1739,2255,2352|-|-
394,505,1024,1120|1656,1765,2277,2374|-|-
395,506,1025,1121|1657,1766,2278,2375|-|-
396,507,1026,1122|1658,1767,2279,2376|-|-
397,508,1027,1123|1659,1768,2280,2377|-|-
-|-|394,505,1024,1120|1656,1765,2277,2374
-|-|395,506,1025,1121|1657,1766,2278,2375
-|-|396,507,1026,1122|1658,1767,2279,2376
-|-|397,508,1027,1123|1659,1768,2280,2377
1660,1769,2281,2378|394,505,1024,1120|-|-
1661,1770,2282,2379|395,506,1025,1121|-|-
1662,1771,2283,2380|396,507,1026,1122|-|-
1663,1772,2284,2381|397,508,1027,1123|-|-
-|-|1660,1769,2281,2378|394,505,1024,1120
-|-|1661,1770,2282,2379|395,506,1025,1121
-|-|1662,1771,2283,2380|396,507,1026,1122
-|-|1663,1772,2284,2381|397,508,1027,1123
-|-|402,513,1032,1128|1660,1769,2281,2378
-|-|403,514,1033,1129|1661,1770,2282,2379
-|-|404,515,1034,1130|1662,1771,2283,2380
-|-|405,516,1035,1131|1663,1772,2284,2381
414,525,1040,1136|1676,1785,2297,2394|-|-
415,526,1041,1137|1677,1786,2298,2395|-|-
416,527,1042,1138|1678,1787,2299,2396|-|-
417,528,1043,1139|1679,1788,2300,2397|-|-
-|-|414,525,1040,1136|1676,1785,2297,2394
-|-|415,526,1041,1137|1677,1786,2298,2395
-|-|416,527,1042,1138|1678,1787,2299,2396
-|-|417,528,1043,1139|1679,1788,2300,2397
1680,1789,2301,2398|414,525,1040,1136|-|-
1681,1790,2302,2399|415,526,1041,1137|-|-
1682,1791,2303,2400|416,527,1042,1138|-|-
1683,1792,2304,2401|417,528,1043,1139|-|-
-|-|1680,1789,2301,2398|414,525,1040,1136
-|-|1681,1790,2302,2399|415,526,1041,1137
-|-|1682,1791,2303,2400|416,527,1042,1138
-|-|1683,1792,2304,2401|417,528,1043,1139
1684,1793,2305,2402|418,529,1044,1140|-|-
1685,1794,2306,2403|419,530,1045,1141|-|-
1686,1795,2307,2404|420,531,1046,1142|-|-
1687,1796,2308,2405|421,532,1047,1143|-|-
-|-|422,533,1048,1144|1680,1789,2301,2398
-|-|423,534,1049,1145|1681,1790,2302,2399
-|-|424,535,1050,1146|1682,1791,2303,2400
-|-|425,536,1051,1147|1683,1792,2304,2401
426,537,1052,1148|1684,1793,2305,2402|-|-
427,538,1053,1149|1685,1794,2306,2403|-|-
428,539,1054,1150|1686,1795,2307,2404|-|-
429,540,1055,1151|1687,1796,2308,2405|-|-
1660,1769,2281,2378|394,505,1024,1120|-|-
1661,1770,2282,2379|395,506,1025,1121|-|-
1662,1771,2283,2380|396,507,1026,1122|-|-
1663,1772,2284,2381|397,508,1027,1123|-|-
-|-|1660,1769,2281,2378|394,505,1024,1120
-|-|1661,1770,2282,2379|395,506,1025,1121
-|-|1662,1771,2283,2380|396,507,1026,1122
-|-|1663,1772,2284,2381|397,508,1027,1123
402,513,1032,1128|1660,1769,2281,2378|-|-
403,514,1033,1129|1661,1770,2282,2379|-|-
404,515,1034,1130|1662,1771,2283,2380|-|-
405,516,1035,1131|1663,1772,2284,2381|-|-
-|-|402,513,1032,1128|1660,1769,2281,2378
-|-|403,514,1033,1129|1661,1770,2282,2379
-|-|404,515,1034,1130|1662,1771,2283,2380
-|-|405,516,1035,1131|1663,1772,2284,2381
409,520,1039,1135|1667,1776,2288,2385|-|-
431,542,1056,1152|1692,1801,2309,2406|-|-
432,543,1057,1153|1693,1802,2310,2407|-|-
433,544,1058,1154|1694,1803,2311,2408|-|-
434,545,1059,1155|1695,1804,2312,2409|-|-
-|-|431,542,1056,1152|1692,1801,2309,2406
-|-|432,543,1057,1153|1693,1802,2310,2407
-|-|433,544,1058,1154|1694,1803,2311,2408
-|-|434,545,1059,1155|1695,1804,2312,2409
1696,1805,2313,2410|431,542,1056,1152|-|-
1697,1806,2314,2411|432,543,1057,1153|-|-
1698,1807,2315,2412|433,544,1058,1154|-|-
1699,1808,2316,2413|434,545,1059,1155|-|-
-|-|1696,1805,2313,2410|431,542,1056,1152
-|-|1697,1806,2314,2411|432,543,1057,1153
-|-|1698,1807,2315,2412|433,544,1058,1154
-|-|1699,1808,2316,2413|434,545,1059,1155
1703,1812,2320,2417|438,549,1063,1159|-|-
-|-|439,550,1064,1160|1696,1805,2313,2410
-|-|440,551,1065,1161|1697,1806,2314,2411
-|-|441,552,1066,1162|1698,1807,2315,2412
-|-|442,553,1067,1163|1699,1808,2316,2413
451,562,1072,1168|1712,1821,2329,2426|-|-
452,563,1073,1169|1713,1822,2330,2427|-|-
453,564,1074,1170|1714,1823,2331,2428|-|-
454,565,1075,1171|1715,1824,2332,2429|-|-
-|-|451,562,1072,1168|1712,1821,2329,2426
-|-|452,563,1073,1169|1713,1822,2330,2427
-|-|453,564,1074,1170|1714,1823,2331,2428
-|-|454,565,1075,1171|1715,1824,2332,2429
1716,1825,2333,2430|451,562,1072,1168|-|-
1717,1826,2334,2431|452,563,1073,1169|-|-
1718,1827,2335,2432|453,564,1074,1170|-|-
1719,1828,2336,2433|454,565,1075,1171|-|-
-|-|1716,1825,2333,2430|451,562,1072,1168
-|-|1717,1826,2334,2431|452,563,1073,1169
-|-|1718,1827,2335,2432|453,564,1074,1170
-|-|1719,1828,2336,2433|454,565,1075,1171
1720,1829,2337,2434|455,566,1076,1172|-|-
1721,1830,2338,2435|456,567,1077,1173|-|-
1722,1831,2339,2436|457,568,1078,1174|-|-
1723,1832,2340,2437|458,569,1079,1175|-|-
-|-|459,570,1080,1176|1716,1825,2333,2430
-|-|460,571,1081,1177|1717,1826,2334,2431
-|-|461,572,1082,1178|1718,1827,2335,2432
-|-|462,573,1083,1179|1719,1828,2336,2433
463,574,1084,1180|1720,1829,2337,2434|-|-
464,575,1085,1181|1721,1830,2338,2435|-|-
465,576,1086,1182|1722,1831,2339,2436|-|-
466,577,1087,1183|1723,1832,2340,2437|-|-
1696,1805,2313,2410|431,542,1056,1152|-|-
1697,1806,2314,2411|432,543,1057,1153|-|-
1698,1807,2315,2412|433,544,1058,1154|-|-
1699,1808,2316,2413|434,545,1059,1155|-|-
-|-|1696,1805,2313,2410|431,542,1056,1152
-|-|1697,1806,2314,2411|432,543,1057,1153
-|-|1698,1807,2315,2412|433,544,1058,1154
-|-|1699,1808,2316,2413|434,545,1059,1155
439,550,1064,1160|1696,1805,2313,2410|-|-
440,551,1065,1161|1697,1806,2314,2411|-|-
441,552,1066,1162|1698,1807,2315,2412|-|-
442,553,1067,1163|1699,1808,2316,2413|-|-
-|-|439,550,1064,1160|1696,1805,2313,2410
-|-|440,551,1065,1161|1697,1806,2314,2411
-|-|441,552,1066,1162|1698,1807,2315,2412
-|-|442,553,1067,1163|1699,1808,2316,2413
446,557,1071,1167|1703,1812,2320,2417|-|-
-|-|579,1184|1837,2438
-|-|580,1185|1838,2439
-|-|581,1186|1839,2440
-|-|582,1187|1840,2441
583,1188|1841,2442|-|-
584,1189|1842,2443|-|-
585,1190|1843,2444|-|-
586,1191|1844,2445|-|-
-|-|1845,2446|579,1184
-|-|1846,2447|580,1185
-|-|1847,2448|581,1186
-|-|1848,2449|582,1187
1849,2450|583,1188|-|-
1850,2451|584,1189|-|-
1851,2452|585,1190|-|-
1852,2453|586,1191|-|-
-|-|1852,2453|586,1191
592,1197|1849,2450|-|-
593,1198|1850,2451|-|-
594,1199|1851,2452|-|-
595,1200|1852,2453|-|-
-|-|600,1201|1857,2454
-|-|601,1202|1858,2455
-|-|602,1203|1859,2456
-|-|603,1204|1860,2457
604,1205|1861,2458|-|-
605,1206|1862,2459|-|-
606,1207|1863,2460|-|-
607,1208|1864,2461|-|-
-|-|607,1208|1864,2461
-|-|1865,2462|600,1201
-|-|1866,2463|601,1202
-|-|1867,2464|602,1203
-|-|1868,2465|603,1204
1869,2466|604,1205|-|-
1870,2467|605,1206|-|-
1871,2468|606,1207|-|-
1872,2469|607,1208|-|-
-|-|1869,2466|604,1205
-|-|1870,2467|605,1206
-|-|1871,2468|606,1207
-|-|1872,2469|607,1208
612,1211|1869,2466|-|-
613,1212|1870,2467|-|-
614,1213|1871,2468|-|-
615,1214|1872,2469|-|-
-|-|612,1211|1869,2466
-|-|613,1212|1870,2467
-|-|614,1213|1871,2468
-|-|615,1214|1872,2469
-|-|1845,2446|579,1184
-|-|1846,2447|580,1185
-|-|1847,2448|581,1186
-|-|1848,2449|582,1187
1849,2450|583,1188|-|-
1850,2451|584,1189|-|-
1851,2452|585,1190|-|-
1852,2453|586,1191|-|-
-|-|588,1193|1845,2446
-|-|589,1194|1846,2447
-|-|590,1195|1847,2448
-|-|591,1196|1848,2449
592,1197|1849,2450|-|-
593,1198|1850,2451|-|-
594,1199|1851,2452|-|-
595,1200|1852,2453|-|-
-|-|595,1200|1852,2453
-|-|620,1217|1874,2470
-|-|621,1218|1875,2471
-|-|622,1219|1876,2472
-|-|623,1220|1877,2473
624,1221|1878,2474|-|-
625,1222|1879,2475|-|-
626,1223|1880,2476|-|-
627,1224|1881,2477|-|-
-|-|1882,2478|620,1217
-|-|1883,2479|621,1218
-|-|1884,2480|622,1219
-|-|1885,2481|623,1220
1886,2482|624,1221|-|-
1887,2483|625,1222|-|-
1888,2484|626,1223|-|-
1889,2485|627,1224|-|-
632,1229|1886,2482|-|-
633,1230|1887,2483|-|-
634,1231|1888,2484|-|-
635,1232|1889,2485|-|-
-|-|640,1234|1894,2486
-|-|641,1235|1895,2487
-|-|642,1236|1896,2488
-|-|643,1237|1897,2489
644,1238|1898,2490|-|-
645,1239|1899,2491|-|-
646,1240|1900,2492|-|-
647,1241|1901,2493|-|-
-|-|1902,2494|640,1234
-|-|1903,2495|641,1235
-|-|1904,2496|642,1236
-|-|1905,2497|643,1237
1906,2498|644,1238|-|-
1907,2499|645,1239|-|-
1908,2500|646,1240|-|-
1909,2501|647,1241|-|-
-|-|1906,2498|644,1238
-|-|1907,2499|645,1239
-|-|1908,2500|646,1240
-|-|1909,2501|647,1241
652,1242|1906,2498|-|-
653,1243|1907,2499|-|-
654,1244|1908,2500|-|-
655,1245|1909,2501|-|-
-|-|652,1242|1906,2498
-|-|653,1243|1907,2499
-|-|654,1244|1908,2500
-|-|655,1245|1909,2501
-|-|1882,2478|620,1217
-|-|1883,2479|621,1218
-|-|1884,2480|622,1219
-|-|1885,2481|623,1220
1886,2482|624,1221|-|-
1887,2483|625,1222|-|-
1888,2484|626,1223|-|-
1889,2485|627,1224|-|-
-|-|628,1225|1882,2478
-|-|629,1226|1883,2479
-|-|630,1227|1884,2480
-|-|631,1228|1885,2481
632,1229|1886,2482|-|-
633,1230|1887,2483|-|-
634,1231|1888,2484|-|-
635,1232|1889,2485|-|-
-|-|635,1232|1889,2485
-|-|660,1247|1911,2502
-|-|661,1248|1912,2503
-|-|662,1249|1913,2504
-|-|663,1250|1914,2505
664,1251|1915,2506|-|-
665,1252|1916,2507|-|-
666,1253|1917,2508|-|-
667,1254|1918,2509|-|-
-|-|1919,2510|660,1247
-|-|1920,2511|661,1248
-|-|1921,2512|662,1249
-|-|1922,2513|663,1250
1923,2514|664,1251|-|-
1924,2515|665,1252|-|-
1925,2516|666,1253|-|-
1926,2517|667,1254|-|-
-|-|1926,2517|667,1254
672,1259|1923,2514|-|-
673,1260|1924,2515|-|-
674,1261|1925,2516|-|-
675,1262|1926,2517|-|-
-|-|680,1264|1931,2518
-|-|681,1265|1932,2519
-|-|682,1266|1933,2520
-|-|683,1267|1934,2521
684,1268|1935,2522|-|-
685,1269|1936,2523|-|-
686,1270|1937,2524|-|-
687,1271|1938,2525|-|-
-|-|1939,2526|680,1264
-|-|1940,2527|681,1265
-|-|1941,2528|682,1266
-|-|1942,2529|683,1267
1943,2530|684,1268|-|-
1944,2531|685,1269|-|-
1945,2532|686,1270|-|-
1946,2533|687,1271|-|-
-|-|1943,2530|684,1268
-|-|1944,2531|685,1269
-|-|1945,2532|686,1270
-|-|1946,2533|687,1271
692,1273|1943,2530|-|-
693,1274|1944,2531|-|-
694,1275|1945,2532|-|-
695,1276|1946,2533|-|-
-|-|692,1273|1943,2530
-|-|693,1274|1944,2531
-|-|694,1275|1945,2532
-|-|695,1276|1946,2533
-|-|1919,2510|660,1247
-|-|1920,2511|661,1248
-|-|1921,2512|662,1249
-|-|1922,2513|663,1250
1923,2514|664,1251|-|-
1924,2515|665,1252|-|-
1925,2516|666,1253|-|-
1926,2517|667,1254|-|-
-|-|668,1255|1919,2510
-|-|669,1256|1920,2511
-|-|670,1257|1921,2512
-|-|671,1258|1922,2513
672,1259|1923,2514|-|-
673,1260|1924,2515|-|-
674,1261|1925,2516|-|-
675,1262|1926,2517|-|-
-|-|675,1262|1926,2517
1623,1732,2248,2345|357,468,992,1088|-|-
1624,1733,2249,2346|358,469,993,1089|-|-
1625,1734,2250,2347|359,470,994,1090|-|-
1626,1735,2251,2348|360,471,995,1091|-|-
-|-|1623,1732,2248,2345|357,468,992,1088
-|-|1624,1733,2249,2346|358,469,993,1089
-|-|1625,1734,2250,2347|359,470,994,1090
-|-|1626,1735,2251,2348|360,471,995,1091
1630,1739,2255,2352|364,475,999,1095|-|-
365,476,1000,1096|1623,1732,2248,2345|-|-
366,477,1001,1097|1624,1733,2249,2346|-|-
367,478,1002,1098|1625,1734,2250,2347|-|-
368,479,1003,1099|1626,1735,2251,2348|-|-
-|-|365,476,1000,1096|1623,1732,2248,2345
-|-|366,477,1001,1097|1624,1733,2249,2346
-|-|367,478,1002,1098|1625,1734,2250,2347
-|-|368,479,1003,1099|1626,1735,2251,2348
369,480,1004,1100|1627,1736,2252,2349|-|-
370,481,1005,1101|1628,1737,2253,2350|-|-
371,482,1006,1102|1629,1738,2254,2351|-|-
372,483,1007,1103|1630,1739,2255,2352|-|-
-|-|1644,1753,2269,2366|377,488,1008,1104
-|-|1645,1754,2270,2367|378,489,1009,1105
-|-|1646,1755,2271,2368|379,490,1010,1106
-|-|1647,1756,2272,2369|380,491,1011,1107
1648,1757,2273,2370|381,492,1012,1108|-|-
1649,1758,2274,2371|382,493,1013,1109|-|-
1650,1759,2275,2372|383,494,1014,1110|-|-
1651,1760,2276,2373|384,495,1015,1111|-|-
-|-|385,496,1016,1112|1644,1753,2269,2366
-|-|386,497,1017,1113|1645,1754,2270,2367
-|-|387,498,1018,1114|1646,1755,2271,2368
-|-|388,499,1019,1115|1647,1756,2272,2369
389,500,1020,1116|1648,1757,2273,2370|-|-
390,501,1021,1117|1649,1758,2274,2371|-|-
391,502,1022,1118|1650,1759,2275,2372|-|-
392,503,1023,1119|1651,1760,2276,2373|-|-
365,476,1000,1096|1623,1732,2248,2345|-|-
366,477,1001,1097|1624,1733,2249,2346|-|-
367,478,1002,1098|1625,1734,2250,2347|-|-
368,479,1003,1099|1626,1735,2251,2348|-|-
-|-|365,476,1000,1096|1623,1732,2248,2345
-|-|366,477,1001,1097|1624,1733,2249,2346
-|-|367,478,1002,1098|1625,1734,2250,2347
-|-|368,479,1003,1099|1626,1735,2251,2348
369,480,1004,1100|1627,1736,2252,2349|-|-
370,481,1005,1101|1628,1737,2253,2350|-|-
371,482,1006,1102|1629,1738,2254,2351|-|-
372,483,1007,1103|1630,1739,2255,2352|-|-
-|-|1631,1740,2256,2353|365,476,1000,1096
-|-|1632,1741,2257,2354|366,477,1001,1097
-|-|1633,1742,2258,2355|367,478,1002,1098
-|-|1634,1743,2259,2356|368,479,1003,1099
1635,1744,2260,2357|369,480,1004,1100|-|-
1636,1745,2261,2358|370,481,1005,1101|-|-
1637,1746,2262,2359|371,482,1006,1102|-|-
1638,1747,2263,2360|372,483,1007,1103|-|-
1660,1769,2281,2378|394,505,1024,1120|-|-
1661,1770,2282,2379|395,506,1025,1121|-|-
1662,1771,2283,2380|396,507,1026,1122|-|-
1663,1772,2284,2381|397,508,1027,1123|-|-
-|-|1660,1769,2281,2378|394,505,1024,1120
-|-|1661,1770,2282,2379|395,506,1025,1121
-|-|1662,1771,2283,2380|396,507,1026,1122
-|-|1663,1772,2284,2381|397,508,1027,1123
402,513,1032,1128|1660,1769,2281,2378|-|-
403,514,1033,1129|1661,1770,2282,2379|-|-
404,515,1034,1130|1662,1771,2283,2380|-|-
405,516,1035,1131|1663,1772,2284,2381|-|-
-|-|402,513,1032,1128|1660,1769,2281,2378
-|-|403,514,1033,1129|1661,1770,2282,2379
-|-|404,515,1034,1130|1662,1771,2283,2380
-|-|405,516,1035,1131|1663,1772,2284,2381
406,517,1036,1132|1664,1773,2285,2382|-|-
407,518,1037,1133|1665,1774,2286,2383|-|-
408,519,1038,1134|1666,1775,2287,2384|-|-
409,520,1039,1135|1667,1776,2288,2385|-|-
-|-|1680,1789,2301,2398|414,525,1040,1136
-|-|1681,1790,2302,2399|415,526,1041,1137
-|-|1682,1791,2303,2400|416,527,1042,1138
-|-|1683,1792,2304,2401|417,528,1043,1139
1684,1793,2305,2402|418,529,1044,1140|-|-
1685,1794,2306,2403|419,530,1045,1141|-|-
1686,1795,2307,2404|420,531,1046,1142|-|-
1687,1796,2308,2405|421,532,1047,1143|-|-
-|-|422,533,1048,1144|1680,1789,2301,2398
-|-|423,534,1049,1145|1681,1790,2302,2399
-|-|424,535,1050,1146|1682,1791,2303,2400
-|-|425,536,1051,1147|1683,1792,2304,2401
426,537,1052,1148|1684,1793,2305,2402|-|-
427,538,1053,1149|1685,1794,2306,2403|-|-
428,539,1054,1150|1686,1795,2307,2404|-|-
429,540,1055,1151|1687,1796,2308,2405|-|-
402,513,1032,1128|1660,1769,2281,2378|-|-
403,514,1033,1129|1661,1770,2282,2379|-|-
404,515,1034,1130|1662,1771,2283,2380|-|-
405,516,1035,1131|1663,1772,2284,2381|-|-
-|-|402,513,1032,1128|1660,1769,2281,2378
-|-|403,514,1033,1129|1661,1770,2282,2379
-|-|404,515,1034,1130|1662,1771,2283,2380
-|-|405,516,1035,1131|1663,1772,2284,2381
406,517,1036,1132|1664,1773,2285,2382|-|-
407,518,1037,1133|1665,1774,2286,2383|-|-
408,519,1038,1134|1666,1775,2287,2384|-|-
409,520,1039,1135|1667,1776,2288,2385|-|-
-|-|1668,1777,2289,2386|402,513,1032,1128
-|-|1669,1778,2290,2387|403,514,1033,1129
-|-|1670,1779,2291,2388|404,515,1034,1130
-|-|1671,1780,2292,2389|405,516,1035,1131
1672,1781,2293,2390|406,517,1036,1132|-|-
1673,1782,2294,2391|407,518,1037,1133|-|-
1674,1783,2295,2392|408,519,1038,1134|-|-
1675,1784,2296,2393|409,520,1039,1135|-|-
1696,1805,2313,2410|431,542,1056,1152|-|-
1697,1806,2314,2411|432,543,1057,1153|-|-
1698,1807,2315,2412|433,544,1058,1154|-|-
1699,1808,2316,2413|434,545,1059,1155|-|-
-|-|1696,1805,2313,2410|431,542,1056,1152
-|-|1697,1806,2314,2411|432,543,1057,1153
-|-|1698,1807,2315,2412|433,544,1058,1154
-|-|1699,1808,2316,2413|434,545,1059,1155
439,550,1064,1160|1696,1805,2313,2410|-|-
440,551,1065,1161|1697,1806,2314,2411|-|-
441,552,1066,1162|1698,1807,2315,2412|-|-
442,553,1067,1163|1699,1808,2316,2413|-|-
-|-|439,550,1064,1160|1696,1805,2313,2410
-|-|440,551,1065,1161|1697,1806,2314,2411
-|-|441,552,1066,1162|1698,1807,2315,2412
-|-|442,553,1067,1163|1699,1808,2316,2413
443,554,1068,1164|1700,1809,2317,2414|-|-
444,555,1069,1165|1701,1810,2318,2415|-|-
445,556,1070,1166|1702,1811,2319,2416|-|-
446,557,1071,1167|1703,1812,2320,2417|-|-
-|-|1716,1825,2333,2430|451,562,1072,1168
-|-|1717,1826,2334,2431|452,563,1073,1169
-|-|1718,1827,2335,2432|453,564,1074,1170
-|-|1719,1828,2336,2433|454,565,1075,1171
1720,1829,2337,2434|455,566,1076,1172|-|-
1721,1830,2338,2435|456,567,1077,1173|-|-
1722,1831,2339,2436|457,568,1078,1174|-|-
1723,1832,2340,2437|458,569,1079,1175|-|-
-|-|459,570,1080,1176|1716,1825,2333,2430
-|-|460,571,1081,1177|1717,1826,2334,2431
-|-|461,572,1082,1178|1718,1827,2335,2432
-|-|462,573,1083,1179|1719,1828,2336,2433
463,574,1084,1180|1720,1829,2337,2434|-|-
464,575,1085,1181|1721,1830,2338,2435|-|-
465,576,1086,1182|1722,1831,2339,2436|-|-
466,577,1087,1183|1723,1832,2340,2437|-|-
439,550,1064,1160|1696,1805,2313,2410|-|-
440,551,1065,1161|1697,1806,2314,2411|-|-
441,552,1066,1162|1698,1807,2315,2412|-|-
442,553,1067,1163|1699,1808,2316,2413|-|-
-|-|439,550,1064,1160|1696,1805,2313,2410
-|-|440,551,1065,1161|1697,1806,2314,2411
-|-|441,552,1066,1162|1698,1807,2315,2412
-|-|442,553,1067,1163|1699,1808,2316,2413
443,554,1068,1164|1700,1809,2317,2414|-|-
444,555,1069,1165|1701,1810,2318,2415|-|-
445,556,1070,1166|1702,1811,2319,2416|-|-
446,557,1071,1167|1703,1812,2320,2417|-|-
-|-|1704,1813,2321,2418|439,550,1064,1160
-|-|1705,1814,2322,2419|440,551,1065,1161
-|-|1706,1815,2323,2420|441,552,1066,1162
-|-|1707,1816,2324,2421|442,553,1067,1163
1708,1817,2325,2422|443,554,1068,1164|-|-
1709,1818,2326,2423|444,555,1069,1165|-|-
1710,1819,2327,2424|445,556,1070,1166|-|-
1711,1820,2328,2425|446,557,1071,1167|-|-
-|-|1284,1396|0,117
-|-|1285,1397|1,118
-|-|1286,1398|2,119
-|-|1287,1399|3,120
1288,1400|4,121|-|-
1289,1401|5,122|-|-
1290,1402|6,123|-|-
1291,1403|7,124|-|-
-|-|8,125|1284,1396
-|-|9,126|1285,1397
-|-|10,127|1286,1398
-|-|11,128|1287,1399
12,129|1288,1400|-|-
13,130|1289,1401|-|-
14,131|1290,1402|-|-
15,132|1291,1403|-|-
-|-|1306,1418|21,138
-|-|1307,1419|22,139
-|-|1308,1420|23,140
-|-|1309,1421|24,141
1310,1422|25,142|-|-
1311,1423|26,143|-|-
1312,1424|27,144|-|-
1313,1425|28,145|-|-
-|-|1313,1425|28,145
-|-|30,147|1306,1418
-|-|31,148|1307,1419
-|-|32,149|1308,1420
-|-|33,150|1309,1421
34,151|1310,1422|-|-
35,152|1311,1423|-|-
36,153|1312,1424|-|-
37,154|1313,1425|-|-
-|-|36,153|1312,1424
-|-|37,154|1313,1425
-|-|8,125|1284,1396
-|-|9,126|1285,1397
-|-|10,127|1286,1398
-|-|11,128|1287,1399
12,129|1288,1400|-|-
13,130|1289,1401|-|-
14,131|1290,1402|-|-
15,132|1291,1403|-|-
-|-|1292,1404|8,125
-|-|1293,1405|9,126
-|-|1294,1406|10,127
-|-|1295,1407|11,128
1296,1408|12,129|-|-
1297,1409|13,130|-|-
1298,1410|14,131|-|-
1299,1411|15,132|-|-
-|-|1299,1411|15,132
-|-|1322,1434|40,157
-|-|1323,1435|41,158
-|-|1324,1436|42,159
-|-|1325,1437|43,160
1326,1438|44,161|-|-
1327,1439|45,162|-|-
1328,1440|46,163|-|-
1329,1441|47,164|-|-
-|-|48,165|1322,1434
-|-|49,166|1323,1435
-|-|50,167|1324,1436
-|-|51,168|1325,1437
52,169|1326,1438|-|-
53,170|1327,1439|-|-
54,171|1328,1440|-|-
55,172|1329,1441|-|-
-|-|1342,1454|61,178
-|-|1343,1455|62,179
-|-|1344,1456|63,180
-|-|1345,1457|64,181
1346,1458|65,182|-|-
1347,1459|66,183|-|-
1348,1460|67,184|-|-
1349,1461|68,185|-|-
-|-|69,186|1342,1454
-|-|70,187|1343,1455
-|-|71,188|1344,1456
-|-|72,189|1345,1457
73,190|1346,1458|-|-
74,191|1347,1459|-|-
75,192|1348,1460|-|-
76,193|1349,1461|-|-
-|-|75,192|1348,1460
-|-|76,193|1349,1461
-|-|48,165|1322,1434
-|-|49,166|1323,1435
-|-|50,167|1324,1436
-|-|51,168|1325,1437
52,169|1326,1438|-|-
53,170|1327,1439|-|-
54,171|1328,1440|-|-
55,172|1329,1441|-|-
-|-|1330,1442|48,165
-|-|1331,1443|49,166
-|-|1332,1444|50,167
-|-|1333,1445|51,168
1334,1446|52,169|-|-
1335,1447|53,170|-|-
1336,1448|54,171|-|-
1337,1449|55,172|-|-
-|-|1358,1470|78,195
-|-|1359,1471|79,196
-|-|1360,1472|80,197
-|-|1361,1473|81,198
1362,1474|82,199|-|-
1363,1475|83,200|-|-
1364,1476|84,201|-|-
1365,1477|85,202|-|-
-|-|86,203|1358,1470
-|-|87,204|1359,1471
-|-|88,205|1360,1472
-|-|89,206|1361,1473
90,207|1362,1474|-|-
91,208|1363,1475|-|-
92,209|1364,1476|-|-
93,210|1365,1477|-|-
-|-|1379,1491|99,216
-|-|1380,1492|100,217
-|-|1381,1493|101,218
-|-|1382,1494|102,219
1383,1495|103,220|-|-
1384,1496|104,221|-|-
1385,1497|105,222|-|-
1386,1498|106,223|-|-
-|-|1386,1498|106,223
-|-|107,224|1379,1491
-|-|108,225|1380,1492
-|-|109,226|1381,1493
-|-|110,227|1382,1494
111,228|1383,1495|-|-
112,229|1384,1496|-|-
113,230|1385,1497|-|-
114,231|1386,1498|-|-
-|-|113,230|1385,1497
-|-|114,231|1386,1498
-|-|86,203|1358,1470
-|-|87,204|1359,1471
-|-|88,205|1360,1472
-|-|89,206|1361,1473
90,207|1362,1474|-|-
91,208|1363,1475|-|-
92,209|1364,1476|-|-
93,210|1365,1477|-|-
-|-|1366,1478|86,203
-|-|1367,1479|87,204
-|-|1368,1480|88,205
-|-|1369,1481|89,206
1370,1482|90,207|-|-
1371,1483|91,208|-|-
1372,1484|92,209|-|-
1373,1485|93,210|-|-
-|-|1373,1485|93,210
1515|238|-|-
1516|239|-|-
1517|240|-|-
1518|241|-|-
-|-|1515|238
-|-|1516|239
-|-|1517|240
-|-|1518|241
248|1515|-|-
249|1516|-|-
250|1517|-|-
251|1518|-|-
-|-|248|1515
-|-|249|1516
-|-|250|1517
-|-|251|1518
1536|260|-|-
1537|261|-|-
1538|262|-|-
1539|263|-|-
-|-|1536|260
-|-|1537|261
-|-|1538|262
-|-|1539|263
1541|267|-|-
268|1536|-|-
269|1537|-|-
270|1538|-|-
271|1539|-|-
-|-|268|1536
-|-|269|1537
-|-|270|1538
-|-|271|1539
274|1540|-|-
275|1541|-|-
248|1515|-|-
249|1516|-|-
250|1517|-|-
251|1518|-|-
-|-|248|1515
-|-|249|1516
-|-|250|1517
-|-|251|1518
1519|248|-|-
1520|249|-|-
1521|250|-|-
1522|251|-|-
-|-|1519|248
-|-|1520|249
-|-|1521|250
-|-|1522|251
1523|255|-|-
1554|280|-|-
1555|281|-|-
1556|282|-|-
1557|283|-|-
-|-|1554|280
-|-|1555|281
-|-|1556|282
-|-|1557|283
288|1554|-|-
289|1555|-|-
290|1556|-|-
291|1557|-|-
-|-|288|1554
-|-|289|1555
-|-|290|1556
-|-|291|1557
1574|300|-|-
1575|301|-|-
1576|302|-|-
1577|303|-|-
-|-|1574|300
-|-|1575|301
-|-|1576|302
-|-|1577|303
308|1574|-|-
309|1575|-|-
310|1576|-|-
311|1577|-|-
-|-|308|1574
-|-|309|1575
-|-|310|1576
-|-|311|1577
314|1578|-|-
315|1579|-|-
288|1554|-|-
289|1555|-|-
290|1556|-|-
291|1557|-|-
-|-|288|1554
-|-|289|1555
-|-|290|1556
-|-|291|1557
1558|288|-|-
1559|289|-|-
1560|290|-|-
1561|291|-|-
-|-|1558|288
-|-|1559|289
-|-|1560|290
-|-|1561|291
1592|320|-|-
1593|321|-|-
1594|322|-|-
1595|323|-|-
-|-|1592|320
-|-|1593|321
-|-|1594|322
-|-|1595|323
329|1592|-|-
330|1593|-|-
331|1594|-|-
332|1595|-|-
-|-|329|1592
-|-|330|1593
-|-|331|1594
-|-|332|1595
1613|341|-|-
1614|342|-|-
1615|343|-|-
1616|344|-|-
-|-|1613|341
-|-|1614|342
-|-|1615|343
-|-|1616|344
1618|348|-|-
349|1613|-|-
350|1614|-|-
351|1615|-|-
352|1616|-|-
-|-|349|1613
-|-|350|1614
-|-|351|1615
-|-|352|1616
355|1617|-|-
356|1618|-|-
329|1592|-|-
330|1593|-|-
331|1594|-|-
332|1595|-|-
-|-|329|1592
-|-|330|1593
-|-|331|1594
-|-|332|1595
1596|329|-|-
1597|330|-|-
1598|331|-|-
1599|332|-|-
-|-|1596|329
-|-|1597|330
-|-|1598|331
-|-|1599|332
1600|336|-|-
-|-|8,125|1284,1396
-|-|9,126|1285,1397
-|-|10,127|1286,1398
-|-|11,128|1287,1399
12,129|1288,1400|-|-
13,130|1289,1401|-|-
14,131|1290,1402|-|-
15,132|1291,1403|-|-
-|-|15,132|1291,1403
-|-|1292,1404|8,125
-|-|1293,1405|9,126
-|-|1294,1406|10,127
-|-|1295,1407|11,128
1296,1408|12,129|-|-
1297,1409|13,130|-|-
1298,1410|14,131|-|-
1299,1411|15,132|-|-
34,151|1310,1422|-|-
35,152|1311,1423|-|-
36,153|1312,1424|-|-
37,154|1313,1425|-|-
-|-|34,151|1310,1422
-|-|35,152|1311,1423
-|-|36,153|1312,1424
-|-|37,154|1313,1425
1314,1426|34,151|-|-
1315,1427|35,152|-|-
1316,1428|36,153|-|-
1317,1429|37,154|-|-
-|-|1314,1426|34,151
-|-|1315,1427|35,152
-|-|1316,1428|36,153
-|-|1317,1429|37,154
-|-|1292,1404|8,125
-|-|1293,1405|9,126
-|-|1294,1406|10,127
-|-|1295,1407|11,128
1296,1408|12,129|-|-
1297,1409|13,130|-|-
1298,1410|14,131|-|-
1299,1411|15,132|-|-
-|-|1298,1410|14,131
-|-|1299,1411|15,132
17,134|1296,1408|-|-
18,135|1297,1409|-|-
19,136|1298,1410|-|-
20,137|1299,1411|-|-
-|-|19,136|1298,1410
-|-|20,137|1299,1411
-|-|48,165|1322,1434
-|-|49,166|1323,1435
-|-|50,167|1324,1436
-|-|51,168|1325,1437
52,169|1326,1438|-|-
53,170|1327,1439|-|-
54,171|1328,1440|-|-
55,172|1329,1441|-|-
-|-|1330,1442|48,165
-|-|1331,1443|49,166
-|-|1332,1444|50,167
-|-|1333,1445|51,168
1334,1446|52,169|-|-
1335,1447|53,170|-|-
1336,1448|54,171|-|-
1337,1449|55,172|-|-
-|-|1337,1449|55,172
73,190|1346,1458|-|-
74,191|1347,1459|-|-
75,192|1348,1460|-|-
76,193|1349,1461|-|-
-|-|73,190|1346,1458
-|-|74,191|1347,1459
-|-|75,192|1348,1460
-|-|76,193|1349,1461
1350,1462|73,190|-|-
1351,1463|74,191|-|-
1352,1464|75,192|-|-
1353,1465|76,193|-|-
-|-|1350,1462|73,190
-|-|1351,1463|74,191
-|-|1352,1464|75,192
-|-|1353,1465|76,193
-|-|1330,1442|48,165
-|-|1331,1443|49,166
-|-|1332,1444|50,167
-|-|1333,1445|51,168
1334,1446|52,169|-|-
1335,1447|53,170|-|-
1336,1448|54,171|-|-
1337,1449|55,172|-|-
-|-|1337,1449|55,172
57,174|1334,1446|-|-
58,175|1335,1447|-|-
59,176|1336,1448|-|-
60,177|1337,1449|-|-
-|-|60,177|1337,1449
-|-|86,203|1358,1470
-|-|87,204|1359,1471
-|-|88,205|1360,1472
-|-|89,206|1361,1473
90,207|1362,1474|-|-
91,208|1363,1475|-|-
92,209|1364,1476|-|-
93,210|1365,1477|-|-
-|-|93,210|1365,1477
-|-|1366,1478|86,203
-|-|1367,1479|87,204
-|-|1368,1480|88,205
-|-|1369,1481|89,206
1370,1482|90,207|-|-
1371,1483|91,208|-|-
1372,1484|92,209|-|-
1373,1485|93,210|-|-
111,228|1383,1495|-|-
112,229|1384,1496|-|-
113,230|1385,1497|-|-
114,231|1386,1498|-|-
-|-|111,228|1383,1495
-|-|112,229|1384,1496
-|-|113,230|1385,1497
-|-|114,231|1386,1498
1387,1499|111,228|-|-
1388,1500|112,229|-|-
1389,1501|113,230|-|-
1390,1502|114,231|-|-
-|-|1387,1499|111,228
-|-|1388,1500|112,229
-|-|1389,1501|113,230
-|-|1390,1502|114,231
-|-|1366,1478|86,203
-|-|1367,1479|87,204
-|-|1368,1480|88,205
-|-|1369,1481|89,206
1370,1482|90,207|-|-
1371,1483|91,208|-|-
1372,1484|92,209|-|-
1373,1485|93,210|-|-
-|-|1372,1484|92,209
-|-|1373,1485|93,210
95,212|1370,1482|-|-
96,213|1371,1483|-|-
97,214|1372,1484|-|-
98,215|1373,1485|-|-
-|-|97,214|1372,1484
-|-|98,215|1373,1485
-|-|1623,1732|357,468
-|-|1624,1733|358,469
-|-|1625,1734|359,470
-|-|1626,1735|360,471
1627,1736|361,472|-|-
1628,1737|362,473|-|-
1629,1738|363,474|-|-
1630,1739|364,475|-|-
-|-|365,476|1623,1732
-|-|366,477|1624,1733
-|-|367,478|1625,1734
-|-|368,479|1626,1735
369,480|1627,1736|-|-
370,481|1628,1737|-|-
371,482|1629,1738|-|-
372,483|1630,1739|-|-
-|-|1644,1753|377,488
-|-|1645,1754|378,489
-|-|1646,1755|379,490
-|-|1647,1756|380,491
1648,1757|381,492|-|-
1649,1758|382,493|-|-
1650,1759|383,494|-|-
1651,1760|384,495|-|-
-|-|1651,1760|384,495
-|-|385,496|1644,1753
-|-|386,497|1645,1754
-|-|387,498|1646,1755
-|-|388,499|1647,1756
389,500|1648,1757|-|-
390,501|1649,1758|-|-
391,502|1650,1759|-|-
392,503|1651,1760|-|-
-|-|392,503|1651,1760
-|-|365,476|1623,1732
-|-|366,477|1624,1733
-|-|367,478|1625,1734
-|-|368,479|1626,1735
369,480|1627,1736|-|-
370,481|1628,1737|-|-
371,482|1629,1738|-|-
372,483|1630,1739|-|-
-|-|1631,1740|365,476
-|-|1632,1741|366,477
-|-|1633,1742|367,478
-|-|1634,1743|368,479
1635,1744|369,480|-|-
1636,1745|370,481|-|-
1637,1746|371,482|-|-
1638,1747|372,483|-|-
-|-|1660,1769|394,505
-|-|1661,1770|395,506
-|-|1662,1771|396,507
-|-|1663,1772|397,508
1664,1773|398,509|-|-
1665,1774|399,510|-|-
1666,1775|400,511|-|-
1667,1776|401,512|-|-
-|-|402,513|1660,1769
-|-|403,514|1661,1770
-|-|404,515|1662,1771
-|-|405,516|1663,1772
406,517|1664,1773|-|-
407,518|1665,1774|-|-
408,519|1666,1775|-|-
409,520|1667,1776|-|-
-|-|1680,1789|414,525
-|-|1681,1790|415,526
-|-|1682,1791|416,527
-|-|1683,1792|417,528
1684,1793|418,529|-|-
1685,1794|419,530|-|-
1686,1795|420,531|-|-
1687,1796|421,532|-|-
-|-|422,533|1680,1789
-|-|423,534|1681,1790
-|-|424,535|1682,1791
-|-|425,536|1683,1792
426,537|1684,1793|-|-
427,538|1685,1794|-|-
428,539|1686,1795|-|-
429,540|1687,1796|-|-
-|-|429,540|1687,1796
-|-|402,513|1660,1769
-|-|403,514|1661,1770
-|-|404,515|1662,1771
-|-|405,516|1663,1772
406,517|1664,1773|-|-
407,518|1665,1774|-|-
408,519|1666,1775|-|-
409,520|1667,1776|-|-
-|-|1668,1777|402,513
-|-|1669,1778|403,514
-|-|1670,1779|404,515
-|-|1671,1780|405,516
1672,1781|406,517|-|-
1673,1782|407,518|-|-
1674,1783|408,519|-|-
1675,1784|409,520|-|-
-|-|1696,1805|431,542
-|-|1697,1806|432,543
-|-|1698,1807|433,544
-|-|1699,1808|434,545
1700,1809|435,546|-|-
1701,1810|436,547|-|-
1702,1811|437,548|-|-
1703,1812|438,549|-|-
-|-|439,550|1696,1805
-|-|440,551|1697,1806
-|-|441,552|1698,1807
-|-|442,553|1699,1808
443,554|1700,1809|-|-
444,555|1701,1810|-|-
445,556|1702,1811|-|-
446,557|1703,1812|-|-
-|-|1716,1825|451,562
-|-|1717,1826|452,563
-|-|1718,1827|453,564
-|-|1719,1828|454,565
1720,1829|455,566|-|-
1721,1830|456,567|-|-
1722,1831|457,568|-|-
1723,1832|458,569|-|-
-|-|459,570|1716,1825
-|-|460,571|1717,1826
-|-|461,572|1718,1827
-|-|462,573|1719,1828
463,574|1720,1829|-|-
464,575|1721,1830|-|-
465,576|1722,1831|-|-
466,577|1723,1832|-|-
-|-|466,577|1723,1832
-|-|439,550|1696,1805
-|-|440,551|1697,1806
-|-|441,552|1698,1807
-|-|442,553|1699,1808
443,554|1700,1809|-|-
444,555|1701,1810|-|-
445,556|1702,1811|-|-
446,557|1703,1812|-|-
-|-|1704,1813|439,550
-|-|1705,1814|440,551
-|-|1706,1815|441,552
-|-|1707,1816|442,553
1708,1817|443,554|-|-
1709,1818|444,555|-|-
1710,1819|445,556|-|-
1711,1820|446,557|-|-
1849|583|-|-
1850|584|-|-
1851|585|-|-
1852|586|-|-
-|-|1849|583
-|-|1850|584
-|-|1851|585
-|-|1852|586
592|1849|-|-
593|1850|-|-
594|1851|-|-
595|1852|-|-
-|-|592|1849
-|-|593|1850
-|-|594|1851
-|-|595|1852
1869|604|-|-
1870|605|-|-
1871|606|-|-
1872|607|-|-
-|-|1869|604
-|-|1870|605
-|-|1871|606
-|-|1872|607
1873|611|-|-
612|1869|-|-
613|1870|-|-
614|1871|-|-
615|1872|-|-
-|-|612|1869
-|-|613|1870
-|-|614|1871
-|-|615|1872
619|1873|-|-
592|1849|-|-
593|1850|-|-
594|1851|-|-
595|1852|-|-
-|-|592|1849
-|-|593|1850
-|-|594|1851
-|-|595|1852
1853|592|-|-
1854|593|-|-
1855|594|-|-
1856|595|-|-
-|-|1853|592
-|-|1854|593
-|-|1855|594
-|-|1856|595
1886|624|-|-
1887|625|-|-
1888|626|-|-
1889|627|-|-
-|-|1886|624
-|-|1887|625
-|-|1888|626
-|-|1889|627
632|1886|-|-
633|1887|-|-
634|1888|-|-
635|1889|-|-
-|-|632|1886
-|-|633|1887
-|-|634|1888
-|-|635|1889
1906|644|-|-
1907|645|-|-
1908|646|-|-
1909|647|-|-
-|-|1906|644
-|-|1907|645
-|-|1908|646
-|-|1909|647
652|1906|-|-
653|1907|-|-
654|1908|-|-
655|1909|-|-
-|-|652|1906
-|-|653|1907
-|-|654|1908
-|-|655|1909
659|1910|-|-
632|1886|-|-
633|1887|-|-
634|1888|-|-
635|1889|-|-
-|-|632|1886
-|-|633|1887
-|-|634|1888
-|-|635|1889
1890|632|-|-
1891|633|-|-
1892|634|-|-
1893|635|-|-
-|-|1890|632
-|-|1891|633
-|-|1892|634
-|-|1893|635
1923|664|-|-
1924|665|-|-
1925|666|-|-
1926|667|-|-
-|-|1923|664
-|-|1924|665
-|-|1925|666
-|-|1926|667
672|1923|-|-
673|1924|-|-
674|1925|-|-
675|1926|-|-
-|-|672|1923
-|-|673|1924
-|-|674|1925
-|-|675|1926
1943|684|-|-
1944|685|-|-
1945|686|-|-
1946|687|-|-
-|-|1943|684
-|-|1944|685
-|-|1945|686
-|-|1946|687
692|1943|-|-
693|1944|-|-
694|1945|-|-
695|1946|-|-
-|-|692|1943
-|-|693|1944
-|-|694|1945
-|-|695|1946
699|1947|-|-
672|1923|-|-
673|1924|-|-
674|1925|-|-
675|1926|-|-
-|-|672|1923
-|-|673|1924
-|-|674|1925
-|-|675|1926
1927|672|-|-
1928|673|-|-
1929|674|-|-
1930|675|-|-
-|-|1927|672
-|-|1928|673
-|-|1929|674
-|-|1930|675
-|-|365,476|1623,1732
-|-|366,477|1624,1733
-|-|367,478|1625,1734
-|-|368,479|1626,1735
369,480|1627,1736|-|-
370,481|1628,1737|-|-
371,482|1629,1738|-|-
372,483|1630,1739|-|-
-|-|372,483|1630,1739
-|-|1631,1740|365,476
-|-|1632,1741|366,477
-|-|1633,1742|367,478
-|-|1634,1743|368,479
1635,1744|369,480|-|-
1636,1745|370,481|-|-
1637,1746|371,482|-|-
1638,1747|372,483|-|-
389,500|1648,1757|-|-
390,501|1649,1758|-|-
391,502|1650,1759|-|-
392,503|1651,1760|-|-
-|-|389,500|1648,1757
-|-|390,501|1649,1758
-|-|391,502|1650,1759
-|-|392,503|1651,1760
1652,1761|389,500|-|-
1653,1762|390,501|-|-
1654,1763|391,502|-|-
1655,1764|392,503|-|-
-|-|1652,1761|389,500
-|-|1653,1762|390,501
-|-|1654,1763|391,502
-|-|1655,1764|392,503
-|-|1631,1740|365,476
-|-|1632,1741|366,477
-|-|1633,1742|367,478
-|-|1634,1743|368,479
1635,1744|369,480|-|-
1636,1745|370,481|-|-
1637,1746|371,482|-|-
1638,1747|372,483|-|-
-|-|1637,1746|371,482
-|-|1638,1747|372,483
373,484|1635,1744|-|-
374,485|1636,1745|-|-
375,486|1637,1746|-|-
376,487|1638,1747|-|-
-|-|375,486|1637,1746
-|-|376,487|1638,1747
-|-|402,513|1660,1769
-|-|403,514|1661,1770
-|-|404,515|1662,1771
-|-|405,516|1663,1772
406,517|1664,1773|-|-
407,518|1665,1774|-|-
408,519|1666,1775|-|-
409,520|1667,1776|-|-
-|-|1668,1777|402,513
-|-|1669,1778|403,514
-|-|1670,1779|404,515
-|-|1671,1780|405,516
1672,1781|406,517|-|-
1673,1782|407,518|-|-
1674,1783|408,519|-|-
1675,1784|409,520|-|-
-|-|1675,1784|409,520
426,537|1684,1793|-|-
427,538|1685,1794|-|-
428,539|1686,1795|-|-
429,540|1687,1796|-|-
-|-|426,537|1684,1793
-|-|427,538|1685,1794
-|-|428,539|1686,1795
-|-|429,540|1687,1796
1688,1797|426,537|-|-
1689,1798|427,538|-|-
1690,1799|428,539|-|-
1691,1800|429,540|-|-
-|-|1688,1797|426,537
-|-|1689,1798|427,538
-|-|1690,1799|428,539
-|-|1691,1800|429,540
-|-|1668,1777|402,513
-|-|1669,1778|403,514
-|-|1670,1779|404,515
-|-|1671,1780|405,516
1672,1781|406,517|-|-
1673,1782|407,518|-|-
1674,1783|408,519|-|-
1675,1784|409,520|-|-
410,521|1672,1781|-|-
411,522|1673,1782|-|-
412,523|1674,1783|-|-
413,524|1675,1784|-|-
-|-|413,524|1675,1784
-|-|439,550|1696,1805
-|-|440,551|1697,1806
-|-|441,552|1698,1807
-|-|442,553|1699,1808
443,554|1700,1809|-|-
444,555|1701,1810|-|-
445,556|1702,1811|-|-
446,557|1703,1812|-|-
-|-|1704,1813|439,550
-|-|1705,1814|440,551
-|-|1706,1815|441,552
-|-|1707,1816|442,553
1708,1817|443,554|-|-
1709,1818|444,555|-|-
1710,1819|445,556|-|-
1711,1820|446,557|-|-
-|-|1711,1820|446,557
463,574|1720,1829|-|-
464,575|1721,1830|-|-
465,576|1722,1831|-|-
466,577|1723,1832|-|-
-|-|463,574|1720,1829
-|-|464,575|1721,1830
-|-|465,576|1722,1831
-|-|466,577|1723,1832
1724,1833|463,574|-|-
1725,1834|464,575|-|-
1726,1835|465,576|-|-
1727,1836|466,577|-|-
-|-|1724,1833|463,574
-|-|1725,1834|464,575
-|-|1726,1835|465,576
-|-|1727,1836|466,577
-|-|1704,1813|439,550
-|-|1705,1814|440,551
-|-|1706,1815|441,552
-|-|1707,1816|442,553
1708,1817|443,554|-|-
1709,1818|444,555|-|-
1710,1819|445,556|-|-
1711,1820|446,557|-|-
-|-|1711,1820|446,557
447,558|1708,1817|-|-
448,559|1709,1818|-|-
449,560|1710,1819|-|-
450,561|1711,1820|-|-
-|-|449,560|1710,1819
-|-|450,561|1711,1820
-|-|0,117,700,798|-
-|-|1,118,701,799|-
-|-|2,119,702,800|-
-|-|3,120,703,801|-
6,123,706,804|-|-|-
7,124,707,805|-|-|-
-|-|-|0,117,700,798
-|-|-|1,118,701,799
-|-|-|2,119,702,800
-|-|-|3,120,703,801
-|4,121,704,802|-|-
-|5,122,705,803|-|-
-|6,123,706,804|-|-
-|7,124,707,805|-|-
-|-|-|7,124,707,805
-|-|8,125,708,806|-
-|-|9,126,709,807|-
-|-|10,127,710,808|-
-|-|11,128,711,809|-
12,129,712,810|-|-|-
13,130,713,811|-|-|-
14,131,714,812|-|-|-
15,132,715,813|-|-|-
-|-|21,138,716,814|-
-|-|22,139,717,815|-
-|-|23,140,718,816|-
-|-|24,141,719,817|-
25,142,720,818|-|-|-
26,143,721,819|-|-|-
27,144,722,820|-|-|-
28,145,723,821|-|-|-
-|-|28,145,723,821|-
-|-|-|21,138,716,814
-|-|-|22,139,717,815
-|-|-|23,140,718,816
-|-|-|24,141,719,817
-|25,142,720,818|-|-
-|26,143,721,819|-|-
-|27,144,722,820|-|-
-|28,145,723,821|-|-
-|-|-|27,144,722,820
-|-|-|28,145,723,821
34,151,728,826|-|-|-
35,152,729,827|-|-|-
36,153,730,828|-|-|-
37,154,731,829|-|-|-
-|-|36,153,730,828|-
-|-|37,154,731,829|-
-|-|-|0,117,700,798
-|-|-|1,118,701,799
-|-|-|2,119,702,800
-|-|-|3,120,703,801
-|6,123,706,804|-|-
-|7,124,707,805|-|-
-|-|8,125,708,806|-
-|-|9,126,709,807|-
-|-|10,127,710,808|-
-|-|11,128,711,809|-
12,129,712,810|-|-|-
13,130,713,811|-|-|-
14,131,714,812|-|-|-
15,132,715,813|-|-|-
-|12,129,712,810|-|-
-|13,130,713,811|-|-
-|14,131,714,812|-|-
-|15,132,715,813|-|-
-|-|40,157,733,831|-
-|-|41,158,734,832|-
-|-|42,159,735,833|-
-|-|43,160,736,834|-
-|-|-|40,157,733,831
-|-|-|41,158,734,832
-|-|-|42,159,735,833
-|-|-|43,160,736,834
-|44,161,737,835|-|-
-|45,162,738,836|-|-
-|46,163,739,837|-|-
-|47,164,740,838|-|-
-|-|48,165,741,839|-
-|-|49,166,742,840|-
-|-|50,167,743,841|-
-|-|51,168,744,842|-
52,169,745,843|-|-|-
53,170,746,844|-|-|-
54,171,747,845|-|-|-
55,172,748,846|-|-|-
-|-|61,178,749,847|-
-|-|62,179,750,848|-
-|-|63,180,751,849|-
-|-|64,181,752,850|-
65,182,753,851|-|-|-
66,183,754,852|-|-|-
67,184,755,853|-|-|-
68,185,756,854|-|-|-
-|-|-|61,178,749,847
-|-|-|62,179,750,848
-|-|-|63,180,751,849
-|-|-|64,181,752,850
-|65,182,753,851|-|-
-|66,183,754,852|-|-
-|67,184,755,853|-|-
-|68,185,756,854|-|-
73,190,761,859|-|-|-
74,191,762,860|-|-|-
75,192,763,861|-|-|-
76,193,764,862|-|-|-
-|-|76,193,764,862|-
-|-|-|40,157,733,831
-|-|-|41,158,734,832
-|-|-|42,159,735,833
-|-|-|43,160,736,834
-|46,163,739,837|-|-
-|47,164,740,838|-|-
-|-|48,165,741,839|-
-|-|49,166,742,840|-
-|-|50,167,743,841|-
-|-|51,168,744,842|-
52,169,745,843|-|-|-
53,170,746,844|-|-|-
54,171,747,845|-|-|-
55,172,748,846|-|-|-
-|-|55,172,748,846|-
-|52,169,745,843|-|-
-|53,170,746,844|-|-
-|54,171,747,845|-|-
-|55,172,748,846|-|-
-|-|78,195,765,863|-
-|-|79,196,766,864|-
-|-|80,197,767,865|-
-|-|81,198,768,866|-
-|-|-|78,195,765,863
-|-|-|79,196,766,864
-|-|-|80,197,767,865
-|-|-|81,198,768,866
-|82,199,769,867|-|-
-|83,200,770,868|-|-
-|84,201,771,869|-|-
-|85,202,772,870|-|-
-|-|-|85,202,772,870
-|-|86,203,773,871|-
-|-|87,204,774,872|-
-|-|88,205,775,873|-
-|-|89,206,776,874|-
90,207,777,875|-|-|-
91,208,778,876|-|-|-
92,209,779,877|-|-|-
93,210,780,878|-|-|-
-|-|99,216,781,879|-
-|-|100,217,782,880|-
-|-|101,218,783,881|-
-|-|102,219,784,882|-
103,220,785,883|-|-|-
104,221,786,884|-|-|-
105,222,787,885|-|-|-
106,223,788,886|-|-|-
-|-|-|99,216,781,879
-|-|-|100,217,782,880
-|-|-|101,218,783,881
-|-|-|102,219,784,882
-|103,220,785,883|-|-
-|104,221,786,884|-|-
-|105,222,787,885|-|-
-|106,223,788,886|-|-
-|-|-|105,222,787,885
-|-|-|106,223,788,886
111,228,793,891|-|-|-
112,229,794,892|-|-|-
113,230,795,893|-|-|-
114,231,796,894|-|-|-
-|-|113,230,795,893|-
-|-|114,231,796,894|-
-|-|-|78,195,765,863
-|-|-|79,196,766,864
-|-|-|80,197,767,865
-|-|-|81,198,768,866
-|85,202,772,870|-|-
-|-|86,203,773,871|-
-|-|87,204,774,872|-
-|-|88,205,775,873|-
-|-|89,206,776,874|-
90,207,777,875|-|-|-
91,208,778,876|-|-|-
92,209,779,877|-|-|-
93,210,780,878|-|-|-
-|90,207,777,875|-|-
-|91,208,778,876|-|-
-|92,209,779,877|-|-
-|93,210,780,878|-|-
238,900|-|-|-
239,901|-|-|-
240,902|-|-|-
241,903|-|-|-
-|-|240,902|-
-|-|241,903|-
-|238,900|-|-
-|239,901|-|-
-|240,902|-|-
-|241,903|-|-
-|-|-|238,900
-|-|-|239,901
-|-|-|240,902
-|-|-|241,903
-|243,904|-|-
248,909|-|-|-
249,910|-|-|-
250,911|-|-|-
251,912|-|-|-
-|-|248,909|-
-|-|249,910|-
-|-|250,911|-
-|-|251,912|-
260,917|-|-|-
261,918|-|-|-
262,919|-|-|-
263,920|-|-|-
-|-|260,917|-
-|-|261,918|-
-|-|262,919|-
-|-|263,920|-
267,922|-|-|-
-|260,917|-|-
-|261,918|-|-
-|262,919|-|-
-|263,920|-|-
-|-|-|260,917
-|-|-|261,918
-|-|-|262,919
-|-|-|263,920
-|266,921|-|-
-|267,922|-|-
-|-|268,923|-
-|-|269,924|-
-|-|270,925|-
-|-|271,926|-
274,927|-|-|-
275,928|-|-|-
-|238,900|-|-
-|239,901|-|-
-|240,902|-|-
-|241,903|-|-
-|-|-|240,902
-|-|-|241,903
248,909|-|-|-
249,910|-|-|-
250,911|-|-|-
251,912|-|-|-
-|-|248,909|-
-|-|249,910|-
-|-|250,911|-
-|-|251,912|-
-|-|-|248,909
-|-|-|249,910
-|-|-|250,911
-|-|-|251,912
280,933|-|-|-
281,934|-|-|-
282,935|-|-|-
283,936|-|-|-
-|280,933|-|-
-|281,934|-|-
-|282,935|-|-
-|283,936|-|-
-|-|-|280,933
-|-|-|281,934
-|-|-|282,935
-|-|-|283,936
288,941|-|-|-
289,942|-|-|-
290,943|-|-|-
291,944|-|-|-
-|-|288,941|-
-|-|289,942|-
-|-|290,943|-
-|-|291,944|-
300,950|-|-|-
301,951|-|-|-
302,952|-|-|-
303,953|-|-|-
-|-|300,950|-
-|-|301,951|-
-|-|302,952|-
-|-|303,953|-
-|300,950|-|-
-|301,951|-|-
-|302,952|-|-
-|303,953|-|-
-|-|-|300,950
-|-|-|301,951
-|-|-|302,952
-|-|-|303,953
-|-|308,954|-
-|-|309,955|-
-|-|310,956|-
-|-|311,957|-
315,958|-|-|-
-|280,933|-|-
-|281,934|-|-
-|282,935|-|-
-|283,936|-|-
-|-|-|282,935
-|-|-|283,936
288,941|-|-|-
289,942|-|-|-
290,943|-|-|-
291,944|-|-|-
-|-|288,941|-
-|-|289,942|-
-|-|290,943|-
-|-|291,944|-
295,945|-|-|-
-|-|-|288,941
-|-|-|289,942
-|-|-|290,943
-|-|-|291,944
320,963|-|-|-
321,964|-|-|-
322,965|-|-|-
323,966|-|-|-
-|320,963|-|-
-|321,964|-|-
-|322,965|-|-
-|323,966|-|-
-|-|-|320,963
-|-|-|321,964
-|-|-|322,965
-|-|-|323,966
-|324,967|-|-
329,972|-|-|-
330,973|-|-|-
331,974|-|-|-
332,975|-|-|-
-|-|329,972|-
-|-|330,973|-
-|-|331,974|-
-|-|332,975|-
341,980|-|-|-
342,981|-|-|-
343,982|-|-|-
344,983|-|-|-
-|-|341,980|-
-|-|342,981|-
-|-|343,982|-
-|-|344,983|-
-|341,980|-|-
-|342,981|-|-
-|343,982|-|-
-|344,983|-|-
-|-|-|341,980
-|-|-|342,981
-|-|-|343,982
-|-|-|344,983
-|347,984|-|-
-|348,985|-|-
-|-|349,986|-
-|-|350,987|-
-|-|351,988|-
-|-|352,989|-
355,990|-|-|-
356,991|-|-|-
-|320,963|-|-
-|321,964|-|-
-|322,965|-|-
-|323,966|-|-
-|-|-|323,966
329,972|-|-|-
330,973|-|-|-
331,974|-|-|-
332,975|-|-|-
-|-|329,972|-
-|-|330,973|-
-|-|331,974|-
-|-|332,975|-
-|-|-|329,972
-|-|-|330,973
-|-|-|331,974
-|-|-|332,975
-|-|-|0,117,700,798
-|-|-|1,118,701,799
-|-|-|2,119,702,800
-|-|-|3,120,703,801
-|4,121,704,802|-|-
-|5,122,705,803|-|-
-|6,123,706,804|-|-
-|7,124,707,805|-|-
-|-|-|7,124,707,805
-|-|8,125,708,806|-
-|-|9,126,709,807|-
-|-|10,127,710,808|-
-|-|11,128,711,809|-
12,129,712,810|-|-|-
13,130,713,811|-|-|-
14,131,714,812|-|-|-
15,132,715,813|-|-|-
-|-|14,131,714,812|-
-|-|15,132,715,813|-
-|12,129,712,810|-|-
-|13,130,713,811|-|-
-|14,131,714,812|-|-
-|15,132,715,813|-|-
-|-|-|15,132,715,813
-|25,142,720,818|-|-
-|26,143,721,819|-|-
-|27,144,722,820|-|-
-|28,145,723,821|-|-
-|-|-|27,144,722,820
-|-|-|28,145,723,821
34,151,728,826|-|-|-
35,152,729,827|-|-|-
36,153,730,828|-|-|-
37,154,731,829|-|-|-
-|-|34,151,728,826|-
-|-|35,152,729,827|-
-|-|36,153,730,828|-
-|-|37,154,731,829|-
39,156,732,830|-|-|-
-|34,151,728,826|-|-
-|35,152,729,827|-|-
-|36,153,730,828|-|-
-|37,154,731,829|-|-
-|-|-|34,151,728,826
-|-|-|35,152,729,827
-|-|-|36,153,730,828
-|-|-|37,154,731,829
-|-|8,125,708,806|-
-|-|9,126,709,807|-
-|-|10,127,710,808|-
-|-|11,128,711,809|-
12,129,712,810|-|-|-
13,130,713,811|-|-|-
14,131,714,812|-|-|-
15,132,715,813|-|-|-
-|-|-|8,125,708,806
-|-|-|9,126,709,807
-|-|-|10,127,710,808
-|-|-|11,128,711,809
-|12,129,712,810|-|-
-|13,130,713,811|-|-
-|14,131,714,812|-|-
-|15,132,715,813|-|-
-|-|-|14,131,714,812
-|-|-|15,132,715,813
-|-|-|40,157,733,831
-|-|-|41,158,734,832
-|-|-|42,159,735,833
-|-|-|43,160,736,834
-|44,161,737,835|-|-
-|45,162,738,836|-|-
-|46,163,739,837|-|-
-|47,164,740,838|-|-
-|-|48,165,741,839|-
-|-|49,166,742,840|-
-|-|50,167,743,841|-
-|-|51,168,744,842|-
52,169,745,843|-|-|-
53,170,746,844|-|-|-
54,171,747,845|-|-|-
55,172,748,846|-|-|-
-|52,169,745,843|-|-
-|53,170,746,844|-|-
-|54,171,747,845|-|-
-|55,172,748,846|-|-
-|65,182,753,851|-|-
-|66,183,754,852|-|-
-|67,184,755,853|-|-
-|68,185,756,854|-|-
73,190,761,859|-|-|-
74,191,762,860|-|-|-
75,192,763,861|-|-|-
76,193,764,862|-|-|-
-|-|73,190,761,859|-
-|-|74,191,762,860|-
-|-|75,192,763,861|-
-|-|76,193,764,862|-
-|73,190,761,859|-|-
-|74,191,762,860|-|-
-|75,192,763,861|-|-
-|76,193,764,862|-|-
-|-|-|73,190,761,859
-|-|-|74,191,762,860
-|-|-|75,192,763,861
-|-|-|76,193,764,862
-|-|48,165,741,839|-
-|-|49,166,742,840|-
-|-|50,167,743,841|-
-|-|51,168,744,842|-
52,169,745,843|-|-|-
53,170,746,844|-|-|-
54,171,747,845|-|-|-
55,172,748,846|-|-|-
-|-|55,172,748,846|-
-|-|-|48,165,741,839
-|-|-|49,166,742,840
-|-|-|50,167,743,841
-|-|-|51,168,744,842
-|52,169,745,843|-|-
-|53,170,746,844|-|-
-|54,171,747,845|-|-
-|55,172,748,846|-|-
-|-|-|54,171,747,845
-|-|-|55,172,748,846
-|-|-|78,195,765,863
-|-|-|79,196,766,864
-|-|-|80,197,767,865
-|-|-|81,198,768,866
-|82,199,769,867|-|-
-|83,200,770,868|-|-
-|84,201,771,869|-|-
-|85,202,772,870|-|-
-|-|86,203,773,871|-
-|-|87,204,774,872|-
-|-|88,205,775,873|-
-|-|89,206,776,874|-
90,207,777,875|-|-|-
91,208,778,876|-|-|-
92,209,779,877|-|-|-
93,210,780,878|-|-|-
-|-|92,209,779,877|-
-|-|93,210,780,878|-
-|90,207,777,875|-|-
-|91,208,778,876|-|-
-|92,209,779,877|-|-
-|93,210,780,878|-|-
-|-|-|93,210,780,878
-|103,220,785,883|-|-
-|104,221,786,884|-|-
-|105,222,787,885|-|-
-|106,223,788,886|-|-
111,228,793,891|-|-|-
112,229,794,892|-|-|-
113,230,795,893|-|-|-
114,231,796,894|-|-|-
-|-|111,228,793,891|-
-|-|112,229,794,892|-
-|-|113,230,795,893|-
-|-|114,231,796,894|-
116,233,797,895|-|-|-
-|111,228,793,891|-|-
-|112,229,794,892|-|-
-|113,230,795,893|-|-
-|114,231,796,894|-|-
-|-|-|111,228,793,891
-|-|-|112,229,794,892
-|-|-|113,230,795,893
-|-|-|114,231,796,894
-|-|86,203,773,871|-
-|-|87,204,774,872|-
-|-|88,205,775,873|-
-|-|89,206,776,874|-
90,207,777,875|-|-|-
91,208,778,876|-|-|-
92,209,779,877|-|-|-
93,210,780,878|-|-|-
-|-|-|86,203,773,871
-|-|-|87,204,774,872
-|-|-|88,205,775,873
-|-|-|89,206,776,874
-|90,207,777,875|-|-
-|91,208,778,876|-|-
-|92,209,779,877|-|-
-|93,210,780,878|-|-
-|-|-|92,209,779,877
-|-|-|93,210,780,878
-|-|357,468,992,1088|-
-|-|358,469,993,1089|-
-|-|359,470,994,1090|-
-|-|360,471,995,1091|-
-|-|-|357,468,992,1088
-|-|-|358,469,993,1089
-|-|-|359,470,994,1090
-|-|-|360,471,995,1091
-|361,472,996,1092|-|-
-|362,473,997,1093|-|-
-|363,474,998,1094|-|-
-|364,475,999,1095|-|-
-|-|-|364,475,999,1095
-|-|365,476,1000,1096|-
-|-|366,477,1001,1097|-
-|-|367,478,1002,1098|-
-|-|368,479,1003,1099|-
369,480,1004,1100|-|-|-
370,481,1005,1101|-|-|-
371,482,1006,1102|-|-|-
372,483,1007,1103|-|-|-
-|-|377,488,1008,1104|-
-|-|378,489,1009,1105|-
-|-|379,490,1010,1106|-
-|-|380,491,1011,1107|-
381,492,1012,1108|-|-|-
382,493,1013,1109|-|-|-
383,494,1014,1110|-|-|-
384,495,1015,1111|-|-|-
-|-|-|377,488,1008,1104
-|-|-|378,489,1009,1105
-|-|-|379,490,1010,1106
-|-|-|380,491,1011,1107
-|381,492,1012,1108|-|-
-|382,493,1013,1109|-|-
-|383,494,1014,1110|-|-
-|384,495,1015,1111|-|-
-|-|-|383,494,1014,1110
-|-|-|384,495,1015,1111
389,500,1020,1116|-|-|-
390,501,1021,1117|-|-|-
391,502,1022,1118|-|-|-
392,503,1023,1119|-|-|-
-|-|391,502,1022,1118|-
-|-|392,503,1023,1119|-
-|-|-|357,468,992,1088
-|-|-|358,469,993,1089
-|-|-|359,470,994,1090
-|-|-|360,471,995,1091
-|364,475,999,1095|-|-
-|-|365,476,1000,1096|-
-|-|366,477,1001,1097|-
-|-|367,478,1002,1098|-
-|-|368,479,1003,1099|-
369,480,1004,1100|-|-|-
370,481,1005,1101|-|-|-
371,482,1006,1102|-|-|-
372,483,1007,1103|-|-|-
-|369,480,1004,1100|-|-
-|370,481,1005,1101|-|-
-|371,482,1006,1102|-|-
-|372,483,1007,1103|-|-
-|-|394,505,1024,1120|-
-|-|395,506,1025,1121|-
-|-|396,507,1026,1122|-
-|-|397,508,1027,1123|-
-|-|-|394,505,1024,1120
-|-|-|395,506,1025,1121
-|-|-|396,507,1026,1122
-|-|-|397,508,1027,1123
-|398,509,1028,1124|-|-
-|399,510,1029,1125|-|-
-|400,511,1030,1126|-|-
-|401,512,1031,1127|-|-
-|-|402,513,1032,1128|-
-|-|403,514,1033,1129|-
-|-|404,515,1034,1130|-
-|-|405,516,1035,1131|-
406,517,1036,1132|-|-|-
407,518,1037,1133|-|-|-
408,519,1038,1134|-|-|-
409,520,1039,1135|-|-|-
-|-|414,525,1040,1136|-
-|-|415,526,1041,1137|-
-|-|416,527,1042,1138|-
-|-|417,528,1043,1139|-
418,529,1044,1140|-|-|-
419,530,1045,1141|-|-|-
420,531,1046,1142|-|-|-
421,532,1047,1143|-|-|-
-|-|-|414,525,1040,1136
-|-|-|415,526,1041,1137
-|-|-|416,527,1042,1138
-|-|-|417,528,1043,1139
-|418,529,1044,1140|-|-
-|419,530,1045,1141|-|-
-|420,531,1046,1142|-|-
-|421,532,1047,1143|-|-
426,537,1052,1148|-|-|-
427,538,1053,1149|-|-|-
428,539,1054,1150|-|-|-
429,540,1055,1151|-|-|-
-|-|429,540,1055,1151|-
-|-|-|394,505,1024,1120
-|-|-|395,506,1025,1121
-|-|-|396,507,1026,1122
-|-|-|397,508,1027,1123
-|-|402,513,1032,1128|-
-|-|403,514,1033,1129|-
-|-|404,515,1034,1130|-
-|-|405,516,1035,1131|-
406,517,1036,1132|-|-|-
407,518,1037,1133|-|-|-
408,519,1038,1134|-|-|-
409,520,1039,1135|-|-|-
-|-|409,520,1039,1135|-
-|406,517,1036,1132|-|-
-|407,518,1037,1133|-|-
-|408,519,1038,1134|-|-
-|409,520,1039,1135|-|-
-|-|431,542,1056,1152|-
-|-|432,543,1057,1153|-
-|-|433,544,1058,1154|-
-|-|434,545,1059,1155|-
-|-|-|431,542,1056,1152
-|-|-|432,543,1057,1153
-|-|-|433,544,1058,1154
-|-|-|434,545,1059,1155
-|435,546,1060,1156|-|-
-|436,547,1061,1157|-|-
-|437,548,1062,1158|-|-
-|438,549,1063,1159|-|-
-|-|439,550,1064,1160|-
-|-|440,551,1065,1161|-
-|-|441,552,1066,1162|-
-|-|442,553,1067,1163|-
443,554,1068,1164|-|-|-
444,555,1069,1165|-|-|-
445,556,1070,1166|-|-|-
446,557,1071,1167|-|-|-
-|-|446,557,1071,1167|-
-|-|451,562,1072,1168|-
-|-|452,563,1073,1169|-
-|-|453,564,1074,1170|-
-|-|454,565,1075,1171|-
455,566,1076,1172|-|-|-
456,567,1077,1173|-|-|-
457,568,1078,1174|-|-|-
458,569,1079,1175|-|-|-
-|-|-|451,562,1072,1168
-|-|-|452,563,1073,1169
-|-|-|453,564,1074,1170
-|-|-|454,565,1075,1171
-|455,566,1076,1172|-|-
-|456,567,1077,1173|-|-
-|457,568,1078,1174|-|-
-|458,569,1079,1175|-|-
-|-|-|458,569,1079,1175
463,574,1084,1180|-|-|-
464,575,1085,1181|-|-|-
465,576,1086,1182|-|-|-
466,577,1087,1183|-|-|-
-|-|465,576,1086,1182|-
-|-|466,577,1087,1183|-
-|-|-|431,542,1056,1152
-|-|-|432,543,1057,1153
-|-|-|433,544,1058,1154
-|-|-|434,545,1059,1155
-|-|439,550,1064,1160|-
-|-|440,551,1065,1161|-
-|-|441,552,1066,1162|-
-|-|442,553,1067,1163|-
443,554,1068,1164|-|-|-
444,555,1069,1165|-|-|-
445,556,1070,1166|-|-|-
446,557,1071,1167|-|-|-
-|443,554,1068,1164|-|-
-|444,555,1069,1165|-|-
-|445,556,1070,1166|-|-
-|446,557,1071,1167|-|-
583,1188|-|-|-
584,1189|-|-|-
585,1190|-|-|-
586,1191|-|-|-
-|583,1188|-|-
-|584,1189|-|-
-|585,1190|-|-
-|586,1191|-|-
-|-|-|583,1188
-|-|-|584,1189
-|-|-|585,1190
-|-|-|586,1191
-|587,1192|-|-
592,1197|-|-|-
593,1198|-|-|-
594,1199|-|-|-
595,1200|-|-|-
-|-|592,1197|-
-|-|593,1198|-
-|-|594,1199|-
-|-|595,1200|-
604,1205|-|-|-
605,1206|-|-|-
606,1207|-|-|-
607,1208|-|-|-
-|-|604,1205|-
-|-|605,1206|-
-|-|606,1207|-
-|-|607,1208|-
-|604,1205|-|-
-|605,1206|-|-
-|606,1207|-|-
-|607,1208|-|-
-|-|-|604,1205
-|-|-|605,1206
-|-|-|606,1207
-|-|-|607,1208
-|610,1209|-|-
-|611,1210|-|-
-|-|612,1211|-
-|-|613,1212|-
-|-|614,1213|-
-|-|615,1214|-
618,1215|-|-|-
619,1216|-|-|-
-|583,1188|-|-
-|584,1189|-|-
-|585,1190|-|-
-|586,1191|-|-
-|-|-|586,1191
592,1197|-|-|-
593,1198|-|-|-
594,1199|-|-|-
595,1200|-|-|-
-|-|592,1197|-
-|-|593,1198|-
-|-|594,1199|-
-|-|595,1200|-
-|-|-|592,1197
-|-|-|593,1198
-|-|-|594,1199
-|-|-|595,1200
624,1221|-|-|-
625,1222|-|-|-
626,1223|-|-|-
627,1224|-|-|-
-|624,1221|-|-
-|625,1222|-|-
-|626,1223|-|-
-|627,1224|-|-
-|-|-|624,1221
-|-|-|625,1222
-|-|-|626,1223
-|-|-|627,1224
632,1229|-|-|-
633,1230|-|-|-
634,1231|-|-|-
635,1232|-|-|-
-|-|632,1229|-
-|-|633,1230|-
-|-|634,1231|-
-|-|635,1232|-
644,1238|-|-|-
645,1239|-|-|-
646,1240|-|-|-
647,1241|-|-|-
-|-|644,1238|-
-|-|645,1239|-
-|-|646,1240|-
-|-|647,1241|-
-|644,1238|-|-
-|645,1239|-|-
-|646,1240|-|-
-|647,1241|-|-
-|-|-|644,1238
-|-|-|645,1239
-|-|-|646,1240
-|-|-|647,1241
-|-|652,1242|-
-|-|653,1243|-
-|-|654,1244|-
-|-|655,1245|-
659,1246|-|-|-
-|624,1221|-|-
-|625,1222|-|-
-|626,1223|-|-
-|627,1224|-|-
632,1229|-|-|-
633,1230|-|-|-
634,1231|-|-|-
635,1232|-|-|-
-|-|632,1229|-
-|-|633,1230|-
-|-|634,1231|-
-|-|635,1232|-
639,1233|-|-|-
-|-|-|632,1229
-|-|-|633,1230
-|-|-|634,1231
-|-|-|635,1232
664,1251|-|-|-
665,1252|-|-|-
666,1253|-|-|-
667,1254|-|-|-
-|664,1251|-|-
-|665,1252|-|-
-|666,1253|-|-
-|667,1254|-|-
-|-|-|664,1251
-|-|-|665,1252
-|-|-|666,1253
-|-|-|667,1254
672,1259|-|-|-
673,1260|-|-|-
674,1261|-|-|-
675,1262|-|-|-
-|-|672,1259|-
-|-|673,1260|-
-|-|674,1261|-
-|-|675,1262|-
679,1263|-|-|-
684,1268|-|-|-
685,1269|-|-|-
686,1270|-|-|-
687,1271|-|-|-
-|-|684,1268|-
-|-|685,1269|-
-|-|686,1270|-
-|-|687,1271|-
-|684,1268|-|-
-|685,1269|-|-
-|686,1270|-|-
-|687,1271|-|-
-|-|-|684,1268
-|-|-|685,1269
-|-|-|686,1270
-|-|-|687,1271
-|691,1272|-|-
-|-|692,1273|-
-|-|693,1274|-
-|-|694,1275|-
-|-|695,1276|-
698,1277|-|-|-
699,1278|-|-|-
-|664,1251|-|-
-|665,1252|-|-
-|666,1253|-|-
-|667,1254|-|-
672,1259|-|-|-
673,1260|-|-|-
674,1261|-|-|-
675,1262|-|-|-
-|-|672,1259|-
-|-|673,1260|-
-|-|674,1261|-
-|-|675,1262|-
-|-|-|672,1259
-|-|-|673,1260
-|-|-|674,1261
-|-|-|675,1262
-|-|-|357,468,992,1088
-|-|-|358,469,993,1089
-|-|-|359,470,994,1090
-|-|-|360,471,995,1091
-|361,472,996,1092|-|-
-|362,473,997,1093|-|-
-|363,474,998,1094|-|-
-|364,475,999,1095|-|-
-|-|365,476,1000,1096|-
-|-|366,477,1001,1097|-
-|-|367,478,1002,1098|-
-|-|368,479,1003,1099|-
369,480,1004,1100|-|-|-
370,481,1005,1101|-|-|-
371,482,1006,1102|-|-|-
372,483,1007,1103|-|-|-
-|369,480,1004,1100|-|-
-|370,481,1005,1101|-|-
-|371,482,1006,1102|-|-
-|372,483,1007,1103|-|-
-|381,492,1012,1108|-|-
-|382,493,1013,1109|-|-
-|383,494,1014,1110|-|-
-|384,495,1015,1111|-|-
389,500,1020,1116|-|-|-
390,501,1021,1117|-|-|-
391,502,1022,1118|-|-|-
392,503,1023,1119|-|-|-
-|-|389,500,1020,1116|-
-|-|390,501,1021,1117|-
-|-|391,502,1022,1118|-
-|-|392,503,1023,1119|-
-|389,500,1020,1116|-|-
-|390,501,1021,1117|-|-
-|391,502,1022,1118|-|-
-|392,503,1023,1119|-|-
-|-|-|389,500,1020,1116
-|-|-|390,501,1021,1117
-|-|-|391,502,1022,1118
-|-|-|392,503,1023,1119
-|-|365,476,1000,1096|-
-|-|366,477,1001,1097|-
-|-|367,478,1002,1098|-
-|-|368,479,1003,1099|-
369,480,1004,1100|-|-|-
370,481,1005,1101|-|-|-
371,482,1006,1102|-|-|-
372,483,1007,1103|-|-|-
-|-|-|365,476,1000,1096
-|-|-|366,477,1001,1097
-|-|-|367,478,1002,1098
-|-|-|368,479,1003,1099
-|369,480,1004,1100|-|-
-|370,481,1005,1101|-|-
-|371,482,1006,1102|-|-
-|372,483,1007,1103|-|-
-|-|-|372,483,1007,1103
-|-|-|394,505,1024,1120
-|-|-|395,506,1025,1121
-|-|-|396,507,1026,1122
-|-|-|397,508,1027,1123
-|398,509,1028,1124|-|-
-|399,510,1029,1125|-|-
-|400,511,1030,1126|-|-
-|401,512,1031,1127|-|-
-|-|402,513,1032,1128|-
-|-|403,514,1033,1129|-
-|-|404,515,1034,1130|-
-|-|405,516,1035,1131|-
406,517,1036,1132|-|-|-
407,518,1037,1133|-|-|-
408,519,1038,1134|-|-|-
409,520,1039,1135|-|-|-
-|406,517,1036,1132|-|-
-|407,518,1037,1133|-|-
-|408,519,1038,1134|-|-
-|409,520,1039,1135|-|-
-|418,529,1044,1140|-|-
-|419,530,1045,1141|-|-
-|420,531,1046,1142|-|-
-|421,532,1047,1143|-|-
426,537,1052,1148|-|-|-
427,538,1053,1149|-|-|-
428,539,1054,1150|-|-|-
429,540,1055,1151|-|-|-
-|-|426,537,1052,1148|-
-|-|427,538,1053,1149|-
-|-|428,539,1054,1150|-
-|-|429,540,1055,1151|-
-|426,537,1052,1148|-|-
-|427,538,1053,1149|-|-
-|428,539,1054,1150|-|-
-|429,540,1055,1151|-|-
-|-|-|426,537,1052,1148
-|-|-|427,538,1053,1149
-|-|-|428,539,1054,1150
-|-|-|429,540,1055,1151
-|-|402,513,1032,1128|-
-|-|403,514,1033,1129|-
-|-|404,515,1034,1130|-
-|-|405,516,1035,1131|-
406,517,1036,1132|-|-|-
407,518,1037,1133|-|-|-
408,519,1038,1134|-|-|-
409,520,1039,1135|-|-|-
-|-|-|402,513,1032,1128
-|-|-|403,514,1033,1129
-|-|-|404,515,1034,1130
-|-|-|405,516,1035,1131
-|406,517,1036,1132|-|-
-|407,518,1037,1133|-|-
-|408,519,1038,1134|-|-
-|409,520,1039,1135|-|-
-|-|-|409,520,1039,1135
-|-|-|431,542,1056,1152
-|-|-|432,543,1057,1153
-|-|-|433,544,1058,1154
-|-|-|434,545,1059,1155
-|435,546,1060,1156|-|-
-|436,547,1061,1157|-|-
-|437,548,1062,1158|-|-
-|438,549,1063,1159|-|-
-|-|439,550,1064,1160|-
-|-|440,551,1065,1161|-
-|-|441,552,1066,1162|-
-|-|442,553,1067,1163|-
443,554,1068,1164|-|-|-
444,555,1069,1165|-|-|-
445,556,1070,1166|-|-|-
446,557,1071,1167|-|-|-
-|443,554,1068,1164|-|-
-|444,555,1069,1165|-|-
-|445,556,1070,1166|-|-
-|446,557,1071,1167|-|-
-|455,566,1076,1172|-|-
-|456,567,1077,1173|-|-
-|457,568,1078,1174|-|-
-|458,569,1079,1175|-|-
463,574,1084,1180|-|-|-
464,575,1085,1181|-|-|-
465,576,1086,1182|-|-|-
466,577,1087,1183|-|-|-
-|-|463,574,1084,1180|-
-|-|464,575,1085,1181|-
-|-|465,576,1086,1182|-
-|-|466,577,1087,1183|-
-|463,574,1084,1180|-|-
-|464,575,1085,1181|-|-
-|465,576,1086,1182|-|-
-|466,577,1087,1183|-|-
-|-|-|463,574,1084,1180
-|-|-|464,575,1085,1181
-|-|-|465,576,1086,1182
-|-|-|466,577,1087,1183
-|-|439,550,1064,1160|-
-|-|440,551,1065,1161|-
-|-|441,552,1066,1162|-
-|-|442,553,1067,1163|-
443,554,1068,1164|-|-|-
444,555,1069,1165|-|-|-
445,556,1070,1166|-|-|-
446,557,1071,1167|-|-|-
-|-|-|439,550,1064,1160
-|-|-|440,551,1065,1161
-|-|-|441,552,1066,1162
-|-|-|442,553,1067,1163
-|443,554,1068,1164|-|-
-|444,555,1069,1165|-|-
-|445,556,1070,1166|-|-
-|446,557,1071,1167|-|-
-|-|-|446,557,1071,1167
-|4,121|-|-
-|5,122|-|-
-|6,123|-|-
-|7,124|-|-
-|-|-|6,123
-|-|-|7,124
12,129|-|-|-
13,130|-|-|-
14,131|-|-|-
15,132|-|-|-
-|-|12,129|-
-|-|13,130|-
-|-|14,131|-
-|-|15,132|-
-|12,129|-|-
-|13,130|-|-
-|14,131|-|-
-|15,132|-|-
-|-|-|12,129
-|-|-|13,130
-|-|-|14,131
-|-|-|15,132
-|25,142|-|-
-|26,143|-|-
-|27,144|-|-
-|28,145|-|-
-|-|-|25,142
-|-|-|26,143
-|-|-|27,144
-|-|-|28,145
-|29,146|-|-
34,151|-|-|-
35,152|-|-|-
36,153|-|-|-
37,154|-|-|-
-|-|34,151|-
-|-|35,152|-
-|-|36,153|-
-|-|37,154|-
-|-|-|34,151
-|-|-|35,152
-|-|-|36,153
-|-|-|37,154
12,129|-|-|-
13,130|-|-|-
14,131|-|-|-
15,132|-|-|-
-|-|14,131|-
-|-|15,132|-
-|12,129|-|-
-|13,130|-|-
-|14,131|-|-
-|15,132|-|-
-|-|-|12,129
-|-|-|13,130
-|-|-|14,131
-|-|-|15,132
-|44,161|-|-
-|45,162|-|-
-|46,163|-|-
-|47,164|-|-
52,169|-|-|-
53,170|-|-|-
54,171|-|-|-
55,172|-|-|-
-|-|52,169|-
-|-|53,170|-
-|-|54,171|-
-|-|55,172|-
-|52,169|-|-
-|53,170|-|-
-|54,171|-|-
-|55,172|-|-
-|-|-|52,169
-|-|-|53,170
-|-|-|54,171
-|-|-|55,172
-|65,182|-|-
-|66,183|-|-
-|67,184|-|-
-|68,185|-|-
-|-|-|65,182
-|-|-|66,183
-|-|-|67,184
-|-|-|68,185
73,190|-|-|-
74,191|-|-|-
75,192|-|-|-
76,193|-|-|-
-|-|73,190|-
-|-|74,191|-
-|-|75,192|-
-|-|76,193|-
-|-|-|73,190
-|-|-|74,191
-|-|-|75,192
-|-|-|76,193
52,169|-|-|-
53,170|-|-|-
54,171|-|-|-
55,172|-|-|-
-|-|54,171|-
-|-|55,172|-
-|52,169|-|-
-|53,170|-|-
-|54,171|-|-
-|55,172|-|-
-|-|-|52,169
-|-|-|53,170
-|-|-|54,171
-|-|-|55,172
-|82,199|-|-
-|83,200|-|-
-|84,201|-|-
-|85,202|-|-
90,207|-|-|-
91,208|-|-|-
92,209|-|-|-
93,210|-|-|-
-|-|90,207|-
-|-|91,208|-
-|-|92,209|-
-|-|93,210|-
-|90,207|-|-
-|91,208|-|-
-|92,209|-|-
-|93,210|-|-
-|-|-|90,207
-|-|-|91,208
-|-|-|92,209
-|-|-|93,210
-|103,220|-|-
-|104,221|-|-
-|105,222|-|-
-|106,223|-|-
-|-|-|103,220
-|-|-|104,221
-|-|-|105,222
-|-|-|106,223
111,228|-|-|-
112,229|-|-|-
113,230|-|-|-
114,231|-|-|-
-|-|111,228|-
-|-|112,229|-
-|-|113,230|-
-|-|114,231|-
116,233|-|-|-
-|-|-|111,228
-|-|-|112,229
-|-|-|113,230
-|-|-|114,231
90,207|-|-|-
91,208|-|-|-
92,209|-|-|-
93,210|-|-|-
-|-|93,210|-
-|90,207|-|-
-|91,208|-|-
-|92,209|-|-
-|93,210|-|-
-|-|-|90,207
-|-|-|91,208
-|-|-|92,209
-|-|-|93,210
-|-|-|238
-|-|-|239
-|-|-|240
-|-|-|241
-|242|-|-
-|243|-|-
-|-|248|-
-|-|249|-
-|-|250|-
-|-|251|-
252|-|-|-
253|-|-|-
254|-|-|-
255|-|-|-
-|-|-|248
-|-|-|249
-|-|-|250
-|-|-|251
-|252|-|-
-|253|-|-
-|254|-|-
-|255|-|-
-|-|-|260
-|-|-|261
-|-|-|262
-|-|-|263
-|264|-|-
-|265|-|-
-|266|-|-
-|267|-|-
-|-|-|267
-|-|268|-
-|-|269|-
-|-|270|-
-|-|271|-
272|-|-|-
273|-|-|-
274|-|-|-
275|-|-|-
-|272|-|-
-|273|-|-
-|274|-|-
-|275|-|-
-|-|248|-
-|-|249|-
-|-|250|-
-|-|251|-
254|-|-|-
255|-|-|-
-|-|-|248
-|-|-|249
-|-|-|250
-|-|-|251
-|252|-|-
-|253|-|-
-|254|-|-
-|255|-|-
-|-|-|280
-|-|-|281
-|-|-|282
-|-|-|283
-|-|288|-
-|-|289|-
-|-|290|-
-|-|291|-
292|-|-|-
293|-|-|-
294|-|-|-
295|-|-|-
-|-|-|288
-|-|-|289
-|-|-|290
-|-|-|291
-|292|-|-
-|293|-|-
-|294|-|-
-|295|-|-
-|-|-|300
-|-|-|301
-|-|-|302
-|-|-|303
-|304|-|-
-|305|-|-
-|306|-|-
-|307|-|-
-|-|308|-
-|-|309|-
-|-|310|-
-|-|311|-
312|-|-|-
313|-|-|-
314|-|-|-
315|-|-|-
-|312|-|-
-|313|-|-
-|314|-|-
-|315|-|-
-|-|288|-
-|-|289|-
-|-|290|-
-|-|291|-
294|-|-|-
295|-|-|-
-|-|-|288
-|-|-|289
-|-|-|290
-|-|-|291
-|292|-|-
-|293|-|-
-|294|-|-
-|295|-|-
-|-|-|320
-|-|-|321
-|-|-|322
-|-|-|323
-|-|329|-
-|-|330|-
-|-|331|-
-|-|332|-
333|-|-|-
334|-|-|-
335|-|-|-
336|-|-|-
-|-|-|329
-|-|-|330
-|-|-|331
-|-|-|332
-|333|-|-
-|334|-|-
-|335|-|-
-|336|-|-
-|-|-|341
-|-|-|342
-|-|-|343
-|-|-|344
-|345|-|-
-|346|-|-
-|347|-|-
-|348|-|-
-|-|349|-
-|-|350|-
-|-|351|-
-|-|352|-
353|-|-|-
354|-|-|-
355|-|-|-
356|-|-|-
-|-|356|-
-|353|-|-
-|354|-|-
-|355|-|-
-|356|-|-
-|-|329|-
-|-|330|-
-|-|331|-
-|-|332|-
336|-|-|-
-|-|-|329
-|-|-|330
-|-|-|331
-|-|-|332
-|333|-|-
-|334|-|-
-|335|-|-
-|336|-|-
12,129|-|-|-
13,130|-|-|-
14,131|-|-|-
15,132|-|-|-
-|-|12,129|-
-|-|13,130|-
-|-|14,131|-
-|-|15,132|-
16,133|-|-|-
-|12,129|-|-
-|13,130|-|-
-|14,131|-|-
-|15,132|-|-
-|-|-|12,129
-|-|-|13,130
-|-|-|14,131
-|-|-|15,132
-|-|34,151|-
-|-|35,152|-
-|-|36,153|-
-|-|37,154|-
38,155|-|-|-
39,156|-|-|-
-|-|-|34,151
-|-|-|35,152
-|-|-|36,153
-|-|-|37,154
-|38,155|-|-
-|39,156|-|-
-|12,129|-|-
-|13,130|-|-
-|14,131|-|-
-|15,132|-|-
-|-|-|12,129
-|-|-|13,130
-|-|-|14,131
-|-|-|15,132
17,134|-|-|-
18,135|-|-|-
19,136|-|-|-
20,137|-|-|-
-|-|17,134|-
-|-|18,135|-
-|-|19,136|-
-|-|20,137|-
52,169|-|-|-
53,170|-|-|-
54,171|-|-|-
55,172|-|-|-
-|-|52,169|-
-|-|53,170|-
-|-|54,171|-
-|-|55,172|-
-|52,169|-|-
-|53,170|-|-
-|54,171|-|-
-|55,172|-|-
-|-|-|52,169
-|-|-|53,170
-|-|-|54,171
-|-|-|55,172
-|-|73,190|-
-|-|74,191|-
-|-|75,192|-
-|-|76,193|-
-|-|-|73,190
-|-|-|74,191
-|-|-|75,192
-|-|-|76,193
-|77,194|-|-
-|52,169|-|-
-|53,170|-|-
-|54,171|-|-
-|55,172|-|-
-|-|-|52,169
-|-|-|53,170
-|-|-|54,171
-|-|-|55,172
-|56,173|-|-
57,174|-|-|-
58,175|-|-|-
59,176|-|-|-
60,177|-|-|-
-|-|57,174|-
-|-|58,175|-
-|-|59,176|-
-|-|60,177|-
90,207|-|-|-
91,208|-|-|-
92,209|-|-|-
93,210|-|-|-
-|-|90,207|-
-|-|91,208|-
-|-|92,209|-
-|-|93,210|-
-|90,207|-|-
-|91,208|-|-
-|92,209|-|-
-|93,210|-|-
-|-|-|90,207
-|-|-|91,208
-|-|-|92,209
-|-|-|93,210
-|94,211|-|-
-|-|111,228|-
-|-|112,229|-
-|-|113,230|-
-|-|114,231|-
-|-|-|111,228
-|-|-|112,229
-|-|-|113,230
-|-|-|114,231
-|115,232|-|-
-|116,233|-|-
-|90,207|-|-
-|91,208|-|-
-|92,209|-|-
-|93,210|-|-
-|-|-|90,207
-|-|-|91,208
-|-|-|92,209
-|-|-|93,210
95,212|-|-|-
96,213|-|-|-
97,214|-|-|-
98,215|-|-|-
-|-|95,212|-
-|-|96,213|-
-|-|97,214|-
-|-|98,215|-
-|361,472|-|-
-|362,473|-|-
-|363,474|-|-
-|364,475|-|-
369,480|-|-|-
370,481|-|-|-
371,482|-|-|-
372,483|-|-|-
-|-|369,480|-
-|-|370,481|-
-|-|371,482|-
-|-|372,483|-
-|369,480|-|-
-|370,481|-|-
-|371,482|-|-
-|372,483|-|-
-|-|-|369,480
-|-|-|370,481
-|-|-|371,482
-|-|-|372,483
-|381,492|-|-
-|382,493|-|-
-|383,494|-|-
-|384,495|-|-
-|-|-|381,492
-|-|-|382,493
-|-|-|383,494
-|-|-|384,495
389,500|-|-|-
390,501|-|-|-
391,502|-|-|-
392,503|-|-|-
-|-|389,500|-
-|-|390,501|-
-|-|391,502|-
-|-|392,503|-
393,504|-|-|-
-|-|-|389,500
-|-|-|390,501
-|-|-|391,502
-|-|-|392,503
369,480|-|-|-
370,481|-|-|-
371,482|-|-|-
372,483|-|-|-
-|-|372,483|-
-|369,480|-|-
-|370,481|-|-
-|371,482|-|-
-|372,483|-|-
-|-|-|369,480
-|-|-|370,481
-|-|-|371,482
-|-|-|372,483
-|398,509|-|-
-|399,510|-|-
-|400,511|-|-
-|401,512|-|-
406,517|-|-|-
407,518|-|-|-
408,519|-|-|-
409,520|-|-|-
-|-|406,517|-
-|-|407,518|-
-|-|408,519|-
-|-|409,520|-
-|406,517|-|-
-|407,518|-|-
-|408,519|-|-
-|409,520|-|-
-|-|-|406,517
-|-|-|407,518
-|-|-|408,519
-|-|-|409,520
-|418,529|-|-
-|419,530|-|-
-|420,531|-|-
-|421,532|-|-
-|-|-|418,529
-|-|-|419,530
-|-|-|420,531
-|-|-|421,532
426,537|-|-|-
427,538|-|-|-
428,539|-|-|-
429,540|-|-|-
-|-|426,537|-
-|-|427,538|-
-|-|428,539|-
-|-|429,540|-
-|-|-|426,537
-|-|-|427,538
-|-|-|428,539
-|-|-|429,540
406,517|-|-|-
407,518|-|-|-
408,519|-|-|-
409,520|-|-|-
-|406,517|-|-
-|407,518|-|-
-|408,519|-|-
-|409,520|-|-
-|-|-|406,517
-|-|-|407,518
-|-|-|408,519
-|-|-|409,520
-|435,546|-|-
-|436,547|-|-
-|437,548|-|-
-|438,549|-|-
443,554|-|-|-
444,555|-|-|-
445,556|-|-|-
446,557|-|-|-
-|-|443,554|-
-|-|444,555|-
-|-|445,556|-
-|-|446,557|-
-|443,554|-|-
-|444,555|-|-
-|445,556|-|-
-|446,557|-|-
-|-|-|443,554
-|-|-|444,555
-|-|-|445,556
-|-|-|446,557
-|455,566|-|-
-|456,567|-|-
-|457,568|-|-
-|458,569|-|-
-|-|-|455,566
-|-|-|456,567
-|-|-|457,568
-|-|-|458,569
463,574|-|-|-
464,575|-|-|-
465,576|-|-|-
466,577|-|-|-
-|-|463,574|-
-|-|464,575|-
-|-|465,576|-
-|-|466,577|-
467,578|-|-|-
-|-|-|463,574
-|-|-|464,575
-|-|-|465,576
-|-|-|466,577
443,554|-|-|-
444,555|-|-|-
445,556|-|-|-
446,557|-|-|-
-|443,554|-|-
-|444,555|-|-
-|445,556|-|-
-|446,557|-|-
-|-|-|443,554
-|-|-|444,555
-|-|-|445,556
-|-|-|446,557
-|-|-|583
-|-|-|584
-|-|-|585
-|-|-|586
-|-|592|-
-|-|593|-
-|-|594|-
-|-|595|-
596|-|-|-
597|-|-|-
598|-|-|-
599|-|-|-
-|-|-|592
-|-|-|593
-|-|-|594
-|-|-|595
-|596|-|-
-|597|-|-
-|598|-|-
-|599|-|-
-|-|-|604
-|-|-|605
-|-|-|606
-|-|-|607
-|608|-|-
-|609|-|-
-|610|-|-
-|611|-|-
-|-|612|-
-|-|613|-
-|-|614|-
-|-|615|-
616|-|-|-
617|-|-|-
618|-|-|-
619|-|-|-
-|-|619|-
-|616|-|-
-|617|-|-
-|618|-|-
-|619|-|-
-|-|592|-
-|-|593|-
-|-|594|-
-|-|595|-
599|-|-|-
-|-|-|592
-|-|-|593
-|-|-|594
-|-|-|595
-|596|-|-
-|597|-|-
-|598|-|-
-|599|-|-
-|-|-|624
-|-|-|625
-|-|-|626
-|-|-|627
-|-|632|-
-|-|633|-
-|-|634|-
-|-|635|-
636|-|-|-
637|-|-|-
638|-|-|-
639|-|-|-
-|-|-|632
-|-|-|633
-|-|-|634
-|-|-|635
-|636|-|-
-|637|-|-
-|638|-|-
-|639|-|-
-|-|-|644
-|-|-|645
-|-|-|646
-|-|-|647
-|648|-|-
-|649|-|-
-|650|-|-
-|651|-|-
-|-|652|-
-|-|653|-
-|-|654|-
-|-|655|-
656|-|-|-
657|-|-|-
658|-|-|-
659|-|-|-
-|656|-|-
-|657|-|-
-|658|-|-
-|659|-|-
-|-|632|-
-|-|633|-
-|-|634|-
-|-|635|-
-|-|-|632
-|-|-|633
-|-|-|634
-|-|-|635
-|636|-|-
-|637|-|-
-|638|-|-
-|639|-|-
-|-|-|664
-|-|-|665
-|-|-|666
-|-|-|667
-|-|672|-
-|-|673|-
-|-|674|-
-|-|675|-
676|-|-|-
677|-|-|-
678|-|-|-
679|-|-|-
-|-|-|672
-|-|-|673
-|-|-|674
-|-|-|675
-|676|-|-
-|677|-|-
-|678|-|-
-|679|-|-
-|-|-|684
-|-|-|685
-|-|-|686
-|-|-|687
-|688|-|-
-|689|-|-
-|690|-|-
-|691|-|-
-|-|692|-
-|-|693|-
-|-|694|-
-|-|695|-
696|-|-|-
697|-|-|-
698|-|-|-
699|-|-|-
-|-|699|-
-|696|-|-
-|697|-|-
-|698|-|-
-|699|-|-
-|-|672|-
-|-|673|-
-|-|674|-
-|-|675|-
-|-|-|672
-|-|-|673
-|-|-|674
-|-|-|675
-|676|-|-
-|677|-|-
-|678|-|-
-|679|-|-
369,480|-|-|-
370,481|-|-|-
371,482|-|-|-
372,483|-|-|-
-|-|369,480|-
-|-|370,481|-
-|-|371,482|-
-|-|372,483|-
-|369,480|-|-
-|370,481|-|-
-|371,482|-|-
-|372,483|-|-
-|-|-|369,480
-|-|-|370,481
-|-|-|371,482
-|-|-|372,483
-|-|389,500|-
-|-|390,501|-
-|-|391,502|-
-|-|392,503|-
-|-|-|389,500
-|-|-|390,501
-|-|-|391,502
-|-|-|392,503
-|393,504|-|-
-|369,480|-|-
-|370,481|-|-
-|371,482|-|-
-|372,483|-|-
-|-|-|369,480
-|-|-|370,481
-|-|-|371,482
-|-|-|372,483
373,484|-|-|-
374,485|-|-|-
375,486|-|-|-
376,487|-|-|-
-|-|373,484|-
-|-|374,485|-
-|-|375,486|-
-|-|376,487|-
406,517|-|-|-
407,518|-|-|-
408,519|-|-|-
409,520|-|-|-
-|-|406,517|-
-|-|407,518|-
-|-|408,519|-
-|-|409,520|-
-|406,517|-|-
-|407,518|-|-
-|408,519|-|-
-|409,520|-|-
-|-|-|406,517
-|-|-|407,518
-|-|-|408,519
-|-|-|409,520
-|-|426,537|-
-|-|427,538|-
-|-|428,539|-
-|-|429,540|-
-|-|-|426,537
-|-|-|427,538
-|-|-|428,539
-|-|-|429,540
-|430,541|-|-
-|406,517|-|-
-|407,518|-|-
-|408,519|-|-
-|409,520|-|-
-|-|-|406,517
-|-|-|407,518
-|-|-|408,519
-|-|-|409,520
410,521|-|-|-
411,522|-|-|-
412,523|-|-|-
413,524|-|-|-
-|-|410,521|-
-|-|411,522|-
-|-|412,523|-
-|-|413,524|-
443,554|-|-|-
444,555|-|-|-
445,556|-|-|-
446,557|-|-|-
-|-|443,554|-
-|-|444,555|-
-|-|445,556|-
-|-|446,557|-
-|443,554|-|-
-|444,555|-|-
-|445,556|-|-
-|446,557|-|-
-|-|-|443,554
-|-|-|444,555
-|-|-|445,556
-|-|-|446,557
-|-|463,574|-
-|-|464,575|-
-|-|465,576|-
-|-|466,577|-
-|-|-|463,574
-|-|-|464,575
-|-|-|465,576
-|-|-|466,577
-|467,578|-|-
-|443,554|-|-
-|444,555|-|-
-|445,556|-|-
-|446,557|-|-
-|-|-|443,554
-|-|-|444,555
-|-|-|445,556
-|-|-|446,557
447,558|-|-|-
448,559|-|-|-
449,560|-|-|-
450,561|-|-|-
-|-|447,558|-
-|-|448,559|-
-|-|449,560|-
-|-|450,561|-
2534,2555,2656,2675,2968,2984,3060,3076|2768,2788,2882,2896|-|-
2535,2556,2657,2676,2969,2985,3061,3077|2769,2789,2883,2897|-|-
2536,2557,2658,2677,2970,2986,3062,3078|2770,2790,2884,2898|-|-
2537,2558,2659,2678,2971,2987,3063,3079|2771,2791,2885,2899|-|-
-|-|2534,2555,2656,2675,2968,2984,3060,3076|2768,2788,2882,2896
-|-|2535,2556,2657,2676,2969,2985,3061,3077|2769,2789,2883,2897
-|-|2536,2557,2658,2677,2970,2986,3062,3078|2770,2790,2884,2898
-|-|2537,2558,2659,2678,2971,2987,3063,3079|2771,2791,2885,2899
2541,2562,2663,2682,2975,2991,3067,3083|2773,2793,2887,2901|-|-
2774,2794,2888,2902|2534,2555,2656,2675,2968,2984,3060,3076|-|-
2775,2795,2889,2903|2535,2556,2657,2676,2969,2985,3061,3077|-|-
2776,2796,2890,2904|2536,2557,2658,2677,2970,2986,3062,3078|-|-
2777,2797,2891,2905|2537,2558,2659,2678,2971,2987,3063,3079|-|-
-|-|2774,2794,2888,2902|2534,2555,2656,2675,2968,2984,3060,3076
-|-|2775,2795,2889,2903|2535,2556,2657,2676,2969,2985,3061,3077
-|-|2776,2796,2890,2904|2536,2557,2658,2677,2970,2986,3062,3078
-|-|2777,2797,2891,2905|2537,2558,2659,2678,2971,2987,3063,3079
2778,2798,2892,2906|2538,2559,2660,2679,2972,2988,3064,3080|-|-
2779,2799,2893,2907|2539,2560,2661,2680,2973,2989,3065,3081|-|-
2780,2800,2894,2908|2540,2561,2662,2681,2974,2990,3066,3082|-|-
2781,2801,2895,2909|2541,2562,2663,2682,2975,2991,3067,3083|-|-
-|-|2576,2694,3000,3092|2808,2910
-|-|2577,2695,3001,3093|2809,2911
-|-|2578,2696,3002,3094|2810,2912
-|-|2579,2697,3003,3095|2811,2913
2580,2698,3004,3096|2812,2914|-|-
2581,2699,3005,3097|2813,2915|-|-
2582,2700,3006,3098|2814,2916|-|-
2583,2701,3007,3099|2815,2917|-|-
-|-|2583,2701,3007,3099|2815,2917
-|-|2816,2918|2576,2694,3000,3092
-|-|2817,2919|2577,2695,3001,3093
-|-|2818,2920|2578,2696,3002,3094
-|-|2819,2921|2579,2697,3003,3095
2820,2922|2580,2698,3004,3096|-|-
2821,2923|2581,2699,3005,3097|-|-
2822,2924|2582,2700,3006,3098|-|-
2823,2925|2583,2701,3007,3099|-|-
-|-|2820,2922|2580,2698,3004,3096
-|-|2821,2923|2581,2699,3005,3097
-|-|2822,2924|2582,2700,3006,3098
-|-|2823,2925|2583,2701,3007,3099
2774,2794,2888,2902|2534,2555,2656,2675,2968,2984,3060,3076|-|-
2775,2795,2889,2903|2535,2556,2657,2676,2969,2985,3061,3077|-|-
2776,2796,2890,2904|2536,2557,2658,2677,2970,2986,3062,3078|-|-
2777,2797,2891,2905|2537,2558,2659,2678,2971,2987,3063,3079|-|-
-|-|2774,2794,2888,2902|2534,2555,2656,2675,2968,2984,3060,3076
-|-|2775,2795,2889,2903|2535,2556,2657,2676,2969,2985,3061,3077
-|-|2776,2796,2890,2904|2536,2557,2658,2677,2970,2986,3062,3078
-|-|2777,2797,2891,2905|2537,2558,2659,2678,2971,2987,3063,3079
2778,2798,2892,2906|2538,2559,2660,2679,2972,2988,3064,3080|-|-
2779,2799,2893,2907|2539,2560,2661,2680,2973,2989,3065,3081|-|-
2780,2800,2894,2908|2540,2561,2662,2681,2974,2990,3066,3082|-|-
2781,2801,2895,2909|2541,2562,2663,2682,2975,2991,3067,3083|-|-
-|-|2543,2564,2665,2684,2976,2992,3068,3084|2774,2794,2888,2902
-|-|2544,2565,2666,2685,2977,2993,3069,3085|2775,2795,2889,2903
-|-|2545,2566,2667,2686,2978,2994,3070,3086|2776,2796,2890,2904
-|-|2546,2567,2668,2687,2979,2995,3071,3087|2777,2797,2891,2905
2547,2568,2669,2688,2980,2996,3072,3088|2778,2798,2892,2906|-|-
2548,2569,2670,2689,2981,2997,3073,3089|2779,2799,2893,2907|-|-
2549,2570,2671,2690,2982,2998,3074,3090|2780,2800,2894,2908|-|-
2550,2571,2672,2691,2983,2999,3075,3091|2781,2801,2895,2909|-|-
2596,2616,2714,2731,3015,3031,3100,3116|2828,2845,2927,2939|-|-
2597,2617,2715,2732,3016,3032,3101,3117|2829,2846,2928,2940|-|-
2598,2618,2716,2733,3017,3033,3102,3118|2830,2847,2929,2941|-|-
2599,2619,2717,2734,3018,3034,3103,3119|2831,2848,2930,2942|-|-
-|-|2596,2616,2714,2731,3015,3031,3100,3116|2828,2845,2927,2939
-|-|2597,2617,2715,2732,3016,3032,3101,3117|2829,2846,2928,2940
-|-|2598,2618,2716,2733,3017,3033,3102,3118|2830,2847,2929,2941
-|-|2599,2619,2717,2734,3018,3034,3103,3119|2831,2848,2930,2942
2832,2849,2931,2943|2596,2616,2714,2731,3015,3031,3100,3116|-|-
2833,2850,2932,2944|2597,2617,2715,2732,3016,3032,3101,3117|-|-
2834,2851,2933,2945|2598,2618,2716,2733,3017,3033,3102,3118|-|-
2835,2852,2934,2946|2599,2619,2717,2734,3018,3034,3103,3119|-|-
-|-|2832,2849,2931,2943|2596,2616,2714,2731,3015,3031,3100,3116
-|-|2833,2850,2932,2944|2597,2617,2715,2732,3016,3032,3101,3117
-|-|2834,2851,2933,2945|2598,2618,2716,2733,3017,3033,3102,3118
-|-|2835,2852,2934,2946|2599,2619,2717,2734,3018,3034,3103,3119
2836,2853,2935,2947|2600,2620,2718,2735,3019,3035,3104,3120|-|-
2837,2854,2936,2948|2601,2621,2719,2736,3020,3036,3105,3121|-|-
2838,2855,2937,2949|2602,2622,2720,2737,3021,3037,3106,3122|-|-
2839,2856,2938,2950|2603,2623,2721,2738,3022,3038,3107,3123|-|-
-|-|2636,2748,3047,3132|2862,2951
-|-|2637,2749,3048,3133|2863,2952
-|-|2638,2750,3049,3134|2864,2953
-|-|2639,2751,3050,3135|2865,2954
2640,2752,3051,3136|2866,2955|-|-
2641,2753,3052,3137|2867,2956|-|-
2642,2754,3053,3138|2868,2957|-|-
2643,2755,3054,3139|2869,2958|-|-
-|-|2870,2959|2636,2748,3047,3132
-|-|2871,2960|2637,2749,3048,3133
-|-|2872,2961|2638,2750,3049,3134
-|-|2873,2962|2639,2751,3050,3135
2874,2963|2640,2752,3051,3136|-|-
2875,2964|2641,2753,3052,3137|-|-
2876,2965|2642,2754,3053,3138|-|-
2877,2966|2643,2755,3054,3139|-|-
-|-|2874,2963|2640,2752,3051,3136
-|-|2875,2964|2641,2753,3052,3137
-|-|2876,2965|2642,2754,3053,3138
-|-|2877,2966|2643,2755,3054,3139
2832,2849,2931,2943|2596,2616,2714,2731,3015,3031,3100,3116|-|-
2833,2850,2932,2944|2597,2617,2715,2732,3016,3032,3101,3117|-|-
2834,2851,2933,2945|2598,2618,2716,2733,3017,3033,3102,3118|-|-
2835,2852,2934,2946|2599,2619,2717,2734,3018,3034,3103,3119|-|-
-|-|2832,2849,2931,2943|2596,2616,2714,2731,3015,3031,3100,3116
-|-|2833,2850,2932,2944|2597,2617,2715,2732,3016,3032,3101,3117
-|-|2834,2851,2933,2945|2598,2618,2716,2733,3017,3033,3102,3118
-|-|2835,2852,2934,2946|2599,2619,2717,2734,3018,3034,3103,3119
2836,2853,2935,2947|2600,2620,2718,2735,3019,3035,3104,3120|-|-
2837,2854,2936,2948|2601,2621,2719,2736,3020,3036,3105,3121|-|-
2838,2855,2937,2949|2602,2622,2720,2737,3021,3037,3106,3122|-|-
2839,2856,2938,2950|2603,2623,2721,2738,3022,3038,3107,3123|-|-
-|-|2604,2624,2722,2739,3023,3039,3108,3124|2832,2849,2931,2943
-|-|2605,2625,2723,2740,3024,3040,3109,3125|2833,2850,2932,2944
-|-|2606,2626,2724,2741,3025,3041,3110,3126|2834,2851,2933,2945
-|-|2607,2627,2725,2742,3026,3042,3111,3127|2835,2852,2934,2946
2608,2628,2726,2743,3027,3043,3112,3128|2836,2853,2935,2947|-|-
2609,2629,2727,2744,3028,3044,3113,3129|2837,2854,2936,2948|-|-
2610,2630,2728,2745,3029,3045,3114,3130|2838,2855,2937,2949|-|-
2611,2631,2729,2746,3030,3046,3115,3131|2839,2856,2938,2950|-|-
-|-|2774,2794|2534,2555,2968,2984
-|-|2775,2795|2535,2556,2969,2985
-|-|2776,2796|2536,2557,2970,2986
-|-|2777,2797|2537,2558,2971,2987
2778,2798|2538,2559,2972,2988|-|-
2779,2799|2539,2560,2973,2989|-|-
2780,2800|2540,2561,2974,2990|-|-
2781,2801|2541,2562,2975,2991|-|-
-|-|2781,2801|2541,2562,2975,2991
-|-|2543,2564,2976,2992|2774,2794
-|-|2544,2565,2977,2993|2775,2795
-|-|2545,2566,2978,2994|2776,2796
-|-|2546,2567,2979,2995|2777,2797
2547,2568,2980,2996|2778,2798|-|-
2548,2569,2981,2997|2779,2799|-|-
2549,2570,2982,2998|2780,2800|-|-
2550,2571,2983,2999|2781,2801|-|-
-|-|2549,2570,2982,2998|2780,2800
-|-|2550,2571,2983,2999|2781,2801
2820|2580,3004|-|-
2821|2581,3005|-|-
2822|2582,3006|-|-
2823|2583,3007|-|-
-|-|2820|2580,3004
-|-|2821|2581,3005
-|-|2822|2582,3006
-|-|2823|2583,3007
2827|2587,3008|-|-
2588,3009|2820|-|-
2589,3010|2821|-|-
2590,3011|2822|-|-
2591,3012|2823|-|-
-|-|2588,3009|2820
-|-|2589,3010|2821
-|-|2590,3011|2822
-|-|2591,3012|2823
2594,3013|2826|-|-
2595,3014|2827|-|-
-|-|2543,2564,2976,2992|2774,2794
-|-|2544,2565,2977,2993|2775,2795
-|-|2545,2566,2978,2994|2776,2796
-|-|2546,2567,2979,2995|2777,2797
2547,2568,2980,2996|2778,2798|-|-
2548,2569,2981,2997|2779,2799|-|-
2549,2570,2982,2998|2780,2800|-|-
2550,2571,2983,2999|2781,2801|-|-
-|-|2547,2568,2980,2996|2778,2798
-|-|2548,2569,2981,2997|2779,2799
-|-|2549,2570,2982,2998|2780,2800
-|-|2550,2571,2983,2999|2781,2801
2783,2803|2547,2568,2980,2996|-|-
2784,2804|2548,2569,2981,2997|-|-
2785,2805|2549,2570,2982,2998|-|-
2786,2806|2550,2571,2983,2999|-|-
-|-|2783,2803|2547,2568,2980,2996
-|-|2784,2804|2548,2569,2981,2997
-|-|2785,2805|2549,2570,2982,2998
-|-|2786,2806|2550,2571,2983,2999
-|-|2832,2849|2596,2616,3015,3031
-|-|2833,2850|2597,2617,3016,3032
-|-|2834,2851|2598,2618,3017,3033
-|-|2835,2852|2599,2619,3018,3034
2836,2853|2600,2620,3019,3035|-|-
2837,2854|2601,2621,3020,3036|-|-
2838,2855|2602,2622,3021,3037|-|-
2839,2856|2603,2623,3022,3038|-|-
-|-|2604,2624,3023,3039|2832,2849
-|-|2605,2625,3024,3040|2833,2850
-|-|2606,2626,3025,3041|2834,2851
-|-|2607,2627,3026,3042|2835,2852
2608,2628,3027,3043|2836,2853|-|-
2609,2629,3028,3044|2837,2854|-|-
2610,2630,3029,3045|2838,2855|-|-
2611,2631,3030,3046|2839,2856|-|-
-|-|2611,2631,3030,3046|2839,2856
2874|2640,3051|-|-
2875|2641,3052|-|-
2876|2642,3053|-|-
2877|2643,3054|-|-
-|-|2874|2640,3051
-|-|2875|2641,3052
-|-|2876|2642,3053
-|-|2877|2643,3054
2648,3055|2874|-|-
2649,3056|2875|-|-
2650,3057|2876|-|-
2651,3058|2877|-|-
-|-|2648,3055|2874
-|-|2649,3056|2875
-|-|2650,3057|2876
-|-|2651,3058|2877
2655,3059|2881|-|-
-|-|2604,2624,3023,3039|2832,2849
-|-|2605,2625,3024,3040|2833,2850
-|-|2606,2626,3025,3041|2834,2851
-|-|2607,2627,3026,3042|2835,2852
2608,2628,3027,3043|2836,2853|-|-
2609,2629,3028,3044|2837,2854|-|-
2610,2630,3029,3045|2838,2855|-|-
2611,2631,3030,3046|2839,2856|-|-
-|-|2608,2628,3027,3043|2836,2853
-|-|2609,2629,3028,3044|2837,2854
-|-|2610,2630,3029,3045|2838,2855
-|-|2611,2631,3030,3046|2839,2856
2840,2857|2608,2628,3027,3043|-|-
2841,2858|2609,2629,3028,3044|-|-
2842,2859|2610,2630,3029,3045|-|-
2843,2860|2611,2631,3030,3046|-|-
-|-|2840,2857|2608,2628,3027,3043
-|-|2841,2858|2609,2629,3028,3044
-|-|2842,2859|2610,2630,3029,3045
-|-|2843,2860|2611,2631,3030,3046
-|-|2534,2555,2656,2675|2768,2788,2882,2896
-|-|2535,2556,2657,2676|2769,2789,2883,2897
-|-|2536,2557,2658,2677|2770,2790,2884,2898
-|-|2537,2558,2659,2678|2771,2791,2885,2899
2540,2561,2662,2681|2772,2792,2886,2900|-|-
2541,2562,2663,2682|2773,2793,2887,2901|-|-
-|-|2774,2794,2888,2902|2534,2555,2656,2675
-|-|2775,2795,2889,2903|2535,2556,2657,2676
-|-|2776,2796,2890,2904|2536,2557,2658,2677
-|-|2777,2797,2891,2905|2537,2558,2659,2678
2778,2798,2892,2906|2538,2559,2660,2679|-|-
2779,2799,2893,2907|2539,2560,2661,2680|-|-
2780,2800,2894,2908|2540,2561,2662,2681|-|-
2781,2801,2895,2909|2541,2562,2663,2682|-|-
-|-|2781,2801,2895,2909|2541,2562,2663,2682
2547,2568,2669,2688|2778,2798,2892,2906|-|-
2548,2569,2670,2689|2779,2799,2893,2907|-|-
2549,2570,2671,2690|2780,2800,2894,2908|-|-
2550,2571,2672,2691|2781,2801,2895,2909|-|-
-|-|2550,2571,2672,2691|2781,2801,2895,2909
2580,2698|2812,2914|-|-
2581,2699|2813,2915|-|-
2582,2700|2814,2916|-|-
2583,2701|2815,2917|-|-
-|-|2582,2700|2814,2916
-|-|2583,2701|2815,2917
2820,2922|2580,2698|-|-
2821,2923|2581,2699|-|-
2822,2924|2582,2700|-|-
2823,2925|2583,2701|-|-
-|-|2820,2922|2580,2698
-|-|2821,2923|2581,2699
-|-|2822,2924|2582,2700
-|-|2823,2925|2583,2701
2827,2926|2587,2705|-|-
-|-|2588,2706|2820,2922
-|-|2589,2707|2821,2923
-|-|2590,2708|2822,2924
-|-|2591,2709|2823,2925
2595,2713|2827,2926|-|-
-|-|2774,2794,2888,2902|2534,2555,2656,2675
-|-|2775,2795,2889,2903|2535,2556,2657,2676
-|-|2776,2796,2890,2904|2536,2557,2658,2677
-|-|2777,2797,2891,2905|2537,2558,2659,2678
2778,2798,2892,2906|2538,2559,2660,2679|-|-
2779,2799,2893,2907|2539,2560,2661,2680|-|-
2780,2800,2894,2908|2540,2561,2662,2681|-|-
2781,2801,2895,2909|2541,2562,2663,2682|-|-
-|-|2781,2801,2895,2909|2541,2562,2663,2682
-|-|2543,2564,2665,2684|2774,2794,2888,2902
-|-|2544,2565,2666,2685|2775,2795,2889,2903
-|-|2545,2566,2667,2686|2776,2796,2890,2904
-|-|2546,2567,2668,2687|2777,2797,2891,2905
2547,2568,2669,2688|2778,2798,2892,2906|-|-
2548,2569,2670,2689|2779,2799,2893,2907|-|-
2549,2570,2671,2690|2780,2800,2894,2908|-|-
2550,2571,2672,2691|2781,2801,2895,2909|-|-
-|-|2547,2568,2669,2688|2778,2798,2892,2906
-|-|2548,2569,2670,2689|2779,2799,2893,2907
-|-|2549,2570,2671,2690|2780,2800,2894,2908
-|-|2550,2571,2672,2691|2781,2801,2895,2909
-|-|2596,2616,2714,2731|2828,2845,2927,2939
-|-|2597,2617,2715,2732|2829,2846,2928,2940
-|-|2598,2618,2716,2733|2830,2847,2929,2941
-|-|2599,2619,2717,2734|2831,2848,2930,2942
-|-|2832,2849,2931,2943|2596,2616,2714,2731
-|-|2833,2850,2932,2944|2597,2617,2715,2732
-|-|2834,2851,2933,2945|2598,2618,2716,2733
-|-|2835,2852,2934,2946|2599,2619,2717,2734
2836,2853,2935,2947|2600,2620,2718,2735|-|-
2837,2854,2936,2948|2601,2621,2719,2736|-|-
2838,2855,2937,2949|2602,2622,2720,2737|-|-
2839,2856,2938,2950|2603,2623,2721,2738|-|-
-|-|2839,2856,2938,2950|2603,2623,2721,2738
2608,2628,2726,2743|2836,2853,2935,2947|-|-
2609,2629,2727,2744|2837,2854,2936,2948|-|-
2610,2630,2728,2745|2838,2855,2937,2949|-|-
2611,2631,2729,2746|2839,2856,2938,2950|-|-
-|-|2611,2631,2729,2746|2839,2856,2938,2950
2640,2752|2866,2955|-|-
2641,2753|2867,2956|-|-
2642,2754|2868,2957|-|-
2643,2755|2869,2958|-|-
2874,2963|2640,2752|-|-
2875,2964|2641,2753|-|-
2876,2965|2642,2754|-|-
2877,2966|2643,2755|-|-
-|-|2874,2963|2640,2752
-|-|2875,2964|2641,2753
-|-|2876,2965|2642,2754
-|-|2877,2966|2643,2755
2881,2967|2647,2759|-|-
-|-|2648,2760|2874,2963
-|-|2649,2761|2875,2964
-|-|2650,2762|2876,2965
-|-|2651,2763|2877,2966
2655,2767|2881,2967|-|-
-|-|2832,2849,2931,2943|2596,2616,2714,2731
-|-|2833,2850,2932,2944|2597,2617,2715,2732
-|-|2834,2851,2933,2945|2598,2618,2716,2733
-|-|2835,2852,2934,2946|2599,2619,2717,2734
2836,2853,2935,2947|2600,2620,2718,2735|-|-
2837,2854,2936,2948|2601,2621,2719,2736|-|-
2838,2855,2937,2949|2602,2622,2720,2737|-|-
2839,2856,2938,2950|2603,2623,2721,2738|-|-
-|-|2604,2624,2722,2739|2832,2849,2931,2943
-|-|2605,2625,2723,2740|2833,2850,2932,2944
-|-|2606,2626,2724,2741|2834,2851,2933,2945
-|-|2607,2627,2725,2742|2835,2852,2934,2946
2608,2628,2726,2743|2836,2853,2935,2947|-|-
2609,2629,2727,2744|2837,2854,2936,2948|-|-
2610,2630,2728,2745|2838,2855,2937,2949|-|-
2611,2631,2729,2746|2839,2856,2938,2950|-|-
-|-|2608,2628,2726,2743|2836,2853,2935,2947
-|-|2609,2629,2727,2744|2837,2854,2936,2948
-|-|2610,2630,2728,2745|2838,2855,2937,2949
-|-|2611,2631,2729,2746|2839,2856,2938,2950
2778,2798|2538,2559|-|-
2779,2799|2539,2560|-|-
2780,2800|2540,2561|-|-
2781,2801|2541,2562|-|-
-|-|2780,2800|2540,2561
-|-|2781,2801|2541,2562
2547,2568|2778,2798|-|-
2548,2569|2779,2799|-|-
2549,2570|2780,2800|-|-
2550,2571|2781,2801|-|-
-|-|2547,2568|2778,2798
-|-|2548,2569|2779,2799
-|-|2549,2570|2780,2800
-|-|2550,2571|2781,2801
-|-|2820|2580
-|-|2821|2581
-|-|2822|2582
-|-|2823|2583
2826|2586|-|-
2827|2587|-|-
-|-|2588|2820
-|-|2589|2821
-|-|2590|2822
-|-|2591|2823
2592|2824|-|-
2593|2825|-|-
2594|2826|-|-
2595|2827|-|-
2547,2568|2778,2798|-|-
2548,2569|2779,2799|-|-
2549,2570|2780,2800|-|-
2550,2571|2781,2801|-|-
-|-|2547,2568|2778,2798
-|-|2548,2569|2779,2799
-|-|2549,2570|2780,2800
-|-|2550,2571|2781,2801
2554,2575|2782,2802|-|-
2783,2803|2547,2568|-|-
2784,2804|2548,2569|-|-
2785,2805|2549,2570|-|-
2786,2806|2550,2571|-|-
-|-|2783,2803|2547,2568
-|-|2784,2804|2548,2569
-|-|2785,2805|2549,2570
-|-|2786,2806|2550,2571
2787,2807|2554,2575|-|-
2836,2853|2600,2620|-|-
2837,2854|2601,2621|-|-
2838,2855|2602,2622|-|-
2839,2856|2603,2623|-|-
2608,2628|2836,2853|-|-
2609,2629|2837,2854|-|-
2610,2630|2838,2855|-|-
2611,2631|2839,2856|-|-
-|-|2608,2628|2836,2853
-|-|2609,2629|2837,2854
-|-|2610,2630|2838,2855
-|-|2611,2631|2839,2856
-|-|2874|2640
-|-|2875|2641
-|-|2876|2642
-|-|2877|2643
-|-|2648|2874
-|-|2649|2875
-|-|2650|2876
-|-|2651|2877
2652|2878|-|-
2653|2879|-|-
2654|2880|-|-
2655|2881|-|-
2608,2628|2836,2853|-|-
2609,2629|2837,2854|-|-
2610,2630|2838,2855|-|-
2611,2631|2839,2856|-|-
-|-|2608,2628|2836,2853
-|-|2609,2629|2837,2854
-|-|2610,2630|2838,2855
-|-|2611,2631|2839,2856
2840,2857|2608,2628|-|-
2841,2858|2609,2629|-|-
2842,2859|2610,2630|-|-
2843,2860|2611,2631|-|-
-|-|2840,2857|2608,2628
-|-|2841,2858|2609,2629
-|-|2842,2859|2610,2630
-|-|2843,2860|2611,2631
2844,2861|2615,2635|-|-
-|2538,2559,2660,2679|-|-
-|2539,2560,2661,2680|-|-
-|2540,2561,2662,2681|-|-
-|2541,2562,2663,2682|-|-
-|-|-|2538,2559,2660,2679
-|-|-|2539,2560,2661,2680
-|-|-|2540,2561,2662,2681
-|-|-|2541,2562,2663,2682
-|2542,2563,2664,2683|-|-
2547,2568,2669,2688|-|-|-
2548,2569,2670,2689|-|-|-
2549,2570,2671,2690|-|-|-
2550,2571,2672,2691|-|-|-
-|-|2547,2568,2669,2688|-
-|-|2548,2569,2670,2689|-
-|-|2549,2570,2671,2690|-
-|-|2550,2571,2672,2691|-
-|-|-|2580,2698
-|-|-|2581,2699
-|-|-|2582,2700
-|-|-|2583,2701
-|2584,2702|-|-
-|2585,2703|-|-
-|2586,2704|-|-
-|2587,2705|-|-
-|-|-|2587,2705
-|-|2588,2706|-
-|-|2589,2707|-
-|-|2590,2708|-
-|-|2591,2709|-
2592,2710|-|-|-
2593,2711|-|-|-
2594,2712|-|-|-
2595,2713|-|-|-
2547,2568,2669,2688|-|-|-
2548,2569,2670,2689|-|-|-
2549,2570,2671,2690|-|-|-
2550,2571,2672,2691|-|-|-
-|-|2547,2568,2669,2688|-
-|-|2548,2569,2670,2689|-
-|-|2549,2570,2671,2690|-
-|-|2550,2571,2672,2691|-
2553,2574,2673,2692|-|-|-
2554,2575,2674,2693|-|-|-
-|-|-|2547,2568,2669,2688
-|-|-|2548,2569,2670,2689
-|-|-|2549,2570,2671,2690
-|-|-|2550,2571,2672,2691
-|2553,2574,2673,2692|-|-
-|2554,2575,2674,2693|-|-
-|2600,2620,2718,2735|-|-
-|2601,2621,2719,2736|-|-
-|2602,2622,2720,2737|-|-
-|2603,2623,2721,2738|-|-
-|-|-|2600,2620,2718,2735
-|-|-|2601,2621,2719,2736
-|-|-|2602,2622,2720,2737
-|-|-|2603,2623,2721,2738
2608,2628,2726,2743|-|-|-
2609,2629,2727,2744|-|-|-
2610,2630,2728,2745|-|-|-
2611,2631,2729,2746|-|-|-
-|-|2608,2628,2726,2743|-
-|-|2609,2629,2727,2744|-
-|-|2610,2630,2728,2745|-
-|-|2611,2631,2729,2746|-
2615,2635,2730,2747|-|-|-
-|-|-|2640,2752
-|-|-|2641,2753
-|-|-|2642,2754
-|-|-|2643,2755
-|2644,2756|-|-
-|2645,2757|-|-
-|2646,2758|-|-
-|2647,2759|-|-
-|-|2648,2760|-
-|-|2649,2761|-
-|-|2650,2762|-
-|-|2651,2763|-
2652,2764|-|-|-
2653,2765|-|-|-
2654,2766|-|-|-
2655,2767|-|-|-
-|-|2655,2767|-
2608,2628,2726,2743|-|-|-
2609,2629,2727,2744|-|-|-
2610,2630,2728,2745|-|-|-
2611,2631,2729,2746|-|-|-
-|-|2608,2628,2726,2743|-
-|-|2609,2629,2727,2744|-
-|-|2610,2630,2728,2745|-
-|-|2611,2631,2729,2746|-
-|-|-|2608,2628,2726,2743
-|-|-|2609,2629,2727,2744
-|-|-|2610,2630,2728,2745
-|-|-|2611,2631,2729,2746
-|2615,2635,2730,2747|-|-
-|-|2547,2568|-
-|-|2548,2569|-
-|-|2549,2570|-
-|-|2550,2571|-
2551,2572|-|-|-
2552,2573|-|-|-
2553,2574|-|-|-
2554,2575|-|-|-
-|-|-|2547,2568
-|-|-|2548,2569
-|-|-|2549,2570
-|-|-|2550,2571
-|2551,2572|-|-
-|2552,2573|-|-
-|2553,2574|-|-
-|2554,2575|-|-
2592|-|-|-
2593|-|-|-
2594|-|-|-
2595|-|-|-
-|-|2592|-
-|-|2593|-
-|-|2594|-
-|-|2595|-
-|2592|-|-
-|2593|-|-
-|2594|-|-
-|2595|-|-
-|-|-|2592
-|-|-|2593
-|-|-|2594
-|-|-|2595
-|-|-|2547,2568
-|-|-|2548,2569
-|-|-|2549,2570
-|-|-|2550,2571
-|2551,2572|-|-
-|2552,2573|-|-
-|2553,2574|-|-
-|2554,2575|-|-
-|-|-|2554,2575
-|-|2608,2628|-
-|-|2609,2629|-
-|-|2610,2630|-
-|-|2611,2631|-
2612,2632|-|-|-
2613,2633|-|-|-
2614,2634|-|-|-
2615,2635|-|-|-
-|-|-|2608,2628
-|-|-|2609,2629
-|-|-|2610,2630
-|-|-|2611,2631
-|2612,2632|-|-
-|2613,2633|-|-
-|2614,2634|-|-
-|2615,2635|-|-
2652|-|-|-
2653|-|-|-
2654|-|-|-
2655|-|-|-
-|-|2652|-
-|-|2653|-
-|-|2654|-
-|-|2655|-
-|2652|-|-
-|2653|-|-
-|2654|-|-
-|2655|-|-
-|-|-|2652
-|-|-|2653
-|-|-|2654
-|-|-|2655
-|-|-|2608,2628
-|-|-|2609,2629
-|-|-|2610,2630
-|-|-|2611,2631
-|2612,2632|-|-
-|2613,2633|-|-
-|2614,2634|-|-
-|2615,2635|-|-
TRANS 2
0,241|433,675|-|-
1,242|434,676|-|-
2,243|435,677|-|-
3,244|436,678|-|-
-|-|0,241|433,675
-|-|1,242|434,676
-|-|2,243|435,677
-|-|3,244|436,678
437,679|0,241|-|-
438,680|1,242|-|-
439,681|2,243|-|-
440,682|3,244|-|-
-|-|437,679|0,241
-|-|438,680|1,242
-|-|439,681|2,243
-|-|440,682|3,244
444,686|7,248|-|-
-|-|8,249|437,679
-|-|9,250|438,680
-|-|10,251|439,681
-|-|11,252|440,682
437,679|0,241|-|-
438,680|1,242|-|-
439,681|2,243|-|-
440,682|3,244|-|-
-|-|437,679|0,241
-|-|438,680|1,242
-|-|439,681|2,243
-|-|440,682|3,244
444,686|7,248|-|-
8,249|437,679|-|-
9,250|438,680|-|-
10,251|439,681|-|-
11,252|440,682|-|-
-|-|8,249|437,679
-|-|9,250|438,680
-|-|10,251|439,681
-|-|11,252|440,682
14,255|443,685|-|-
15,256|444,686|-|-
20,257|453,695|-|-
21,258|454,696|-|-
22,259|455,697|-|-
23,260|456,698|-|-
-|-|20,257|453,695
-|-|21,258|454,696
-|-|22,259|455,697
-|-|23,260|456,698
457,699|20,257|-|-
458,700|21,258|-|-
459,701|22,259|-|-
460,702|23,260|-|-
-|-|457,699|20,257
-|-|458,700|21,258
-|-|459,701|22,259
-|-|460,702|23,260
464,706|27,264|-|-
-|-|28,265|457,699
-|-|29,266|458,700
-|-|30,267|459,701
-|-|31,268|460,702
457,699|20,257|-|-
458,700|21,258|-|-
459,701|22,259|-|-
460,702|23,260|-|-
-|-|457,699|20,257
-|-|458,700|21,258
-|-|459,701|22,259
-|-|460,702|23,260
28,265|457,699|-|-
29,266|458,700|-|-
30,267|459,701|-|-
31,268|460,702|-|-
-|-|28,265|457,699
-|-|29,266|458,700
-|-|30,267|459,701
-|-|31,268|460,702
35,272|464,706|-|-
40,273|473,715|-|-
41,274|474,716|-|-
42,275|475,717|-|-
43,276|476,718|-|-
-|-|40,273|473,715
-|-|41,274|474,716
-|-|42,275|475,717
-|-|43,276|476,718
477,719|40,273|-|-
478,720|41,274|-|-
479,721|42,275|-|-
480,722|43,276|-|-
-|-|477,719|40,273
-|-|478,720|41,274
-|-|479,721|42,275
-|-|480,722|43,276
484,726|47,280|-|-
-|-|48,281|477,719
-|-|49,282|478,720
-|-|50,283|479,721
-|-|51,284|480,722
477,719|40,273|-|-
478,720|41,274|-|-
479,721|42,275|-|-
480,722|43,276|-|-
-|-|477,719|40,273
-|-|478,720|41,274
-|-|479,721|42,275
-|-|480,722|43,276
48,281|477,719|-|-
49,282|478,720|-|-
50,283|479,721|-|-
51,284|480,722|-|-
-|-|48,281|477,719
-|-|49,282|478,720
-|-|50,283|479,721
-|-|51,284|480,722
54,287|483,725|-|-
55,288|484,726|-|-
-|-|60,289|493,735
-|-|61,290|494,736
-|-|62,291|495,737
-|-|63,292|496,738
64,293|497,739|-|-
65,294|498,740|-|-
66,295|499,741|-|-
67,296|500,742|-|-
-|-|501,743|60,289
-|-|502,744|61,290
-|-|503,745|62,291
-|-|504,746|63,292
505,747|64,293|-|-
506,748|65,294|-|-
507,749|66,295|-|-
508,750|67,296|-|-
-|-|508,750|67,296
73,301|505,747|-|-
74,302|506,748|-|-
75,303|507,749|-|-
76,304|508,750|-|-
-|-|501,743|60,289
-|-|502,744|61,290
-|-|503,745|62,291
-|-|504,746|63,292
505,747|64,293|-|-
506,748|65,294|-|-
507,749|66,295|-|-
508,750|67,296|-|-
-|-|508,750|67,296
-|-|69,297|501,743
-|-|70,298|502,744
-|-|71,299|503,745
-|-|72,300|504,746
73,301|505,747|-|-
74,302|506,748|-|-
75,303|507,749|-|-
76,304|508,750|-|-
-|-|75,303|507,749
-|-|76,304|508,750
-|-|81,305|514,751
-|-|82,306|515,752
-|-|83,307|516,753
-|-|84,308|517,754
85,309|518,755|-|-
86,310|519,756|-|-
87,311|520,757|-|-
88,312|521,758|-|-
-|-|522,759|81,305
-|-|523,760|82,306
-|-|524,761|83,307
-|-|525,762|84,308
526,763|85,309|-|-
527,764|86,310|-|-
528,765|87,311|-|-
529,766|88,312|-|-
-|-|529,766|88,312
93,317|526,763|-|-
94,318|527,764|-|-
95,319|528,765|-|-
96,320|529,766|-|-
-|-|522,759|81,305
-|-|523,760|82,306
-|-|524,761|83,307
-|-|525,762|84,308
526,763|85,309|-|-
527,764|86,310|-|-
528,765|87,311|-|-
529,766|88,312|-|-
-|-|89,313|522,759
-|-|90,314|523,760
-|-|91,315|524,761
-|-|92,316|525,762
93,317|526,763|-|-
94,318|527,764|-|-
95,319|528,765|-|-
96,320|529,766|-|-
-|-|96,320|529,766
-|-|101,321|534,767
-|-|102,322|535,768
-|-|103,323|536,769
-|-|104,324|537,770
105,325|538,771|-|-
106,326|539,772|-|-
107,327|540,773|-|-
108,328|541,774|-|-
-|-|542,775|101,321
-|-|543,776|102,322
-|-|544,777|103,323
-|-|545,778|104,324
546,779|105,325|-|-
547,780|106,326|-|-
548,781|107,327|-|-
549,782|108,328|-|-
-|-|549,782|108,328
113,333|546,779|-|-
114,334|547,780|-|-
115,335|548,781|-|-
116,336|549,782|-|-
-|-|542,775|101,321
-|-|543,776|102,322
-|-|544,777|103,323
-|-|545,778|104,324
546,779|105,325|-|-
547,780|106,326|-|-
548,781|107,327|-|-
549,782|108,328|-|-
-|-|109,329|542,775
-|-|110,330|543,776
-|-|111,331|544,777
-|-|112,332|545,778
113,333|546,779|-|-
114,334|547,780|-|-
115,335|548,781|-|-
116,336|549,782|-|-
-|-|115,335|548,781
-|-|116,336|549,782
437,679|0,241|-|-
438,680|1,242|-|-
439,681|2,243|-|-
440,682|3,244|-|-
-|-|437,679|0,241
-|-|438,680|1,242
-|-|439,681|2,243
-|-|440,682|3,244
443,685|6,247|-|-
444,686|7,248|-|-
8,249|437,679|-|-
9,250|438,680|-|-
10,251|439,681|-|-
11,252|440,682|-|-
-|-|8,249|437,679
-|-|9,250|438,680
-|-|10,251|439,681
-|-|11,252|440,682
12,253|441,683|-|-
13,254|442,684|-|-
14,255|443,685|-|-
15,256|444,686|-|-
8,249|437,679|-|-
9,250|438,680|-|-
10,251|439,681|-|-
11,252|440,682|-|-
-|-|8,249|437,679
-|-|9,250|438,680
-|-|10,251|439,681
-|-|11,252|440,682
12,253|441,683|-|-
13,254|442,684|-|-
14,255|443,685|-|-
15,256|444,686|-|-
-|-|445,687|8,249
-|-|446,688|9,250
-|-|447,689|10,251
-|-|448,690|11,252
449,691|12,253|-|-
450,692|13,254|-|-
451,693|14,255|-|-
452,694|15,256|-|-
457,699|20,257|-|-
458,700|21,258|-|-
459,701|22,259|-|-
460,702|23,260|-|-
-|-|457,699|20,257
-|-|458,700|21,258
-|-|459,701|22,259
-|-|460,702|23,260
28,265|457,699|-|-
29,266|458,700|-|-
30,267|459,701|-|-
31,268|460,702|-|-
-|-|28,265|457,699
-|-|29,266|458,700
-|-|30,267|459,701
-|-|31,268|460,702
32,269|461,703|-|-
33,270|462,704|-|-
34,271|463,705|-|-
35,272|464,706|-|-
28,265|457,699|-|-
29,266|458,700|-|-
30,267|459,701|-|-
31,268|460,702|-|-
-|-|28,265|457,699
-|-|29,266|458,700
-|-|30,267|459,701
-|-|31,268|460,702
32,269|461,703|-|-
33,270|462,704|-|-
34,271|463,705|-|-
35,272|464,706|-|-
-|-|465,707|28,265
-|-|466,708|29,266
-|-|467,709|30,267
-|-|468,710|31,268
469,711|32,269|-|-
470,712|33,270|-|-
471,713|34,271|-|-
472,714|35,272|-|-
477,719|40,273|-|-
478,720|41,274|-|-
479,721|42,275|-|-
480,722|43,276|-|-
-|-|477,719|40,273
-|-|478,720|41,274
-|-|479,721|42,275
-|-|480,722|43,276
484,726|47,280|-|-
48,281|477,719|-|-
49,282|478,720|-|-
50,283|479,721|-|-
51,284|480,722|-|-
-|-|48,281|477,719
-|-|49,282|478,720
-|-|50,283|479,721
-|-|51,284|480,722
52,285|481,723|-|-
53,286|482,724|-|-
54,287|483,725|-|-
55,288|484,726|-|-
48,281|477,719|-|-
49,282|478,720|-|-
50,283|479,721|-|-
51,284|480,722|-|-
-|-|48,281|477,719
-|-|49,282|478,720
-|-|50,283|479,721
-|-|51,284|480,722
52,285|481,723|-|-
53,286|482,724|-|-
54,287|483,725|-|-
55,288|484,726|-|-
-|-|485,727|48,281
-|-|486,728|49,282
-|-|487,729|50,283
-|-|488,730|51,284
489,731|52,285|-|-
490,732|53,286|-|-
491,733|54,287|-|-
492,734|55,288|-|-
121,337|555,783|-|-
122,338|556,784|-|-
123,339|557,785|-|-
124,340|558,786|-|-
-|-|121,337|555,783
-|-|122,338|556,784
-|-|123,339|557,785
-|-|124,340|558,786
559,787|121,337|-|-
560,788|122,338|-|-
561,789|123,339|-|-
562,790|124,340|-|-
-|-|559,787|121,337
-|-|560,788|122,338
-|-|561,789|123,339
-|-|562,790|124,340
-|-|129,345|559,787
-|-|130,346|560,788
-|-|131,347|561,789
-|-|132,348|562,790
559,787|121,337|-|-
560,788|122,338|-|-
561,789|123,339|-|-
562,790|124,340|-|-
-|-|559,787|121,337
-|-|560,788|122,338
-|-|561,789|123,339
-|-|562,790|124,340
129,345|559,787|-|-
130,346|560,788|-|-
131,347|561,789|-|-
132,348|562,790|-|-
-|-|129,345|559,787
-|-|130,346|560,788
-|-|131,347|561,789
-|-|132,348|562,790
136,352|566,794|-|-
141,353|575,803|-|-
142,354|576,804|-|-
143,355|577,805|-|-
144,356|578,806|-|-
-|-|141,353|575,803
-|-|142,354|576,804
-|-|143,355|577,805
-|-|144,356|578,806
579,807|141,353|-|-
580,808|142,354|-|-
581,809|143,355|-|-
582,810|144,356|-|-
-|-|579,807|141,353
-|-|580,808|142,354
-|-|581,809|143,355
-|-|582,810|144,356
-|-|149,361|579,807
-|-|150,362|580,808
-|-|151,363|581,809
-|-|152,364|582,810
579,807|141,353|-|-
580,808|142,354|-|-
581,809|143,355|-|-
582,810|144,356|-|-
-|-|579,807|141,353
-|-|580,808|142,354
-|-|581,809|143,355
-|-|582,810|144,356
149,361|579,807|-|-
150,362|580,808|-|-
151,363|581,809|-|-
152,364|582,810|-|-
-|-|149,361|579,807
-|-|150,362|580,808
-|-|151,363|581,809
-|-|152,364|582,810
156,368|586,814|-|-
161,369|595,823|-|-
162,370|596,824|-|-
163,371|597,825|-|-
164,372|598,826|-|-
-|-|161,369|595,823
-|-|162,370|596,824
-|-|163,371|597,825
-|-|164,372|598,826
599,827|161,369|-|-
600,828|162,370|-|-
601,829|163,371|-|-
602,830|164,372|-|-
-|-|599,827|161,369
-|-|600,828|162,370
-|-|601,829|163,371
-|-|602,830|164,372
-|-|169,377|599,827
-|-|170,378|600,828
-|-|171,379|601,829
-|-|172,380|602,830
599,827|161,369|-|-
600,828|162,370|-|-
601,829|163,371|-|-
602,830|164,372|-|-
-|-|599,827|161,369
-|-|600,828|162,370
-|-|601,829|163,371
-|-|602,830|164,372
169,377|599,827|-|-
170,378|600,828|-|-
171,379|601,829|-|-
172,380|602,830|-|-
-|-|169,377|599,827
-|-|170,378|600,828
-|-|171,379|601,829
-|-|172,380|602,830
176,384|606,834|-|-
-|-|181,385|615,843
-|-|182,386|616,844
-|-|183,387|617,845
-|-|184,388|618,846
185,389|619,847|-|-
186,390|620,848|-|-
187,391|621,849|-|-
188,392|622,850|-|-
-|-|623,851|181,385
-|-|624,852|182,386
-|-|625,853|183,387
-|-|626,854|184,388
627,855|185,389|-|-
628,856|186,390|-|-
629,857|187,391|-|-
630,858|188,392|-|-
193,397|627,855|-|-
194,398|628,856|-|-
195,399|629,857|-|-
196,400|630,858|-|-
-|-|623,851|181,385
-|-|624,852|182,386
-|-|625,853|183,387
-|-|626,854|184,388
627,855|185,389|-|-
628,856|186,390|-|-
629,857|187,391|-|-
630,858|188,392|-|-
-|-|189,393|623,851
-|-|190,394|624,852
-|-|191,395|625,853
-|-|192,396|626,854
193,397|627,855|-|-
194,398|628,856|-|-
195,399|629,857|-|-
196,400|630,858|-|-
-|-|196,400|630,858
-|-|201,401|635,859
-|-|202,402|636,860
-|-|203,403|637,861
-|-|204,404|638,862
205,405|639,863|-|-
206,406|640,864|-|-
207,407|641,865|-|-
208,408|642,866|-|-
-|-|643,867|201,401
-|-|644,868|202,402
-|-|645,869|203,403
-|-|646,870|204,404
647,871|205,405|-|-
648,872|206,406|-|-
649,873|207,407|-|-
650,874|208,408|-|-
213,413|647,871|-|-
214,414|648,872|-|-
215,415|649,873|-|-
216,416|650,874|-|-
-|-|643,867|201,401
-|-|644,868|202,402
-|-|645,869|203,403
-|-|646,870|204,404
647,871|205,405|-|-
648,872|206,406|-|-
649,873|207,407|-|-
650,874|208,408|-|-
-|-|209,409|643,867
-|-|210,410|644,868
-|-|211,411|645,869
-|-|212,412|646,870
213,413|647,871|-|-
214,414|648,872|-|-
215,415|649,873|-|-
216,416|650,874|-|-
-|-|216,416|650,874
-|-|221,417|655,875
-|-|222,418|656,876
-|-|223,419|657,877
-|-|224,420|658,878
225,421|659,879|-|-
226,422|660,880|-|-
227,423|661,881|-|-
228,424|662,882|-|-
-|-|663,883|221,417
-|-|664,884|222,418
-|-|665,885|223,419
-|-|666,886|224,420
667,887|225,421|-|-
668,888|226,422|-|-
669,889|227,423|-|-
670,890|228,424|-|-
233,429|667,887|-|-
234,430|668,888|-|-
235,431|669,889|-|-
236,432|670,890|-|-
-|-|663,883|221,417
-|-|664,884|222,418
-|-|665,885|223,419
-|-|666,886|224,420
667,887|225,421|-|-
668,888|226,422|-|-
669,889|227,423|-|-
670,890|228,424|-|-
-|-|229,425|663,883
-|-|230,426|664,884
-|-|231,427|665,885
-|-|232,428|666,886
233,429|667,887|-|-
234,430|668,888|-|-
235,431|669,889|-|-
236,432|670,890|-|-
-|-|236,432|670,890
559,787|121,337|-|-
560,788|122,338|-|-
561,789|123,339|-|-
562,790|124,340|-|-
-|-|559,787|121,337
-|-|560,788|122,338
-|-|561,789|123,339
-|-|562,790|124,340
566,794|128,344|-|-
129,345|559,787|-|-
130,346|560,788|-|-
131,347|561,789|-|-
132,348|562,790|-|-
-|-|129,345|559,787
-|-|130,346|560,788
-|-|131,347|561,789
-|-|132,348|562,790
133,349|563,791|-|-
134,350|564,792|-|-
135,351|565,793|-|-
136,352|566,794|-|-
129,345|559,787|-|-
130,346|560,788|-|-
131,347|561,789|-|-
132,348|562,790|-|-
-|-|129,345|559,787
-|-|130,346|560,788
-|-|131,347|561,789
-|-|132,348|562,790
133,349|563,791|-|-
134,350|564,792|-|-
135,351|565,793|-|-
136,352|566,794|-|-
-|-|567,795|129,345
-|-|568,796|130,346
-|-|569,797|131,347
-|-|570,798|132,348
571,799|133,349|-|-
572,800|134,350|-|-
573,801|135,351|-|-
574,802|136,352|-|-
579,807|141,353|-|-
580,808|142,354|-|-
581,809|143,355|-|-
582,810|144,356|-|-
-|-|579,807|141,353
-|-|580,808|142,354
-|-|581,809|143,355
-|-|582,810|144,356
149,361|579,807|-|-
150,362|580,808|-|-
151,363|581,809|-|-
152,364|582,810|-|-
-|-|149,361|579,807
-|-|150,362|580,808
-|-|151,363|581,809
-|-|152,364|582,810
153,365|583,811|-|-
154,366|584,812|-|-
155,367|585,813|-|-
156,368|586,814|-|-
149,361|579,807|-|-
150,362|580,808|-|-
151,363|581,809|-|-
152,364|582,810|-|-
-|-|149,361|579,807
-|-|150,362|580,808
-|-|151,363|581,809
-|-|152,364|582,810
153,365|583,811|-|-
154,366|584,812|-|-
155,367|585,813|-|-
156,368|586,814|-|-
-|-|587,815|149,361
-|-|588,816|150,362
-|-|589,817|151,363
-|-|590,818|152,364
591,819|153,365|-|-
592,820|154,366|-|-
593,821|155,367|-|-
594,822|156,368|-|-
599,827|161,369|-|-
600,828|162,370|-|-
601,829|163,371|-|-
602,830|164,372|-|-
-|-|599,827|161,369
-|-|600,828|162,370
-|-|601,829|163,371
-|-|602,830|164,372
169,377|599,827|-|-
170,378|600,828|-|-
171,379|601,829|-|-
172,380|602,830|-|-
-|-|169,377|599,827
-|-|170,378|600,828
-|-|171,379|601,829
-|-|172,380|602,830
173,381|603,831|-|-
174,382|604,832|-|-
175,383|605,833|-|-
176,384|606,834|-|-
169,377|599,827|-|-
170,378|600,828|-|-
171,379|601,829|-|-
172,380|602,830|-|-
-|-|169,377|599,827
-|-|170,378|600,828
-|-|171,379|601,829
-|-|172,380|602,830
173,381|603,831|-|-
174,382|604,832|-|-
175,383|605,833|-|-
176,384|606,834|-|-
-|-|607,835|169,377
-|-|608,836|170,378
-|-|609,837|171,379
-|-|610,838|172,380
611,839|173,381|-|-
612,840|174,382|-|-
613,841|175,383|-|-
614,842|176,384|-|-
-|-|437|0
-|-|438|1
-|-|439|2
-|-|440|3
441|4|-|-
442|5|-|-
443|6|-|-
444|7|-|-
-|-|8|437
-|-|9|438
-|-|10|439
-|-|11|440
12|441|-|-
13|442|-|-
14|443|-|-
15|444|-|-
-|-|8|437
-|-|9|438
-|-|10|439
-|-|11|440
12|441|-|-
13|442|-|-
14|443|-|-
15|444|-|-
-|-|445|8
-|-|446|9
-|-|447|10
-|-|448|11
449|12|-|-
450|13|-|-
451|14|-|-
452|15|-|-
-|-|452|15
-|-|457|20
-|-|458|21
-|-|459|22
-|-|460|23
461|24|-|-
462|25|-|-
463|26|-|-
464|27|-|-
-|-|28|457
-|-|29|458
-|-|30|459
-|-|31|460
32|461|-|-
33|462|-|-
34|463|-|-
35|464|-|-
-|-|28|457
-|-|29|458
-|-|30|459
-|-|31|460
32|461|-|-
33|462|-|-
34|463|-|-
35|464|-|-
-|-|465|28
-|-|466|29
-|-|467|30
-|-|468|31
469|32|-|-
470|33|-|-
471|34|-|-
472|35|-|-
-|-|477|40
-|-|478|41
-|-|479|42
-|-|480|43
481|44|-|-
482|45|-|-
483|46|-|-
484|47|-|-
-|-|48|477
-|-|49|478
-|-|50|479
-|-|51|480
52|481|-|-
53|482|-|-
54|483|-|-
55|484|-|-
-|-|48|477
-|-|49|478
-|-|50|479
-|-|51|480
52|481|-|-
53|482|-|-
54|483|-|-
55|484|-|-
-|-|485|48
-|-|486|49
-|-|487|50
-|-|488|51
489|52|-|-
490|53|-|-
491|54|-|-
492|55|-|-
-|-|492|55
505|64|-|-
506|65|-|-
507|66|-|-
508|67|-|-
-|-|505|64
-|-|506|65
-|-|507|66
-|-|508|67
73|505|-|-
74|506|-|-
75|507|-|-
76|508|-|-
-|-|73|505
-|-|74|506
-|-|75|507
-|-|76|508
73|505|-|-
74|506|-|-
75|507|-|-
76|508|-|-
-|-|73|505
-|-|74|506
-|-|75|507
-|-|76|508
509|73|-|-
510|74|-|-
511|75|-|-
512|76|-|-
-|-|509|73
-|-|510|74
-|-|511|75
-|-|512|76
513|80|-|-
526|85|-|-
527|86|-|-
528|87|-|-
529|88|-|-
-|-|526|85
-|-|527|86
-|-|528|87
-|-|529|88
93|526|-|-
94|527|-|-
95|528|-|-
96|529|-|-
-|-|93|526
-|-|94|527
-|-|95|528
-|-|96|529
93|526|-|-
94|527|-|-
95|528|-|-
96|529|-|-
-|-|93|526
-|-|94|527
-|-|95|528
-|-|96|529
530|93|-|-
531|94|-|-
532|95|-|-
533|96|-|-
-|-|530|93
-|-|531|94
-|-|532|95
-|-|533|96
546|105|-|-
547|106|-|-
548|107|-|-
549|108|-|-
-|-|546|105
-|-|547|106
-|-|548|107
-|-|549|108
113|546|-|-
114|547|-|-
115|548|-|-
116|549|-|-
-|-|113|546
-|-|114|547
-|-|115|548
-|-|116|549
113|546|-|-
114|547|-|-
115|548|-|-
116|549|-|-
-|-|113|546
-|-|114|547
-|-|115|548
-|-|116|549
550|113|-|-
551|114|-|-
552|115|-|-
553|116|-|-
-|-|550|113
-|-|551|114
-|-|552|115
-|-|553|116
554|120|-|-
-|-|8|437
-|-|9|438
-|-|10|439
-|-|11|440
12|441|-|-
13|442|-|-
14|443|-|-
15|444|-|-
-|-|15|444
-|-|445|8
-|-|446|9
-|-|447|10
-|-|448|11
449|12|-|-
450|13|-|-
451|14|-|-
452|15|-|-
-|-|445|8
-|-|446|9
-|-|447|10
-|-|448|11
449|12|-|-
450|13|-|-
451|14|-|-
452|15|-|-
-|-|451|14
-|-|452|15
16|449|-|-
17|450|-|-
18|451|-|-
19|452|-|-
-|-|18|451
-|-|19|452
-|-|28|457
-|-|29|458
-|-|30|459
-|-|31|460
32|461|-|-
33|462|-|-
34|463|-|-
35|464|-|-
-|-|465|28
-|-|466|29
-|-|467|30
-|-|468|31
469|32|-|-
470|33|-|-
471|34|-|-
472|35|-|-
-|-|472|35
-|-|465|28
-|-|466|29
-|-|467|30
-|-|468|31
469|32|-|-
470|33|-|-
471|34|-|-
472|35|-|-
36|469|-|-
37|470|-|-
38|471|-|-
39|472|-|-
-|-|39|472
-|-|48|477
-|-|49|478
-|-|50|479
-|-|51|480
52|481|-|-
53|482|-|-
54|483|-|-
55|484|-|-
-|-|55|484
-|-|485|48
-|-|486|49
-|-|487|50
-|-|488|51
489|52|-|-
490|53|-|-
491|54|-|-
492|55|-|-
-|-|485|48
-|-|486|49
-|-|487|50
-|-|488|51
489|52|-|-
490|53|-|-
491|54|-|-
492|55|-|-
-|-|491|54
-|-|492|55
56|489|-|-
57|490|-|-
58|491|-|-
59|492|-|-
-|-|58|491
-|-|59|492
-|-|559|121
-|-|560|122
-|-|561|123
-|-|562|124
563|125|-|-
564|126|-|-
565|127|-|-
566|128|-|-
-|-|129|559
-|-|130|560
-|-|131|561
-|-|132|562
133|563|-|-
134|564|-|-
135|565|-|-
136|566|-|-
-|-|129|559
-|-|130|560
-|-|131|561
-|-|132|562
133|563|-|-
134|564|-|-
135|565|-|-
136|566|-|-
-|-|567|129
-|-|568|130
-|-|569|131
-|-|570|132
571|133|-|-
572|134|-|-
573|135|-|-
574|136|-|-
-|-|579|141
-|-|580|142
-|-|581|143
-|-|582|144
583|145|-|-
584|146|-|-
585|147|-|-
586|148|-|-
-|-|149|579
-|-|150|580
-|-|151|581
-|-|152|582
153|583|-|-
154|584|-|-
155|585|-|-
156|586|-|-
-|-|149|579
-|-|150|580
-|-|151|581
-|-|152|582
153|583|-|-
154|584|-|-
155|585|-|-
156|586|-|-
-|-|587|149
-|-|588|150
-|-|589|151
-|-|590|152
591|153|-|-
592|154|-|-
593|155|-|-
594|156|-|-
-|-|599|161
-|-|600|162
-|-|601|163
-|-|602|164
603|165|-|-
604|166|-|-
605|167|-|-
606|168|-|-
-|-|169|599
-|-|170|600
-|-|171|601
-|-|172|602
173|603|-|-
174|604|-|-
175|605|-|-
176|606|-|-
-|-|169|599
-|-|170|600
-|-|171|601
-|-|172|602
173|603|-|-
174|604|-|-
175|605|-|-
176|606|-|-
-|-|607|169
-|-|608|170
-|-|609|171
-|-|610|172
611|173|-|-
612|174|-|-
613|175|-|-
614|176|-|-
627|185|-|-
628|186|-|-
629|187|-|-
630|188|-|-
-|-|627|185
-|-|628|186
-|-|629|187
-|-|630|188
193|627|-|-
194|628|-|-
195|629|-|-
196|630|-|-
-|-|193|627
-|-|194|628
-|-|195|629
-|-|196|630
193|627|-|-
194|628|-|-
195|629|-|-
196|630|-|-
-|-|193|627
-|-|194|628
-|-|195|629
-|-|196|630
631|193|-|-
632|194|-|-
633|195|-|-
634|196|-|-
-|-|631|193
-|-|632|194
-|-|633|195
-|-|634|196
647|205|-|-
648|206|-|-
649|207|-|-
650|208|-|-
-|-|647|205
-|-|648|206
-|-|649|207
-|-|650|208
213|647|-|-
214|648|-|-
215|649|-|-
216|650|-|-
-|-|213|647
-|-|214|648
-|-|215|649
-|-|216|650
213|647|-|-
214|648|-|-
215|649|-|-
216|650|-|-
-|-|213|647
-|-|214|648
-|-|215|649
-|-|216|650
651|213|-|-
652|214|-|-
653|215|-|-
654|216|-|-
-|-|651|213
-|-|652|214
-|-|653|215
-|-|654|216
667|225|-|-
668|226|-|-
669|227|-|-
670|228|-|-
-|-|667|225
-|-|668|226
-|-|669|227
-|-|670|228
233|667|-|-
234|668|-|-
235|669|-|-
236|670|-|-
-|-|233|667
-|-|234|668
-|-|235|669
-|-|236|670
233|667|-|-
234|668|-|-
235|669|-|-
236|670|-|-
-|-|233|667
-|-|234|668
-|-|235|669
-|-|236|670
671|233|-|-
672|234|-|-
673|235|-|-
674|236|-|-
-|-|671|233
-|-|672|234
-|-|673|235
-|-|674|236
-|-|129|559
-|-|130|560
-|-|131|561
-|-|132|562
133|563|-|-
134|564|-|-
135|565|-|-
136|566|-|-
-|-|136|566
-|-|567|129
-|-|568|130
-|-|569|131
-|-|570|132
571|133|-|-
572|134|-|-
573|135|-|-
574|136|-|-
-|-|567|129
-|-|568|130
-|-|569|131
-|-|570|132
571|133|-|-
572|134|-|-
573|135|-|-
574|136|-|-
-|-|573|135
-|-|574|136
137|571|-|-
138|572|-|-
139|573|-|-
140|574|-|-
-|-|139|573
-|-|140|574
-|-|149|579
-|-|150|580
-|-|151|581
-|-|152|582
153|583|-|-
154|584|-|-
155|585|-|-
156|586|-|-
-|-|587|149
-|-|588|150
-|-|589|151
-|-|590|152
591|153|-|-
592|154|-|-
593|155|-|-
594|156|-|-
-|-|594|156
-|-|587|149
-|-|588|150
-|-|589|151
-|-|590|152
591|153|-|-
592|154|-|-
593|155|-|-
594|156|-|-
157|591|-|-
158|592|-|-
159|593|-|-
160|594|-|-
-|-|160|594
-|-|169|599
-|-|170|600
-|-|171|601
-|-|172|602
173|603|-|-
174|604|-|-
175|605|-|-
176|606|-|-
-|-|607|169
-|-|608|170
-|-|609|171
-|-|610|172
611|173|-|-
612|174|-|-
613|175|-|-
614|176|-|-
-|-|614|176
-|-|607|169
-|-|608|170
-|-|609|171
-|-|610|172
611|173|-|-
612|174|-|-
613|175|-|-
614|176|-|-
-|-|614|176
177|611|-|-
178|612|-|-
179|613|-|-
180|614|-|-
-|-|179|613
-|-|180|614
-|-|0,241|-
-|-|1,242|-
-|-|2,243|-
-|-|3,244|-
7,248|-|-|-
-|-|-|0,241
-|-|-|1,242
-|-|-|2,243
-|-|-|3,244
-|4,245|-|-
-|5,246|-|-
-|6,247|-|-
-|7,248|-|-
-|-|8,249|-
-|-|9,250|-
-|-|10,251|-
-|-|11,252|-
12,253|-|-|-
13,254|-|-|-
14,255|-|-|-
15,256|-|-|-
-|-|-|0,241
-|-|-|1,242
-|-|-|2,243
-|-|-|3,244
-|6,247|-|-
-|7,248|-|-
-|-|8,249|-
-|-|9,250|-
-|-|10,251|-
-|-|11,252|-
12,253|-|-|-
13,254|-|-|-
14,255|-|-|-
15,256|-|-|-
-|12,253|-|-
-|13,254|-|-
-|14,255|-|-
-|15,256|-|-
-|-|20,257|-
-|-|21,258|-
-|-|22,259|-
-|-|23,260|-
-|-|-|20,257
-|-|-|21,258
-|-|-|22,259
-|-|-|23,260
-|24,261|-|-
-|25,262|-|-
-|26,263|-|-
-|27,264|-|-
-|-|28,265|-
-|-|29,266|-
-|-|30,267|-
-|-|31,268|-
32,269|-|-|-
33,270|-|-|-
34,271|-|-|-
35,272|-|-|-
-|-|-|20,257
-|-|-|21,258
-|-|-|22,259
-|-|-|23,260
-|-|28,265|-
-|-|29,266|-
-|-|30,267|-
-|-|31,268|-
32,269|-|-|-
33,270|-|-|-
34,271|-|-|-
35,272|-|-|-
-|32,269|-|-
-|33,270|-|-
-|34,271|-|-
-|35,272|-|-
-|-|40,273|-
-|-|41,274|-
-|-|42,275|-
-|-|43,276|-
-|-|-|40,273
-|-|-|41,274
-|-|-|42,275
-|-|-|43,276
-|44,277|-|-
-|45,278|-|-
-|46,279|-|-
-|47,280|-|-
-|-|48,281|-
-|-|49,282|-
-|-|50,283|-
-|-|51,284|-
52,285|-|-|-
53,286|-|-|-
54,287|-|-|-
55,288|-|-|-
-|-|-|40,273
-|-|-|41,274
-|-|-|42,275
-|-|-|43,276
-|47,280|-|-
-|-|48,281|-
-|-|49,282|-
-|-|50,283|-
-|-|51,284|-
52,285|-|-|-
53,286|-|-|-
54,287|-|-|-
55,288|-|-|-
-|52,285|-|-
-|53,286|-|-
-|54,287|-|-
-|55,288|-|-
64,293|-|-|-
65,294|-|-|-
66,295|-|-|-
67,296|-|-|-
-|-|67,296|-
-|64,293|-|-
-|65,294|-|-
-|66,295|-|-
-|67,296|-|-
-|-|-|64,293
-|-|-|65,294
-|-|-|66,295
-|-|-|67,296
73,301|-|-|-
74,302|-|-|-
75,303|-|-|-
76,304|-|-|-
-|-|73,301|-
-|-|74,302|-
-|-|75,303|-
-|-|76,304|-
-|64,293|-|-
-|65,294|-|-
-|66,295|-|-
-|67,296|-|-
-|-|-|66,295
-|-|-|67,296
73,301|-|-|-
74,302|-|-|-
75,303|-|-|-
76,304|-|-|-
-|-|73,301|-
-|-|74,302|-
-|-|75,303|-
-|-|76,304|-
-|-|-|73,301
-|-|-|74,302
-|-|-|75,303
-|-|-|76,304
85,309|-|-|-
86,310|-|-|-
87,311|-|-|-
88,312|-|-|-
-|85,309|-|-
-|86,310|-|-
-|87,311|-|-
-|88,312|-|-
-|-|-|85,309
-|-|-|86,310
-|-|-|87,311
-|-|-|88,312
93,317|-|-|-
94,318|-|-|-
95,319|-|-|-
96,320|-|-|-
-|-|93,317|-
-|-|94,318|-
-|-|95,319|-
-|-|96,320|-
-|85,309|-|-
-|86,310|-|-
-|87,311|-|-
-|88,312|-|-
93,317|-|-|-
94,318|-|-|-
95,319|-|-|-
96,320|-|-|-
-|-|93,317|-
-|-|94,318|-
-|-|95,319|-
-|-|96,320|-
-|-|-|93,317
-|-|-|94,318
-|-|-|95,319
-|-|-|96,320
105,325|-|-|-
106,326|-|-|-
107,327|-|-|-
108,328|-|-|-
-|105,325|-|-
-|106,326|-|-
-|107,327|-|-
-|108,328|-|-
-|-|-|105,325
-|-|-|106,326
-|-|-|107,327
-|-|-|108,328
113,333|-|-|-
114,334|-|-|-
115,335|-|-|-
116,336|-|-|-
-|-|113,333|-
-|-|114,334|-
-|-|115,335|-
-|-|116,336|-
-|105,325|-|-
-|106,326|-|-
-|107,327|-|-
-|108,328|-|-
-|-|-|108,328
113,333|-|-|-
114,334|-|-|-
115,335|-|-|-
116,336|-|-|-
-|-|113,333|-
-|-|114,334|-
-|-|115,335|-
-|-|116,336|-
-|-|-|113,333
-|-|-|114,334
-|-|-|115,335
-|-|-|116,336
-|-|-|0,241
-|-|-|1,242
-|-|-|2,243
-|-|-|3,244
-|4,245|-|-
-|5,246|-|-
-|6,247|-|-
-|7,248|-|-
-|-|8,249|-
-|-|9,250|-
-|-|10,251|-
-|-|11,252|-
12,253|-|-|-
13,254|-|-|-
14,255|-|-|-
15,256|-|-|-
-|12,253|-|-
-|13,254|-|-
-|14,255|-|-
-|15,256|-|-
-|-|-|15,256
-|-|8,249|-
-|-|9,250|-
-|-|10,251|-
-|-|11,252|-
12,253|-|-|-
13,254|-|-|-
14,255|-|-|-
15,256|-|-|-
-|-|-|8,249
-|-|-|9,250
-|-|-|10,251
-|-|-|11,252
-|12,253|-|-
-|13,254|-|-
-|14,255|-|-
-|15,256|-|-
-|-|-|14,255
-|-|-|15,256
-|-|-|20,257
-|-|-|21,258
-|-|-|22,259
-|-|-|23,260
-|24,261|-|-
-|25,262|-|-
-|26,263|-|-
-|27,264|-|-
-|-|28,265|-
-|-|29,266|-
-|-|30,267|-
-|-|31,268|-
32,269|-|-|-
33,270|-|-|-
34,271|-|-|-
35,272|-|-|-
-|32,269|-|-
-|33,270|-|-
-|34,271|-|-
-|35,272|-|-
-|-|28,265|-
-|-|29,266|-
-|-|30,267|-
-|-|31,268|-
32,269|-|-|-
33,270|-|-|-
34,271|-|-|-
35,272|-|-|-
-|-|-|28,265
-|-|-|29,266
-|-|-|30,267
-|-|-|31,268
-|32,269|-|-
-|33,270|-|-
-|34,271|-|-
-|35,272|-|-
-|-|-|34,271
-|-|-|35,272
-|-|-|40,273
-|-|-|41,274
-|-|-|42,275
-|-|-|43,276
-|44,277|-|-
-|45,278|-|-
-|46,279|-|-
-|47,280|-|-
-|-|48,281|-
-|-|49,282|-
-|-|50,283|-
-|-|51,284|-
52,285|-|-|-
53,286|-|-|-
54,287|-|-|-
55,288|-|-|-
-|52,285|-|-
-|53,286|-|-
-|54,287|-|-
-|55,288|-|-
-|-|-|55,288
-|-|48,281|-
-|-|49,282|-
-|-|50,283|-
-|-|51,284|-
52,285|-|-|-
53,286|-|-|-
54,287|-|-|-
55,288|-|-|-
-|-|-|48,281
-|-|-|49,282
-|-|-|50,283
-|-|-|51,284
-|52,285|-|-
-|53,286|-|-
-|54,287|-|-
-|55,288|-|-
-|-|-|54,287
-|-|-|55,288
-|-|121,337|-
-|-|122,338|-
-|-|123,339|-
-|-|124,340|-
-|-|-|121,337
-|-|-|122,338
-|-|-|123,339
-|-|-|124,340
-|125,341|-|-
-|126,342|-|-
-|127,343|-|-
-|128,344|-|-
-|-|129,345|-
-|-|130,346|-
-|-|131,347|-
-|-|132,348|-
133,349|-|-|-
134,350|-|-|-
135,351|-|-|-
136,352|-|-|-
-|-|-|121,337
-|-|-|122,338
-|-|-|123,339
-|-|-|124,340
-|128,344|-|-
-|-|129,345|-
-|-|130,346|-
-|-|131,347|-
-|-|132,348|-
133,349|-|-|-
134,350|-|-|-
135,351|-|-|-
136,352|-|-|-
-|133,349|-|-
-|134,350|-|-
-|135,351|-|-
-|136,352|-|-
-|-|141,353|-
-|-|142,354|-
-|-|143,355|-
-|-|144,356|-
-|-|-|141,353
-|-|-|142,354
-|-|-|143,355
-|-|-|144,356
-|145,357|-|-
-|146,358|-|-
-|147,359|-|-
-|148,360|-|-
-|-|149,361|-
-|-|150,362|-
-|-|151,363|-
-|-|152,364|-
153,365|-|-|-
154,366|-|-|-
155,367|-|-|-
156,368|-|-|-
-|-|-|141,353
-|-|-|142,354
-|-|-|143,355
-|-|-|144,356
-|-|149,361|-
-|-|150,362|-
-|-|151,363|-
-|-|152,364|-
153,365|-|-|-
154,366|-|-|-
155,367|-|-|-
156,368|-|-|-
-|153,365|-|-
-|154,366|-|-
-|155,367|-|-
-|156,368|-|-
-|-|161,369|-
-|-|162,370|-
-|-|163,371|-
-|-|164,372|-
-|-|-|161,369
-|-|-|162,370
-|-|-|163,371
-|-|-|164,372
-|165,373|-|-
-|166,374|-|-
-|167,375|-|-
-|168,376|-|-
-|-|169,377|-
-|-|170,378|-
-|-|171,379|-
-|-|172,380|-
173,381|-|-|-
174,382|-|-|-
175,383|-|-|-
176,384|-|-|-
-|-|-|161,369
-|-|-|162,370
-|-|-|163,371
-|-|-|164,372
-|-|169,377|-
-|-|170,378|-
-|-|171,379|-
-|-|172,380|-
173,381|-|-|-
174,382|-|-|-
175,383|-|-|-
176,384|-|-|-
-|173,381|-|-
-|174,382|-|-
-|175,383|-|-
-|176,384|-|-
185,389|-|-|-
186,390|-|-|-
187,391|-|-|-
188,392|-|-|-
-|185,389|-|-
-|186,390|-|-
-|187,391|-|-
-|188,392|-|-
-|-|-|185,389
-|-|-|186,390
-|-|-|187,391
-|-|-|188,392
193,397|-|-|-
194,398|-|-|-
195,399|-|-|-
196,400|-|-|-
-|-|193,397|-
-|-|194,398|-
-|-|195,399|-
-|-|196,400|-
-|185,389|-|-
-|186,390|-|-
-|187,391|-|-
-|188,392|-|-
-|-|-|188,392
193,397|-|-|-
194,398|-|-|-
195,399|-|-|-
196,400|-|-|-
-|-|193,397|-
-|-|194,398|-
-|-|195,399|-
-|-|196,400|-
-|-|-|193,397
-|-|-|194,398
-|-|-|195,399
-|-|-|196,400
205,405|-|-|-
206,406|-|-|-
207,407|-|-|-
208,408|-|-|-
-|205,405|-|-
-|206,406|-|-
-|207,407|-|-
-|208,408|-|-
-|-|-|205,405
-|-|-|206,406
-|-|-|207,407
-|-|-|208,408
213,413|-|-|-
214,414|-|-|-
215,415|-|-|-
216,416|-|-|-
-|-|213,413|-
-|-|214,414|-
-|-|215,415|-
-|-|216,416|-
-|205,405|-|-
-|206,406|-|-
-|207,407|-|-
-|208,408|-|-
213,413|-|-|-
214,414|-|-|-
215,415|-|-|-
216,416|-|-|-
-|-|213,413|-
-|-|214,414|-
-|-|215,415|-
-|-|216,416|-
-|-|-|213,413
-|-|-|214,414
-|-|-|215,415
-|-|-|216,416
225,421|-|-|-
226,422|-|-|-
227,423|-|-|-
228,424|-|-|-
-|225,421|-|-
-|226,422|-|-
-|227,423|-|-
-|228,424|-|-
-|-|-|225,421
-|-|-|226,422
-|-|-|227,423
-|-|-|228,424
233,429|-|-|-
234,430|-|-|-
235,431|-|-|-
236,432|-|-|-
-|-|233,429|-
-|-|234,430|-
-|-|235,431|-
-|-|236,432|-
-|225,421|-|-
-|226,422|-|-
-|227,423|-|-
-|228,424|-|-
233,429|-|-|-
234,430|-|-|-
235,431|-|-|-
236,432|-|-|-
-|-|233,429|-
-|-|234,430|-
-|-|235,431|-
-|-|236,432|-
-|-|-|233,429
-|-|-|234,430
-|-|-|235,431
-|-|-|236,432
-|-|-|121,337
-|-|-|122,338
-|-|-|123,339
-|-|-|124,340
-|125,341|-|-
-|126,342|-|-
-|127,343|-|-
-|128,344|-|-
-|-|129,345|-
-|-|130,346|-
-|-|131,347|-
-|-|132,348|-
133,349|-|-|-
134,350|-|-|-
135,351|-|-|-
136,352|-|-|-
-|133,349|-|-
-|134,350|-|-
-|135,351|-|-
-|136,352|-|-
-|-|129,345|-
-|-|130,346|-
-|-|131,347|-
-|-|132,348|-
133,349|-|-|-
134,350|-|-|-
135,351|-|-|-
136,352|-|-|-
-|-|-|129,345
-|-|-|130,346
-|-|-|131,347
-|-|-|132,348
-|133,349|-|-
-|134,350|-|-
-|135,351|-|-
-|136,352|-|-
-|-|-|136,352
-|-|-|141,353
-|-|-|142,354
-|-|-|143,355
-|-|-|144,356
-|145,357|-|-
-|146,358|-|-
-|147,359|-|-
-|148,360|-|-
-|-|149,361|-
-|-|150,362|-
-|-|151,363|-
-|-|152,364|-
153,365|-|-|-
154,366|-|-|-
155,367|-|-|-
156,368|-|-|-
-|153,365|-|-
-|154,366|-|-
-|155,367|-|-
-|156,368|-|-
-|-|149,361|-
-|-|150,362|-
-|-|151,363|-
-|-|152,364|-
153,365|-|-|-
154,366|-|-|-
155,367|-|-|-
156,368|-|-|-
-|-|-|149,361
-|-|-|150,362
-|-|-|151,363
-|-|-|152,364
-|153,365|-|-
-|154,366|-|-
-|155,367|-|-
-|156,368|-|-
-|-|-|156,368
-|-|-|161,369
-|-|-|162,370
-|-|-|163,371
-|-|-|164,372
-|165,373|-|-
-|166,374|-|-
-|167,375|-|-
-|168,376|-|-
-|-|169,377|-
-|-|170,378|-
-|-|171,379|-
-|-|172,380|-
173,381|-|-|-
174,382|-|-|-
175,383|-|-|-
176,384|-|-|-
-|173,381|-|-
-|174,382|-|-
-|175,383|-|-
-|176,384|-|-
-|-|169,377|-
-|-|170,378|-
-|-|171,379|-
-|-|172,380|-
173,381|-|-|-
174,382|-|-|-
175,383|-|-|-
176,384|-|-|-
-|-|-|169,377
-|-|-|170,378
-|-|-|171,379
-|-|-|172,380
-|173,381|-|-
-|174,382|-|-
-|175,383|-|-
-|176,384|-|-
-|-|-|176,384
-|4|-|-
-|5|-|-
-|6|-|-
-|7|-|-
-|-|-|7
12|-|-|-
13|-|-|-
14|-|-|-
15|-|-|-
-|-|12|-
-|-|13|-
-|-|14|-
-|-|15|-
-|12|-|-
-|13|-|-
-|14|-|-
-|15|-|-
-|-|-|12
-|-|-|13
-|-|-|14
-|-|-|15
12|-|-|-
13|-|-|-
14|-|-|-
15|-|-|-
-|-|14|-
-|-|15|-
-|12|-|-
-|13|-|-
-|14|-|-
-|15|-|-
-|-|-|12
-|-|-|13
-|-|-|14
-|-|-|15
-|24|-|-
-|25|-|-
-|26|-|-
-|27|-|-
32|-|-|-
33|-|-|-
34|-|-|-
35|-|-|-
-|-|32|-
-|-|33|-
-|-|34|-
-|-|35|-
-|32|-|-
-|33|-|-
-|34|-|-
-|35|-|-
-|-|-|32
-|-|-|33
-|-|-|34
-|-|-|35
32|-|-|-
33|-|-|-
34|-|-|-
35|-|-|-
-|32|-|-
-|33|-|-
-|34|-|-
-|35|-|-
-|-|-|32
-|-|-|33
-|-|-|34
-|-|-|35
-|44|-|-
-|45|-|-
-|46|-|-
-|47|-|-
52|-|-|-
53|-|-|-
54|-|-|-
55|-|-|-
-|-|52|-
-|-|53|-
-|-|54|-
-|-|55|-
-|52|-|-
-|53|-|-
-|54|-|-
-|55|-|-
-|-|-|52
-|-|-|53
-|-|-|54
-|-|-|55
52|-|-|-
53|-|-|-
54|-|-|-
55|-|-|-
-|-|55|-
-|52|-|-
-|53|-|-
-|54|-|-
-|55|-|-
-|-|-|52
-|-|-|53
-|-|-|54
-|-|-|55
-|-|-|64
-|-|-|65
-|-|-|66
-|-|-|67
-|68|-|-
-|-|73|-
-|-|74|-
-|-|75|-
-|-|76|-
77|-|-|-
78|-|-|-
79|-|-|-
80|-|-|-
-|-|-|73
-|-|-|74
-|-|-|75
-|-|-|76
-|77|-|-
-|78|-|-
-|79|-|-
-|80|-|-
-|-|73|-
-|-|74|-
-|-|75|-
-|-|76|-
79|-|-|-
80|-|-|-
-|-|-|73
-|-|-|74
-|-|-|75
-|-|-|76
-|77|-|-
-|78|-|-
-|79|-|-
-|80|-|-
-|-|-|85
-|-|-|86
-|-|-|87
-|-|-|88
-|-|93|-
-|-|94|-
-|-|95|-
-|-|96|-
97|-|-|-
98|-|-|-
99|-|-|-
100|-|-|-
-|-|-|93
-|-|-|94
-|-|-|95
-|-|-|96
-|97|-|-
-|98|-|-
-|99|-|-
-|100|-|-
-|-|93|-
-|-|94|-
-|-|95|-
-|-|96|-
-|-|-|93
-|-|-|94
-|-|-|95
-|-|-|96
-|97|-|-
-|98|-|-
-|99|-|-
-|100|-|-
-|-|-|105
-|-|-|106
-|-|-|107
-|-|-|108
-|-|113|-
-|-|114|-
-|-|115|-
-|-|116|-
117|-|-|-
118|-|-|-
119|-|-|-
120|-|-|-
-|-|-|113
-|-|-|114
-|-|-|115
-|-|-|116
-|117|-|-
-|118|-|-
-|119|-|-
-|120|-|-
-|-|113|-
-|-|114|-
-|-|115|-
-|-|116|-
120|-|-|-
-|-|-|113
-|-|-|114
-|-|-|115
-|-|-|116
-|117|-|-
-|118|-|-
-|119|-|-
-|120|-|-
12|-|-|-
13|-|-|-
14|-|-|-
15|-|-|-
-|-|12|-
-|-|13|-
-|-|14|-
-|-|15|-
-|12|-|-
-|13|-|-
-|14|-|-
-|15|-|-
-|-|-|12
-|-|-|13
-|-|-|14
-|-|-|15
-|12|-|-
-|13|-|-
-|14|-|-
-|15|-|-
-|-|-|12
-|-|-|13
-|-|-|14
-|-|-|15
16|-|-|-
17|-|-|-
18|-|-|-
19|-|-|-
-|-|16|-
-|-|17|-
-|-|18|-
-|-|19|-
32|-|-|-
33|-|-|-
34|-|-|-
35|-|-|-
-|-|32|-
-|-|33|-
-|-|34|-
-|-|35|-
-|32|-|-
-|33|-|-
-|34|-|-
-|35|-|-
-|-|-|32
-|-|-|33
-|-|-|34
-|-|-|35
-|32|-|-
-|33|-|-
-|34|-|-
-|35|-|-
-|-|-|32
-|-|-|33
-|-|-|34
-|-|-|35
36|-|-|-
37|-|-|-
38|-|-|-
39|-|-|-
-|-|36|-
-|-|37|-
-|-|38|-
-|-|39|-
52|-|-|-
53|-|-|-
54|-|-|-
55|-|-|-
-|-|52|-
-|-|53|-
-|-|54|-
-|-|55|-
-|52|-|-
-|53|-|-
-|54|-|-
-|55|-|-
-|-|-|52
-|-|-|53
-|-|-|54
-|-|-|55
-|52|-|-
-|53|-|-
-|54|-|-
-|55|-|-
-|-|-|52
-|-|-|53
-|-|-|54
-|-|-|55
56|-|-|-
57|-|-|-
58|-|-|-
59|-|-|-
-|-|56|-
-|-|57|-
-|-|58|-
-|-|59|-
-|125|-|-
-|126|-|-
-|127|-|-
-|128|-|-
133|-|-|-
134|-|-|-
135|-|-|-
136|-|-|-
-|-|133|-
-|-|134|-
-|-|135|-
-|-|136|-
-|133|-|-
-|134|-|-
-|135|-|-
-|136|-|-
-|-|-|133
-|-|-|134
-|-|-|135
-|-|-|136
133|-|-|-
134|-|-|-
135|-|-|-
136|-|-|-
-|-|136|-
-|133|-|-
-|134|-|-
-|135|-|-
-|136|-|-
-|-|-|133
-|-|-|134
-|-|-|135
-|-|-|136
-|145|-|-
-|146|-|-
-|147|-|-
-|148|-|-
153|-|-|-
154|-|-|-
155|-|-|-
156|-|-|-
-|-|153|-
-|-|154|-
-|-|155|-
-|-|156|-
-|153|-|-
-|154|-|-
-|155|-|-
-|156|-|-
-|-|-|153
-|-|-|154
-|-|-|155
-|-|-|156
153|-|-|-
154|-|-|-
155|-|-|-
156|-|-|-
-|153|-|-
-|154|-|-
-|155|-|-
-|156|-|-
-|-|-|153
-|-|-|154
-|-|-|155
-|-|-|156
-|165|-|-
-|166|-|-
-|167|-|-
-|168|-|-
173|-|-|-
174|-|-|-
175|-|-|-
176|-|-|-
-|-|173|-
-|-|174|-
-|-|175|-
-|-|176|-
-|173|-|-
-|174|-|-
-|175|-|-
-|176|-|-
-|-|-|173
-|-|-|174
-|-|-|175
-|-|-|176
173|-|-|-
174|-|-|-
175|-|-|-
176|-|-|-
-|173|-|-
-|174|-|-
-|175|-|-
-|176|-|-
-|-|-|173
-|-|-|174
-|-|-|175
-|-|-|176
-|-|-|185
-|-|-|186
-|-|-|187
-|-|-|188
-|-|193|-
-|-|194|-
-|-|195|-
-|-|196|-
197|-|-|-
198|-|-|-
199|-|-|-
200|-|-|-
-|-|-|193
-|-|-|194
-|-|-|195
-|-|-|196
-|197|-|-
-|198|-|-
-|199|-|-
-|200|-|-
-|-|193|-
-|-|194|-
-|-|195|-
-|-|196|-
200|-|-|-
-|-|-|193
-|-|-|194
-|-|-|195
-|-|-|196
-|197|-|-
-|198|-|-
-|199|-|-
-|200|-|-
-|-|-|205
-|-|-|206
-|-|-|207
-|-|-|208
-|-|213|-
-|-|214|-
-|-|215|-
-|-|216|-
217|-|-|-
218|-|-|-
219|-|-|-
220|-|-|-
-|-|-|213
-|-|-|214
-|-|-|215
-|-|-|216
-|217|-|-
-|218|-|-
-|219|-|-
-|220|-|-
-|-|213|-
-|-|214|-
-|-|215|-
-|-|216|-
-|-|-|213
-|-|-|214
-|-|-|215
-|-|-|216
-|217|-|-
-|218|-|-
-|219|-|-
-|220|-|-
-|-|-|225
-|-|-|226
-|-|-|227
-|-|-|228
-|-|233|-
-|-|234|-
-|-|235|-
-|-|236|-
237|-|-|-
238|-|-|-
239|-|-|-
240|-|-|-
-|-|-|233
-|-|-|234
-|-|-|235
-|-|-|236
-|237|-|-
-|238|-|-
-|239|-|-
-|240|-|-
-|-|233|-
-|-|234|-
-|-|235|-
-|-|236|-
-|-|-|233
-|-|-|234
-|-|-|235
-|-|-|236
-|237|-|-
-|238|-|-
-|239|-|-
-|240|-|-
133|-|-|-
134|-|-|-
135|-|-|-
136|-|-|-
-|-|133|-
-|-|134|-
-|-|135|-
-|-|136|-
-|133|-|-
-|134|-|-
-|135|-|-
-|136|-|-
-|-|-|133
-|-|-|134
-|-|-|135
-|-|-|136
-|133|-|-
-|134|-|-
-|135|-|-
-|136|-|-
-|-|-|133
-|-|-|134
-|-|-|135
-|-|-|136
137|-|-|-
138|-|-|-
139|-|-|-
140|-|-|-
-|-|137|-
-|-|138|-
-|-|139|-
-|-|140|-
153|-|-|-
154|-|-|-
155|-|-|-
156|-|-|-
-|-|153|-
-|-|154|-
-|-|155|-
-|-|156|-
-|153|-|-
-|154|-|-
-|155|-|-
-|156|-|-
-|-|-|153
-|-|-|154
-|-|-|155
-|-|-|156
-|153|-|-
-|154|-|-
-|155|-|-
-|156|-|-
-|-|-|153
-|-|-|154
-|-|-|155
-|-|-|156
157|-|-|-
158|-|-|-
159|-|-|-
160|-|-|-
-|-|157|-
-|-|158|-
-|-|159|-
-|-|160|-
173|-|-|-
174|-|-|-
175|-|-|-
176|-|-|-
-|-|173|-
-|-|174|-
-|-|175|-
-|-|176|-
-|173|-|-
-|174|-|-
-|175|-|-
-|176|-|-
-|-|-|173
-|-|-|174
-|-|-|175
-|-|-|176
-|173|-|-
-|174|-|-
-|175|-|-
-|176|-|-
-|-|-|173
-|-|-|174
-|-|-|175
-|-|-|176
177|-|-|-
178|-|-|-
179|-|-|-
180|-|-|-
-|-|177|-
-|-|178|-
-|-|179|-
-|-|180|-
891,971,1182,1242|1046,1122|-|-
892,972,1183,1243|1047,1123|-|-
893,973,1184,1244|1048,1124|-|-
894,974,1185,1245|1049,1125|-|-
-|-|891,971,1182,1242|1046,1122
-|-|892,972,1183,1243|1047,1123
-|-|893,973,1184,1244|1048,1124
-|-|894,974,1185,1245|1049,1125
898,978,1189,1249|1051,1127|-|-
1052,1128|891,971,1182,1242|-|-
1053,1129|892,972,1183,1243|-|-
1054,1130|893,973,1184,1244|-|-
1055,1131|894,974,1185,1245|-|-
-|-|1052,1128|891,971,1182,1242
-|-|1053,1129|892,972,1183,1243
-|-|1054,1130|893,973,1184,1244
-|-|1055,1131|894,974,1185,1245
1056,1132|895,975,1186,1246|-|-
1057,1133|896,976,1187,1247|-|-
1058,1134|897,977,1188,1248|-|-
1059,1135|898,978,1189,1249|-|-
-|-|911,989,1198,1258|1065,1136
-|-|912,990,1199,1259|1066,1137
-|-|913,991,1200,1260|1067,1138
-|-|914,992,1201,1261|1068,1139
915,993,1202,1262|1069,1140|-|-
916,994,1203,1263|1070,1141|-|-
917,995,1204,1264|1071,1142|-|-
918,996,1205,1265|1072,1143|-|-
-|-|918,996,1205,1265|1072,1143
-|-|1073,1144|911,989,1198,1258
-|-|1074,1145|912,990,1199,1259
-|-|1075,1146|913,991,1200,1260
-|-|1076,1147|914,992,1201,1261
1077,1148|915,993,1202,1262|-|-
1078,1149|916,994,1203,1263|-|-
1079,1150|917,995,1204,1264|-|-
1080,1151|918,996,1205,1265|-|-
-|-|1077,1148|915,993,1202,1262
-|-|1078,1149|916,994,1203,1263
-|-|1079,1150|917,995,1204,1264
-|-|1080,1151|918,996,1205,1265
1052,1128|891,971,1182,1242|-|-
1053,1129|892,972,1183,1243|-|-
1054,1130|893,973,1184,1244|-|-
1055,1131|894,974,1185,1245|-|-
-|-|1052,1128|891,971,1182,1242
-|-|1053,1129|892,972,1183,1243
-|-|1054,1130|893,973,1184,1244
-|-|1055,1131|894,974,1185,1245
1056,1132|895,975,1186,1246|-|-
1057,1133|896,976,1187,1247|-|-
1058,1134|897,977,1188,1248|-|-
1059,1135|898,978,1189,1249|-|-
-|-|899,979,1190,1250|1052,1128
-|-|900,980,1191,1251|1053,1129
-|-|901,981,1192,1252|1054,1130
-|-|902,982,1193,1253|1055,1131
903,983,1194,1254|1056,1132|-|-
904,984,1195,1255|1057,1133|-|-
905,985,1196,1256|1058,1134|-|-
906,986,1197,1257|1059,1135|-|-
931,1009,1213,1266|1085,1153|-|-
932,1010,1214,1267|1086,1154|-|-
933,1011,1215,1268|1087,1155|-|-
934,1012,1216,1269|1088,1156|-|-
-|-|931,1009,1213,1266|1085,1153
-|-|932,1010,1214,1267|1086,1154
-|-|933,1011,1215,1268|1087,1155
-|-|934,1012,1216,1269|1088,1156
1089,1157|931,1009,1213,1266|-|-
1090,1158|932,1010,1214,1267|-|-
1091,1159|933,1011,1215,1268|-|-
1092,1160|934,1012,1216,1269|-|-
-|-|1089,1157|931,1009,1213,1266
-|-|1090,1158|932,1010,1214,1267
-|-|1091,1159|933,1011,1215,1268
-|-|1092,1160|934,1012,1216,1269
1093,1161|935,1013,1217,1270|-|-
1094,1162|936,1014,1218,1271|-|-
1095,1163|937,1015,1219,1272|-|-
1096,1164|938,1016,1220,1273|-|-
-|-|951,1026,1229,1282|1102,1165
-|-|952,1027,1230,1283|1103,1166
-|-|953,1028,1231,1284|1104,1167
-|-|954,1029,1232,1285|1105,1168
955,1030,1233,1286|1106,1169|-|-
956,1031,1234,1287|1107,1170|-|-
957,1032,1235,1288|1108,1171|-|-
958,1033,1236,1289|1109,1172|-|-
-|-|1110,1173|951,1026,1229,1282
-|-|1111,1174|952,1027,1230,1283
-|-|1112,1175|953,1028,1231,1284
-|-|1113,1176|954,1029,1232,1285
1114,1177|955,1030,1233,1286|-|-
1115,1178|956,1031,1234,1287|-|-
1116,1179|957,1032,1235,1288|-|-
1117,1180|958,1033,1236,1289|-|-
-|-|1114,1177|955,1030,1233,1286
-|-|1115,1178|956,1031,1234,1287
-|-|1116,1179|957,1032,1235,1288
-|-|1117,1180|958,1033,1236,1289
1089,1157|931,1009,1213,1266|-|-
1090,1158|932,1010,1214,1267|-|-
1091,1159|933,1011,1215,1268|-|-
1092,1160|934,1012,1216,1269|-|-
-|-|1089,1157|931,1009,1213,1266
-|-|1090,1158|932,1010,1214,1267
-|-|1091,1159|933,1011,1215,1268
-|-|1092,1160|934,1012,1216,1269
1093,1161|935,1013,1217,1270|-|-
1094,1162|936,1014,1218,1271|-|-
1095,1163|937,1015,1219,1272|-|-
1096,1164|938,1016,1220,1273|-|-
-|-|939,1017,1221,1274|1089,1157
-|-|940,1018,1222,1275|1090,1158
-|-|941,1019,1223,1276|1091,1159
-|-|942,1020,1224,1277|1092,1160
943,1021,1225,1278|1093,1161|-|-
944,1022,1226,1279|1094,1162|-|-
945,1023,1227,1280|1095,1163|-|-
946,1024,1228,1281|1096,1164|-|-
-|-|1052|891,1182
-|-|1053|892,1183
-|-|1054|893,1184
-|-|1055|894,1185
1056|895,1186|-|-
1057|896,1187|-|-
1058|897,1188|-|-
1059|898,1189|-|-
-|-|1059|898,1189
-|-|899,1190|1052
-|-|900,1191|1053
-|-|901,1192|1054
-|-|902,1193|1055
903,1194|1056|-|-
904,1195|1057|-|-
905,1196|1058|-|-
906,1197|1059|-|-
-|-|905,1196|1058
-|-|906,1197|1059
1077|915,1202|-|-
1078|916,1203|-|-
1079|917,1204|-|-
1080|918,1205|-|-
-|-|1077|915,1202
-|-|1078|916,1203
-|-|1079|917,1204
-|-|1080|918,1205
1084|922,1206|-|-
923,1207|1077|-|-
924,1208|1078|-|-
925,1209|1079|-|-
926,1210|1080|-|-
-|-|923,1207|1077
-|-|924,1208|1078
-|-|925,1209|1079
-|-|926,1210|1080
929,1211|1083|-|-
930,1212|1084|-|-
-|-|899,1190|1052
-|-|900,1191|1053
-|-|901,1192|1054
-|-|902,1193|1055
903,1194|1056|-|-
904,1195|1057|-|-
905,1196|1058|-|-
906,1197|1059|-|-
-|-|903,1194|1056
-|-|904,1195|1057
-|-|905,1196|1058
-|-|906,1197|1059
1060|903,1194|-|-
1061|904,1195|-|-
1062|905,1196|-|-
1063|906,1197|-|-
-|-|1060|903,1194
-|-|1061|904,1195
-|-|1062|905,1196
-|-|1063|906,1197
-|-|1089|931,1213
-|-|1090|932,1214
-|-|1091|933,1215
-|-|1092|934,1216
1093|935,1217|-|-
1094|936,1218|-|-
1095|937,1219|-|-
1096|938,1220|-|-
-|-|939,1221|1089
-|-|940,1222|1090
-|-|941,1223|1091
-|-|942,1224|1092
943,1225|1093|-|-
944,1226|1094|-|-
945,1227|1095|-|-
946,1228|1096|-|-
-|-|946,1228|1096
1114|955,1233|-|-
1115|956,1234|-|-
1116|957,1235|-|-
1117|958,1236|-|-
-|-|1114|955,1233
-|-|1115|956,1234
-|-|1116|957,1235
-|-|1117|958,1236
963,1237|1114|-|-
964,1238|1115|-|-
965,1239|1116|-|-
966,1240|1117|-|-
-|-|963,1237|1114
-|-|964,1238|1115
-|-|965,1239|1116
-|-|966,1240|1117
970,1241|1121|-|-
-|-|939,1221|1089
-|-|940,1222|1090
-|-|941,1223|1091
-|-|942,1224|1092
943,1225|1093|-|-
944,1226|1094|-|-
945,1227|1095|-|-
946,1228|1096|-|-
-|-|943,1225|1093
-|-|944,1226|1094
-|-|945,1227|1095
-|-|946,1228|1096
1097|943,1225|-|-
1098|944,1226|-|-
1099|945,1227|-|-
1100|946,1228|-|-
-|-|1097|943,1225
-|-|1098|944,1226
-|-|1099|945,1227
-|-|1100|946,1228
-|-|891,971|1046,1122
-|-|892,972|1047,1123
-|-|893,973|1048,1124
-|-|894,974|1049,1125
897,977|1050,1126|-|-
898,978|1051,1127|-|-
-|-|1052,1128|891,971
-|-|1053,1129|892,972
-|-|1054,1130|893,973
-|-|1055,1131|894,974
1056,1132|895,975|-|-
1057,1133|896,976|-|-
1058,1134|897,977|-|-
1059,1135|898,978|-|-
-|-|1059,1135|898,978
903,983|1056,1132|-|-
904,984|1057,1133|-|-
905,985|1058,1134|-|-
906,986|1059,1135|-|-
-|-|906,986|1059,1135
915,993|1069,1140|-|-
916,994|1070,1141|-|-
917,995|1071,1142|-|-
918,996|1072,1143|-|-
-|-|917,995|1071,1142
-|-|918,996|1072,1143
1077,1148|915,993|-|-
1078,1149|916,994|-|-
1079,1150|917,995|-|-
1080,1151|918,996|-|-
-|-|1077,1148|915,993
-|-|1078,1149|916,994
-|-|1079,1150|917,995
-|-|1080,1151|918,996
1084,1152|922,1000|-|-
-|-|923,1001|1077,1148
-|-|924,1002|1078,1149
-|-|925,1003|1079,1150
-|-|926,1004|1080,1151
930,1008|1084,1152|-|-
-|-|1052,1128|891,971
-|-|1053,1129|892,972
-|-|1054,1130|893,973
-|-|1055,1131|894,974
1056,1132|895,975|-|-
1057,1133|896,976|-|-
1058,1134|897,977|-|-
1059,1135|898,978|-|-
-|-|899,979|1052,1128
-|-|900,980|1053,1129
-|-|901,981|1054,1130
-|-|902,982|1055,1131
903,983|1056,1132|-|-
904,984|1057,1133|-|-
905,985|1058,1134|-|-
906,986|1059,1135|-|-
-|-|903,983|1056,1132
-|-|904,984|1057,1133
-|-|905,985|1058,1134
-|-|906,986|1059,1135
-|-|931,1009|1085,1153
-|-|932,1010|1086,1154
-|-|933,1011|1087,1155
-|-|934,1012|1088,1156
-|-|1089,1157|931,1009
-|-|1090,1158|932,1010
-|-|1091,1159|933,1011
-|-|1092,1160|934,1012
1093,1161|935,1013|-|-
1094,1162|936,1014|-|-
1095,1163|937,1015|-|-
1096,1164|938,1016|-|-
943,1021|1093,1161|-|-
944,1022|1094,1162|-|-
945,1023|1095,1163|-|-
946,1024|1096,1164|-|-
-|-|946,1024|1096,1164
955,1030|1106,1169|-|-
956,1031|1107,1170|-|-
957,1032|1108,1171|-|-
958,1033|1109,1172|-|-
1114,1177|955,1030|-|-
1115,1178|956,1031|-|-
1116,1179|957,1032|-|-
1117,1180|958,1033|-|-
-|-|1114,1177|955,1030
-|-|1115,1178|956,1031
-|-|1116,1179|957,1032
-|-|1117,1180|958,1033
-|-|963,1038|1114,1177
-|-|964,1039|1115,1178
-|-|965,1040|1116,1179
-|-|966,1041|1117,1180
970,1045|1121,1181|-|-
-|-|1089,1157|931,1009
-|-|1090,1158|932,1010
-|-|1091,1159|933,1011
-|-|1092,1160|934,1012
1093,1161|935,1013|-|-
1094,1162|936,1014|-|-
1095,1163|937,1015|-|-
1096,1164|938,1016|-|-
-|-|939,1017|1089,1157
-|-|940,1018|1090,1158
-|-|941,1019|1091,1159
-|-|942,1020|1092,1160
943,1021|1093,1161|-|-
944,1022|1094,1162|-|-
945,1023|1095,1163|-|-
946,1024|1096,1164|-|-
-|-|943,1021|1093,1161
-|-|944,1022|1094,1162
-|-|945,1023|1095,1163
-|-|946,1024|1096,1164
1056|895|-|-
1057|896|-|-
1058|897|-|-
1059|898|-|-
-|-|1058|897
-|-|1059|898
903|1056|-|-
904|1057|-|-
905|1058|-|-
906|1059|-|-
-|-|903|1056
-|-|904|1057
-|-|905|1058
-|-|906|1059
-|-|1077|915
-|-|1078|916
-|-|1079|917
-|-|1080|918
1083|921|-|-
1084|922|-|-
-|-|923|1077
-|-|924|1078
-|-|925|1079
-|-|926|1080
927|1081|-|-
928|1082|-|-
929|1083|-|-
930|1084|-|-
903|1056|-|-
904|1057|-|-
905|1058|-|-
906|1059|-|-
-|-|903|1056
-|-|904|1057
-|-|905|1058
-|-|906|1059
1060|903|-|-
1061|904|-|-
1062|905|-|-
1063|906|-|-
-|-|1060|903
-|-|1061|904
-|-|1062|905
-|-|1063|906
1064|910|-|-
1093|935|-|-
1094|936|-|-
1095|937|-|-
1096|938|-|-
943|1093|-|-
944|1094|-|-
945|1095|-|-
946|1096|-|-
-|-|943|1093
-|-|944|1094
-|-|945|1095
-|-|946|1096
-|-|1114|955
-|-|1115|956
-|-|1116|957
-|-|1117|958
-|-|963|1114
-|-|964|1115
-|-|965|1116
-|-|966|1117
967|1118|-|-
968|1119|-|-
969|1120|-|-
970|1121|-|-
943|1093|-|-
944|1094|-|-
945|1095|-|-
946|1096|-|-
-|-|943|1093
-|-|944|1094
-|-|945|1095
-|-|946|1096
1097|943|-|-
1098|944|-|-
1099|945|-|-
1100|946|-|-
-|-|1097|943
-|-|1098|944
-|-|1099|945
-|-|1100|946
1101|950|-|-
-|895,975|-|-
-|896,976|-|-
-|897,977|-|-
-|898,978|-|-
-|-|-|895,975
-|-|-|896,976
-|-|-|897,977
-|-|-|898,978
903,983|-|-|-
904,984|-|-|-
905,985|-|-|-
906,986|-|-|-
-|-|903,983|-
-|-|904,984|-
-|-|905,985|-
-|-|906,986|-
-|-|-|915,993
-|-|-|916,994
-|-|-|917,995
-|-|-|918,996
-|919,997|-|-
-|920,998|-|-
-|921,999|-|-
-|922,1000|-|-
-|-|923,1001|-
-|-|924,1002|-
-|-|925,1003|-
-|-|926,1004|-
927,1005|-|-|-
928,1006|-|-|-
929,1007|-|-|-
930,1008|-|-|-
903,983|-|-|-
904,984|-|-|-
905,985|-|-|-
906,986|-|-|-
-|-|903,983|-
-|-|904,984|-
-|-|905,985|-
-|-|906,986|-
910,988|-|-|-
-|-|-|903,983
-|-|-|904,984
-|-|-|905,985
-|-|-|906,986
-|909,987|-|-
-|910,988|-|-
-|935,1013|-|-
-|936,1014|-|-
-|937,1015|-|-
-|938,1016|-|-
-|-|-|935,1013
-|-|-|936,1014
-|-|-|937,1015
-|-|-|938,1016
943,1021|-|-|-
944,1022|-|-|-
945,1023|-|-|-
946,1024|-|-|-
-|-|943,1021|-
-|-|944,1022|-
-|-|945,1023|-
-|-|946,1024|-
-|-|-|955,1030
-|-|-|956,1031
-|-|-|957,1032
-|-|-|958,1033
-|959,1034|-|-
-|960,1035|-|-
-|961,1036|-|-
-|962,1037|-|-
-|-|963,1038|-
-|-|964,1039|-
-|-|965,1040|-
-|-|966,1041|-
967,1042|-|-|-
968,1043|-|-|-
969,1044|-|-|-
970,1045|-|-|-
943,1021|-|-|-
944,1022|-|-|-
945,1023|-|-|-
946,1024|-|-|-
-|-|943,1021|-
-|-|944,1022|-
-|-|945,1023|-
-|-|946,1024|-
-|-|-|943,1021
-|-|-|944,1022
-|-|-|945,1023
-|-|-|946,1024
-|950,1025|-|-
-|-|903|-
-|-|904|-
-|-|905|-
-|-|906|-
907|-|-|-
908|-|-|-
909|-|-|-
910|-|-|-
-|-|-|903
-|-|-|904
-|-|-|905
-|-|-|906
-|907|-|-
-|908|-|-
-|909|-|-
-|910|-|-
927|-|-|-
928|-|-|-
929|-|-|-
930|-|-|-
-|-|927|-
-|-|928|-
-|-|929|-
-|-|930|-
-|927|-|-
-|928|-|-
-|929|-|-
-|930|-|-
-|-|-|927
-|-|-|928
-|-|-|929
-|-|-|930
-|-|-|903
-|-|-|904
-|-|-|905
-|-|-|906
-|907|-|-
-|908|-|-
-|909|-|-
-|910|-|-
-|-|943|-
-|-|944|-
-|-|945|-
-|-|946|-
947|-|-|-
948|-|-|-
949|-|-|-
950|-|-|-
-|-|-|943
-|-|-|944
-|-|-|945
-|-|-|946
-|947|-|-
-|948|-|-
-|949|-|-
-|950|-|-
967|-|-|-
968|-|-|-
969|-|-|-
970|-|-|-
-|-|967|-
-|-|968|-
-|-|969|-
-|-|970|-
-|967|-|-
-|968|-|-
-|969|-|-
-|970|-|-
-|-|-|967
-|-|-|968
-|-|-|969
-|-|-|970
-|-|-|943
-|-|-|944
-|-|-|945
-|-|-|946
-|947|-|-
-|948|-|-
-|949|-|-
-|950|-|-
TRANS 1
0,104|200,312|-|-
1,105|201,313|-|-
2,106|202,314|-|-
3,107|203,315|-|-
-|-|0,104|200,312
-|-|1,105|201,313
-|-|2,106|202,314
-|-|3,107|203,315
204,316|0,104|-|-
205,317|1,105|-|-
206,318|2,106|-|-
207,319|3,107|-|-
-|-|204,316|0,104
-|-|205,317|1,105
-|-|206,318|2,106
-|-|207,319|3,107
-|-|8,112|204,316
-|-|9,113|205,317
-|-|10,114|206,318
-|-|11,115|207,319
16,120|220,324|-|-
17,121|221,325|-|-
18,122|222,326|-|-
19,123|223,327|-|-
-|-|16,120|220,324
-|-|17,121|221,325
-|-|18,122|222,326
-|-|19,123|223,327
224,328|16,120|-|-
225,329|17,121|-|-
226,330|18,122|-|-
227,331|19,123|-|-
-|-|224,328|16,120
-|-|225,329|17,121
-|-|226,330|18,122
-|-|227,331|19,123
-|-|24,128|224,328
-|-|25,129|225,329
-|-|26,130|226,330
-|-|27,131|227,331
240,336|32,136|-|-
241,337|33,137|-|-
242,338|34,138|-|-
243,339|35,139|-|-
-|-|240,336|32,136
-|-|241,337|33,137
-|-|242,338|34,138
-|-|243,339|35,139
36,140|240,336|-|-
37,141|241,337|-|-
38,142|242,338|-|-
39,143|243,339|-|-
-|-|36,140|240,336
-|-|37,141|241,337
-|-|38,142|242,338
-|-|39,143|243,339
-|-|248,340|36,140
-|-|249,341|37,141
-|-|250,342|38,142
-|-|251,343|39,143
204,316|0,104|-|-
205,317|1,105|-|-
206,318|2,106|-|-
207,319|3,107|-|-
-|-|204,316|0,104
-|-|205,317|1,105
-|-|206,318|2,106
-|-|207,319|3,107
211,323|7,111|-|-
8,112|204,316|-|-
9,113|205,317|-|-
10,114|206,318|-|-
11,115|207,319|-|-
-|-|8,112|204,316
-|-|9,113|205,317
-|-|10,114|206,318
-|-|11,115|207,319
12,116|208,320|-|-
13,117|209,321|-|-
14,118|210,322|-|-
15,119|211,323|-|-
224,328|16,120|-|-
225,329|17,121|-|-
226,330|18,122|-|-
227,331|19,123|-|-
-|-|224,328|16,120
-|-|225,329|17,121
-|-|226,330|18,122
-|-|227,331|19,123
24,128|224,328|-|-
25,129|225,329|-|-
26,130|226,330|-|-
27,131|227,331|-|-
-|-|24,128|224,328
-|-|25,129|225,329
-|-|26,130|226,330
-|-|27,131|227,331
28,132|228,332|-|-
29,133|229,333|-|-
30,134|230,334|-|-
31,135|231,335|-|-
36,140|240,336|-|-
37,141|241,337|-|-
38,142|242,338|-|-
39,143|243,339|-|-
-|-|36,140|240,336
-|-|37,141|241,337
-|-|38,142|242,338
-|-|39,143|243,339
248,340|36,140|-|-
249,341|37,141|-|-
250,342|38,142|-|-
251,343|39,143|-|-
-|-|248,340|36,140
-|-|249,341|37,141
-|-|250,342|38,142
-|-|251,343|39,143
252,344|40,144|-|-
253,345|41,145|-|-
254,346|42,146|-|-
255,347|43,147|-|-
52,152|256,348|-|-
53,153|257,349|-|-
54,154|258,350|-|-
55,155|259,351|-|-
-|-|52,152|256,348
-|-|53,153|257,349
-|-|54,154|258,350
-|-|55,155|259,351
260,352|52,152|-|-
261,353|53,153|-|-
262,354|54,154|-|-
263,355|55,155|-|-
-|-|260,352|52,152
-|-|261,353|53,153
-|-|262,354|54,154
-|-|263,355|55,155
-|-|60,160|260,352
-|-|61,161|261,353
-|-|62,162|262,354
-|-|63,163|263,355
68,168|276,360|-|-
69,169|277,361|-|-
70,170|278,362|-|-
71,171|279,363|-|-
-|-|68,168|276,360
-|-|69,169|277,361
-|-|70,170|278,362
-|-|71,171|279,363
280,364|68,168|-|-
281,365|69,169|-|-
282,366|70,170|-|-
283,367|71,171|-|-
-|-|280,364|68,168
-|-|281,365|69,169
-|-|282,366|70,170
-|-|283,367|71,171
-|-|76,176|280,364
-|-|77,177|281,365
-|-|78,178|282,366
-|-|79,179|283,367
296,372|84,184|-|-
297,373|85,185|-|-
298,374|86,186|-|-
299,375|87,187|-|-
-|-|296,372|84,184
-|-|297,373|85,185
-|-|298,374|86,186
-|-|299,375|87,187
88,188|296,372|-|-
89,189|297,373|-|-
90,190|298,374|-|-
91,191|299,375|-|-
-|-|88,188|296,372
-|-|89,189|297,373
-|-|90,190|298,374
-|-|91,191|299,375
-|-|304,376|88,188
-|-|305,377|89,189
-|-|306,378|90,190
-|-|307,379|91,191
260,352|52,152|-|-
261,353|53,153|-|-
262,354|54,154|-|-
263,355|55,155|-|-
-|-|260,352|52,152
-|-|261,353|53,153
-|-|262,354|54,154
-|-|263,355|55,155
60,160|260,352|-|-
61,161|261,353|-|-
62,162|262,354|-|-
63,163|263,355|-|-
-|-|60,160|260,352
-|-|61,161|261,353
-|-|62,162|262,354
-|-|63,163|263,355
64,164|264,356|-|-
65,165|265,357|-|-
66,166|266,358|-|-
67,167|267,359|-|-
280,364|68,168|-|-
281,365|69,169|-|-
282,366|70,170|-|-
283,367|71,171|-|-
-|-|280,364|68,168
-|-|281,365|69,169
-|-|282,366|70,170
-|-|283,367|71,171
76,176|280,364|-|-
77,177|281,365|-|-
78,178|282,366|-|-
79,179|283,367|-|-
-|-|76,176|280,364
-|-|77,177|281,365
-|-|78,178|282,366
-|-|79,179|283,367
80,180|284,368|-|-
81,181|285,369|-|-
82,182|286,370|-|-
83,183|287,371|-|-
88,188|296,372|-|-
89,189|297,373|-|-
90,190|298,374|-|-
91,191|299,375|-|-
-|-|88,188|296,372
-|-|89,189|297,373
-|-|90,190|298,374
-|-|91,191|299,375
304,376|88,188|-|-
305,377|89,189|-|-
306,378|90,190|-|-
307,379|91,191|-|-
-|-|304,376|88,188
-|-|305,377|89,189
-|-|306,378|90,190
-|-|307,379|91,191
308,380|92,192|-|-
309,381|93,193|-|-
310,382|94,194|-|-
311,383|95,195|-|-
-|-|204|0
-|-|205|1
-|-|206|2
-|-|207|3
208|4|-|-
209|5|-|-
210|6|-|-
211|7|-|-
-|-|8|204
-|-|9|205
-|-|10|206
-|-|11|207
12|208|-|-
13|209|-|-
14|210|-|-
15|211|-|-
-|-|224|16
-|-|225|17
-|-|226|18
-|-|227|19
228|20|-|-
229|21|-|-
230|22|-|-
231|23|-|-
-|-|24|224
-|-|25|225
-|-|26|226
-|-|27|227
28|228|-|-
29|229|-|-
30|230|-|-
31|231|-|-
-|-|36|240
-|-|37|241
-|-|38|242
-|-|39|243
40|244|-|-
41|245|-|-
42|246|-|-
43|247|-|-
-|-|248|36
-|-|249|37
-|-|250|38
-|-|251|39
252|40|-|-
253|41|-|-
254|42|-|-
255|43|-|-
-|-|8|204
-|-|9|205
-|-|10|206
-|-|11|207
12|208|-|-
13|209|-|-
14|210|-|-
15|211|-|-
-|-|212|8
-|-|213|9
-|-|214|10
-|-|215|11
216|12|-|-
217|13|-|-
218|14|-|-
219|15|-|-
-|-|24|224
-|-|25|225
-|-|26|226
-|-|27|227
28|228|-|-
29|229|-|-
30|230|-|-
31|231|-|-
-|-|232|24
-|-|233|25
-|-|234|26
-|-|235|27
236|28|-|-
237|29|-|-
238|30|-|-
239|31|-|-
-|-|248|36
-|-|249|37
-|-|250|38
-|-|251|39
252|40|-|-
253|41|-|-
254|42|-|-
255|43|-|-
-|-|44|248
-|-|45|249
-|-|46|250
-|-|47|251
48|252|-|-
49|253|-|-
50|254|-|-
51|255|-|-
-|-|260|52
-|-|261|53
-|-|262|54
-|-|263|55
264|56|-|-
265|57|-|-
266|58|-|-
267|59|-|-
-|-|60|260
-|-|61|261
-|-|62|262
-|-|63|263
64|264|-|-
65|265|-|-
66|266|-|-
67|267|-|-
-|-|280|68
-|-|281|69
-|-|282|70
-|-|283|71
284|72|-|-
285|73|-|-
286|74|-|-
287|75|-|-
-|-|76|280
-|-|77|281
-|-|78|282
-|-|79|283
80|284|-|-
81|285|-|-
82|286|-|-
83|287|-|-
-|-|88|296
-|-|89|297
-|-|90|298
-|-|91|299
92|300|-|-
93|301|-|-
94|302|-|-
95|303|-|-
-|-|304|88
-|-|305|89
-|-|306|90
-|-|307|91
308|92|-|-
309|93|-|-
310|94|-|-
311|95|-|-
-|-|60|260
-|-|61|261
-|-|62|262
-|-|63|263
64|264|-|-
65|265|-|-
66|266|-|-
67|267|-|-
-|-|268|60
-|-|269|61
-|-|270|62
-|-|271|63
272|64|-|-
273|65|-|-
274|66|-|-
275|67|-|-
-|-|76|280
-|-|77|281
-|-|78|282
-|-|79|283
80|284|-|-
81|285|-|-
82|286|-|-
83|287|-|-
-|-|288|76
-|-|289|77
-|-|290|78
-|-|291|79
292|80|-|-
293|81|-|-
294|82|-|-
295|83|-|-
-|-|304|88
-|-|305|89
-|-|306|90
-|-|307|91
308|92|-|-
309|93|-|-
310|94|-|-
311|95|-|-
-|-|96|304
-|-|97|305
-|-|98|306
-|-|99|307
100|308|-|-
101|309|-|-
102|310|-|-
103|311|-|-
-|-|0,104|-
-|-|1,105|-
-|-|2,106|-
-|-|3,107|-
-|-|-|0,104
-|-|-|1,105
-|-|-|2,106
-|-|-|3,107
-|4,108|-|-
-|5,109|-|-
-|6,110|-|-
-|7,111|-|-
-|-|8,112|-
-|-|9,113|-
-|-|10,114|-
-|-|11,115|-
12,116|-|-|-
13,117|-|-|-
14,118|-|-|-
15,119|-|-|-
-|-|16,120|-
-|-|17,121|-
-|-|18,122|-
-|-|19,123|-
-|-|-|16,120
-|-|-|17,121
-|-|-|18,122
-|-|-|19,123
-|20,124|-|-
-|21,125|-|-
-|22,126|-|-
-|23,127|-|-
-|-|24,128|-
-|-|25,129|-
-|-|26,130|-
-|-|27,131|-
28,132|-|-|-
29,133|-|-|-
30,134|-|-|-
31,135|-|-|-
-|-|-|32,136
-|-|-|33,137
-|-|-|34,138
-|-|-|35,139
-|-|36,140|-
-|-|37,141|-
-|-|38,142|-
-|-|39,143|-
40,144|-|-|-
41,145|-|-|-
42,146|-|-|-
43,147|-|-|-
-|-|-|36,140
-|-|-|37,141
-|-|-|38,142
-|-|-|39,143
-|40,144|-|-
-|41,145|-|-
-|42,146|-|-
-|43,147|-|-
-|-|-|0,104
-|-|-|1,105
-|-|-|2,106
-|-|-|3,107
-|4,108|-|-
-|5,109|-|-
-|6,110|-|-
-|7,111|-|-
-|-|8,112|-
-|-|9,113|-
-|-|10,114|-
-|-|11,115|-
12,116|-|-|-
13,117|-|-|-
14,118|-|-|-
15,119|-|-|-
-|12,116|-|-
-|13,117|-|-
-|14,118|-|-
-|15,119|-|-
-|-|-|15,119
-|-|-|16,120
-|-|-|17,121
-|-|-|18,122
-|-|-|19,123
-|20,124|-|-
-|21,125|-|-
-|22,126|-|-
-|23,127|-|-
-|-|24,128|-
-|-|25,129|-
-|-|26,130|-
-|-|27,131|-
28,132|-|-|-
29,133|-|-|-
30,134|-|-|-
31,135|-|-|-
-|28,132|-|-
-|29,133|-|-
-|30,134|-|-
-|31,135|-|-
-|-|36,140|-
-|-|37,141|-
-|-|38,142|-
-|-|39,143|-
40,144|-|-|-
41,145|-|-|-
42,146|-|-|-
43,147|-|-|-
-|-|-|36,140
-|-|-|37,141
-|-|-|38,142
-|-|-|39,143
-|40,144|-|-
-|41,145|-|-
-|42,146|-|-
-|43,147|-|-
48,148|-|-|-
49,149|-|-|-
50,150|-|-|-
51,151|-|-|-
-|-|51,151|-
-|-|52,152|-
-|-|53,153|-
-|-|54,154|-
-|-|55,155|-
-|-|-|52,152
-|-|-|53,153
-|-|-|54,154
-|-|-|55,155
-|56,156|-|-
-|57,157|-|-
-|58,158|-|-
-|59,159|-|-
-|-|60,160|-
-|-|61,161|-
-|-|62,162|-
-|-|63,163|-
64,164|-|-|-
65,165|-|-|-
66,166|-|-|-
67,167|-|-|-
-|-|68,168|-
-|-|69,169|-
-|-|70,170|-
-|-|71,171|-
-|-|-|68,168
-|-|-|69,169
-|-|-|70,170
-|-|-|71,171
-|72,172|-|-
-|73,173|-|-
-|74,174|-|-
-|75,175|-|-
-|-|76,176|-
-|-|77,177|-
-|-|78,178|-
-|-|79,179|-
80,180|-|-|-
81,181|-|-|-
82,182|-|-|-
83,183|-|-|-
-|-|-|84,184
-|-|-|85,185
-|-|-|86,186
-|-|-|87,187
-|-|88,188|-
-|-|89,189|-
-|-|90,190|-
-|-|91,191|-
92,192|-|-|-
93,193|-|-|-
94,194|-|-|-
95,195|-|-|-
-|-|-|88,188
-|-|-|89,189
-|-|-|90,190
-|-|-|91,191
-|92,192|-|-
-|93,193|-|-
-|94,194|-|-
-|95,195|-|-
-|-|-|52,152
-|-|-|53,153
-|-|-|54,154
-|-|-|55,155
-|56,156|-|-
-|57,157|-|-
-|58,158|-|-
-|59,159|-|-
-|-|60,160|-
-|-|61,161|-
-|-|62,162|-
-|-|63,163|-
64,164|-|-|-
65,165|-|-|-
66,166|-|-|-
67,167|-|-|-
-|64,164|-|-
-|65,165|-|-
-|66,166|-|-
-|67,167|-|-
-|-|-|68,168
-|-|-|69,169
-|-|-|70,170
-|-|-|71,171
-|72,172|-|-
-|73,173|-|-
-|74,174|-|-
-|75,175|-|-
-|-|76,176|-
-|-|77,177|-
-|-|78,178|-
-|-|79,179|-
80,180|-|-|-
81,181|-|-|-
82,182|-|-|-
83,183|-|-|-
-|80,180|-|-
-|81,181|-|-
-|82,182|-|-
-|83,183|-|-
-|-|88,188|-
-|-|89,189|-
-|-|90,190|-
-|-|91,191|-
92,192|-|-|-
93,193|-|-|-
94,194|-|-|-
95,195|-|-|-
-|-|-|88,188
-|-|-|89,189
-|-|-|90,190
-|-|-|91,191
-|92,192|-|-
-|93,193|-|-
-|94,194|-|-
-|95,195|-|-
100,196|-|-|-
101,197|-|-|-
102,198|-|-|-
103,199|-|-|-
-|4|-|-
-|5|-|-
-|6|-|-
-|7|-|-
12|-|-|-
13|-|-|-
14|-|-|-
15|-|-|-
-|-|12|-
-|-|13|-
-|-|14|-
-|-|15|-
-|12|-|-
-|13|-|-
-|14|-|-
-|15|-|-
-|-|-|12
-|-|-|13
-|-|-|14
-|-|-|15
-|20|-|-
-|21|-|-
-|22|-|-
-|23|-|-
28|-|-|-
29|-|-|-
30|-|-|-
31|-|-|-
-|-|28|-
-|-|29|-
-|-|30|-
-|-|31|-
-|28|-|-
-|29|-|-
-|30|-|-
-|31|-|-
-|-|-|28
-|-|-|29
-|-|-|30
-|-|-|31
40|-|-|-
41|-|-|-
42|-|-|-
43|-|-|-
-|40|-|-
-|41|-|-
-|42|-|-
-|43|-|-
-|-|-|40
-|-|-|41
-|-|-|42
-|-|-|43
48|-|-|-
49|-|-|-
50|-|-|-
51|-|-|-
-|-|48|-
-|-|49|-
-|-|50|-
-|-|51|-
12|-|-|-
13|-|-|-
14|-|-|-
15|-|-|-
-|-|12|-
-|-|13|-
-|-|14|-
-|-|15|-
-|12|-|-
-|13|-|-
-|14|-|-
-|15|-|-
-|-|-|12
-|-|-|13
-|-|-|14
-|-|-|15
28|-|-|-
29|-|-|-
30|-|-|-
31|-|-|-
-|-|28|-
-|-|29|-
-|-|30|-
-|-|31|-
-|28|-|-
-|29|-|-
-|30|-|-
-|31|-|-
-|-|-|28
-|-|-|29
-|-|-|30
-|-|-|31
-|40|-|-
-|41|-|-
-|42|-|-
-|43|-|-
-|-|-|40
-|-|-|41
-|-|-|42
-|-|-|43
48|-|-|-
49|-|-|-
50|-|-|-
51|-|-|-
-|-|48|-
-|-|49|-
-|-|50|-
-|-|51|-
-|56|-|-
-|57|-|-
-|58|-|-
-|59|-|-
64|-|-|-
65|-|-|-
66|-|-|-
67|-|-|-
-|-|64|-
-|-|65|-
-|-|66|-
-|-|67|-
-|64|-|-
-|65|-|-
-|66|-|-
-|67|-|-
-|-|-|64
-|-|-|65
-|-|-|66
-|-|-|67
-|72|-|-
-|73|-|-
-|74|-|-
-|75|-|-
80|-|-|-
81|-|-|-
82|-|-|-
83|-|-|-
-|-|80|-
-|-|81|-
-|-|82|-
-|-|83|-
-|80|-|-
-|81|-|-
-|82|-|-
-|83|-|-
-|-|-|80
-|-|-|81
-|-|-|82
-|-|-|83
92|-|-|-
93|-|-|-
94|-|-|-
95|-|-|-
-|92|-|-
-|93|-|-
-|94|-|-
-|95|-|-
-|-|-|92
-|-|-|93
-|-|-|94
-|-|-|95
100|-|-|-
101|-|-|-
102|-|-|-
103|-|-|-
-|-|100|-
-|-|101|-
-|-|102|-
-|-|103|-
64|-|-|-
65|-|-|-
66|-|-|-
67|-|-|-
-|-|64|-
-|-|65|-
-|-|66|-
-|-|67|-
-|64|-|-
-|65|-|-
-|66|-|-
-|67|-|-
-|-|-|64
-|-|-|65
-|-|-|66
-|-|-|67
80|-|-|-
81|-|-|-
82|-|-|-
83|-|-|-
-|-|80|-
-|-|81|-
-|-|82|-
-|-|83|-
-|80|-|-
-|81|-|-
-|82|-|-
-|83|-|-
-|-|-|80
-|-|-|81
-|-|-|82
-|-|-|83
-|92|-|-
-|93|-|-
-|94|-|-
-|95|-|-
-|-|-|92
-|-|-|93
-|-|-|94
-|-|-|95
100|-|-|-
101|-|-|-
102|-|-|-
103|-|-|-
-|-|100|-
-|-|101|-
-|-|102|-
-|-|103|-
384,424,521,553|459,495|-|-
385,425,522,554|460,496|-|-
386,426,523,555|461,497|-|-
387,427,524,556|462,498|-|-
-|-|384,424,521,553|459,495
-|-|385,425,522,554|460,496
-|-|386,426,523,555|461,497
-|-|387,427,524,556|462,498
465,501|384,424,521,553|-|-
466,502|385,425,522,554|-|-
467,503|386,426,523,555|-|-
468,504|387,427,524,556|-|-
-|-|465,501|384,424,521,553
-|-|466,502|385,425,522,554
-|-|467,503|386,426,523,555
-|-|468,504|387,427,524,556
469,505|388,428,525,557|-|-
470,506|389,429,526,558|-|-
471,507|390,430,527,559|-|-
472,508|391,431,528,560|-|-
465,501|384,424,521,553|-|-
466,502|385,425,522,554|-|-
467,503|386,426,523,555|-|-
468,504|387,427,524,556|-|-
-|-|465,501|384,424,521,553
-|-|466,502|385,425,522,554
-|-|467,503|386,426,523,555
-|-|468,504|387,427,524,556
469,505|388,428,525,557|-|-
470,506|389,429,526,558|-|-
471,507|390,430,527,559|-|-
472,508|391,431,528,560|-|-
-|-|392,432,529,561|465,501
-|-|393,433,530,562|466,502
-|-|394,434,531,563|467,503
-|-|395,435,532,564|468,504
396,436,533,565|469,505|-|-
397,437,534,566|470,506|-|-
398,438,535,567|471,507|-|-
399,439,536,568|472,508|-|-
404,442,537,569|478,509|-|-
405,443,538,570|479,510|-|-
406,444,539,571|480,511|-|-
407,445,540,572|481,512|-|-
-|-|404,442,537,569|478,509
-|-|405,443,538,570|479,510
-|-|406,444,539,571|480,511
-|-|407,445,540,572|481,512
482,513|404,442,537,569|-|-
483,514|405,443,538,570|-|-
484,515|406,444,539,571|-|-
485,516|407,445,540,572|-|-
-|-|482,513|404,442,537,569
-|-|483,514|405,443,538,570
-|-|484,515|406,444,539,571
-|-|485,516|407,445,540,572
486,517|408,446,541,573|-|-
487,518|409,447,542,574|-|-
488,519|410,448,543,575|-|-
489,520|411,449,544,576|-|-
482,513|404,442,537,569|-|-
483,514|405,443,538,570|-|-
484,515|406,444,539,571|-|-
485,516|407,445,540,572|-|-
-|-|482,513|404,442,537,569
-|-|483,514|405,443,538,570
-|-|484,515|406,444,539,571
-|-|485,516|407,445,540,572
486,517|408,446,541,573|-|-
487,518|409,447,542,574|-|-
488,519|410,448,543,575|-|-
489,520|411,449,544,576|-|-
-|-|412,450,545,577|482,513
-|-|413,451,546,578|483,514
-|-|414,452,547,579|484,515
-|-|415,453,548,580|485,516
416,454,549,581|486,517|-|-
417,455,550,582|487,518|-|-
418,456,551,583|488,519|-|-
419,457,552,584|489,520|-|-
-|-|465|384,521
-|-|466|385,522
-|-|467|386,523
-|-|468|387,524
469|388,525|-|-
470|389,526|-|-
471|390,527|-|-
472|391,528|-|-
-|-|392,529|465
-|-|393,530|466
-|-|394,531|467
-|-|395,532|468
396,533|469|-|-
397,534|470|-|-
398,535|471|-|-
399,536|472|-|-
-|-|398,535|471
-|-|399,536|472
-|-|392,529|465
-|-|393,530|466
-|-|394,531|467
-|-|395,532|468
396,533|469|-|-
397,534|470|-|-
398,535|471|-|-
399,536|472|-|-
-|-|396,533|469
-|-|397,534|470
-|-|398,535|471
-|-|399,536|472
473|396,533|-|-
474|397,534|-|-
475|398,535|-|-
476|399,536|-|-
-|-|473|396,533
-|-|474|397,534
-|-|475|398,535
-|-|476|399,536
-|-|482|404,537
-|-|483|405,538
-|-|484|406,539
-|-|485|407,540
486|408,541|-|-
487|409,542|-|-
488|410,543|-|-
489|411,544|-|-
-|-|412,545|482
-|-|413,546|483
-|-|414,547|484
-|-|415,548|485
416,549|486|-|-
417,550|487|-|-
418,551|488|-|-
419,552|489|-|-
-|-|419,552|489
-|-|412,545|482
-|-|413,546|483
-|-|414,547|484
-|-|415,548|485
416,549|486|-|-
417,550|487|-|-
418,551|488|-|-
419,552|489|-|-
-|-|416,549|486
-|-|417,550|487
-|-|418,551|488
-|-|419,552|489
490|416,549|-|-
491|417,550|-|-
492|418,551|-|-
493|419,552|-|-
-|-|490|416,549
-|-|491|417,550
-|-|492|418,551
-|-|493|419,552
-|-|384,424|459,495
-|-|385,425|460,496
-|-|386,426|461,497
-|-|387,427|462,498
390,430|463,499|-|-
391,431|464,500|-|-
-|-|465,501|384,424
-|-|466,502|385,425
-|-|467,503|386,426
-|-|468,504|387,427
469,505|388,428|-|-
470,506|389,429|-|-
471,507|390,430|-|-
472,508|391,431|-|-
396,436|469,505|-|-
397,437|470,506|-|-
398,438|471,507|-|-
399,439|472,508|-|-
-|-|399,439|472,508
-|-|465,501|384,424
-|-|466,502|385,425
-|-|467,503|386,426
-|-|468,504|387,427
469,505|388,428|-|-
470,506|389,429|-|-
471,507|390,430|-|-
472,508|391,431|-|-
-|-|392,432|465,501
-|-|393,433|466,502
-|-|394,434|467,503
-|-|395,435|468,504
396,436|469,505|-|-
397,437|470,506|-|-
398,438|471,507|-|-
399,439|472,508|-|-
-|-|396,436|469,505
-|-|397,437|470,506
-|-|398,438|471,507
-|-|399,439|472,508
-|-|404,442|478,509
-|-|405,443|479,510
-|-|406,444|480,511
-|-|407,445|481,512
-|-|482,513|404,442
-|-|483,514|405,443
-|-|484,515|406,444
-|-|485,516|407,445
486,517|408,446|-|-
487,518|409,447|-|-
488,519|410,448|-|-
489,520|411,449|-|-
416,454|486,517|-|-
417,455|487,518|-|-
418,456|488,519|-|-
419,457|489,520|-|-
-|-|419,457|489,520
-|-|482,513|404,442
-|-|483,514|405,443
-|-|484,515|406,444
-|-|485,516|407,445
486,517|408,446|-|-
487,518|409,447|-|-
488,519|410,448|-|-
489,520|411,449|-|-
-|-|412,450|482,513
-|-|413,451|483,514
-|-|414,452|484,515
-|-|415,453|485,516
416,454|486,517|-|-
417,455|487,518|-|-
418,456|488,519|-|-
419,457|489,520|-|-
-|-|416,454|486,517
-|-|417,455|487,518
-|-|418,456|488,519
-|-|419,457|489,520
469|388|-|-
470|389|-|-
471|390|-|-
472|391|-|-
-|-|471|390
-|-|472|391
396|469|-|-
397|470|-|-
398|471|-|-
399|472|-|-
-|-|396|469
-|-|397|470
-|-|398|471
-|-|399|472
396|469|-|-
397|470|-|-
398|471|-|-
399|472|-|-
-|-|396|469
-|-|397|470
-|-|398|471
-|-|399|472
473|396|-|-
474|397|-|-
475|398|-|-
476|399|-|-
-|-|473|396
-|-|474|397
-|-|475|398
-|-|476|399
477|403|-|-
486|408|-|-
487|409|-|-
488|410|-|-
489|411|-|-
416|486|-|-
417|487|-|-
418|488|-|-
419|489|-|-
-|-|416|486
-|-|417|487
-|-|418|488
-|-|419|489
416|486|-|-
417|487|-|-
418|488|-|-
419|489|-|-
-|-|416|486
-|-|417|487
-|-|418|488
-|-|419|489
490|416|-|-
491|417|-|-
492|418|-|-
493|419|-|-
-|-|490|416
-|-|491|417
-|-|492|418
-|-|493|419
494|423|-|-
-|388,428|-|-
-|389,429|-|-
-|390,430|-|-
-|391,431|-|-
-|-|-|388,428
-|-|-|389,429
-|-|-|390,430
-|-|-|391,431
396,436|-|-|-
397,437|-|-|-
398,438|-|-|-
399,439|-|-|-
-|-|396,436|-
-|-|397,437|-
-|-|398,438|-
-|-|399,439|-
396,436|-|-|-
397,437|-|-|-
398,438|-|-|-
399,439|-|-|-
-|-|396,436|-
-|-|397,437|-
-|-|398,438|-
-|-|399,439|-
403,441|-|-|-
-|-|-|396,436
-|-|-|397,437
-|-|-|398,438
-|-|-|399,439
-|402,440|-|-
-|403,441|-|-
-|408,446|-|-
-|409,447|-|-
-|410,448|-|-
-|411,449|-|-
-|-|-|408,446
-|-|-|409,447
-|-|-|410,448
-|-|-|411,449
416,454|-|-|-
417,455|-|-|-
418,456|-|-|-
419,457|-|-|-
-|-|416,454|-
-|-|417,455|-
-|-|418,456|-
-|-|419,457|-
416,454|-|-|-
417,455|-|-|-
418,456|-|-|-
419,457|-|-|-
-|-|416,454|-
-|-|417,455|-
-|-|418,456|-
-|-|419,457|-
-|-|-|416,454
-|-|-|417,455
-|-|-|418,456
-|-|-|419,457
-|423,458|-|-
-|-|396|-
-|-|397|-
-|-|398|-
-|-|399|-
400|-|-|-
401|-|-|-
402|-|-|-
403|-|-|-
-|-|-|396
-|-|-|397
-|-|-|398
-|-|-|399
-|400|-|-
-|401|-|-
-|402|-|-
-|403|-|-
-|-|-|396
-|-|-|397
-|-|-|398
-|-|-|399
-|400|-|-
-|401|-|-
-|402|-|-
-|403|-|-
-|-|416|-
-|-|417|-
-|-|418|-
-|-|419|-
420|-|-|-
421|-|-|-
422|-|-|-
423|-|-|-
-|-|-|416
-|-|-|417
-|-|-|418
-|-|-|419
-|420|-|-
-|421|-|-
-|422|-|-
-|423|-|-
-|-|-|416
-|-|-|417
-|-|-|418
-|-|-|419
-|420|-|-
-|421|-|-
-|422|-|-
-|423|-|-
TRANS 0
0|24|-|-
1|25|-|-
2|26|-|-
3|27|-|-
-|-|0|24
-|-|1|25
-|-|2|26
-|-|3|27
28|0|-|-
29|1|-|-
30|2|-|-
31|3|-|-
-|-|28|0
-|-|29|1
-|-|30|2
-|-|31|3
28|0|-|-
29|1|-|-
30|2|-|-
31|3|-|-
-|-|28|0
-|-|29|1
-|-|30|2
-|-|31|3
8|28|-|-
9|29|-|-
10|30|-|-
11|31|-|-
-|-|8|28
-|-|9|29
-|-|10|30
-|-|11|31
0|24|-|-
1|25|-|-
2|26|-|-
3|27|-|-
28|0|-|-
29|1|-|-
30|2|-|-
31|3|-|-
-|-|28|0
-|-|29|1
-|-|30|2
-|-|31|3
8|28|-|-
9|29|-|-
10|30|-|-
11|31|-|-
-|-|8|28
-|-|9|29
-|-|10|30
-|-|11|31
28|0|-|-
29|1|-|-
30|2|-|-
31|3|-|-
-|-|28|0
-|-|29|1
-|-|30|2
-|-|31|3
8|28|-|-
9|29|-|-
10|30|-|-
11|31|-|-
-|-|8|28
-|-|9|29
-|-|10|30
-|-|11|31
8|28|-|-
9|29|-|-
10|30|-|-
11|31|-|-
-|-|8|28
-|-|9|29
-|-|10|30
-|-|11|31
36|8|-|-
37|9|-|-
38|10|-|-
39|11|-|-
-|-|36|8
-|-|37|9
-|-|38|10
-|-|39|11
28|0|-|-
29|1|-|-
30|2|-|-
31|3|-|-
8|28|-|-
9|29|-|-
10|30|-|-
11|31|-|-
-|-|8|28
-|-|9|29
-|-|10|30
-|-|11|31
36|8|-|-
37|9|-|-
38|10|-|-
39|11|-|-
-|-|36|8
-|-|37|9
-|-|38|10
-|-|39|11
-|-|28|0
-|-|29|1
-|-|30|2
-|-|31|3
32|4|-|-
33|5|-|-
34|6|-|-
35|7|-|-
-|-|8|28
-|-|9|29
-|-|10|30
-|-|11|31
12|32|-|-
13|33|-|-
14|34|-|-
15|35|-|-
-|-|8|28
-|-|9|29
-|-|10|30
-|-|11|31
12|32|-|-
13|33|-|-
14|34|-|-
15|35|-|-
-|-|36|8
-|-|37|9
-|-|38|10
-|-|39|11
40|12|-|-
41|13|-|-
42|14|-|-
43|15|-|-
-|-|28|0
-|-|29|1
-|-|30|2
-|-|31|3
-|-|8|28
-|-|9|29
-|-|10|30
-|-|11|31
12|32|-|-
13|33|-|-
14|34|-|-
15|35|-|-
40|12|-|-
41|13|-|-
42|14|-|-
43|15|-|-
-|-|8|28
-|-|9|29
-|-|10|30
-|-|11|31
12|32|-|-
13|33|-|-
14|34|-|-
15|35|-|-
-|-|36|8
-|-|37|9
-|-|38|10
-|-|39|11
40|12|-|-
41|13|-|-
42|14|-|-
43|15|-|-
-|-|36|8
-|-|37|9
-|-|38|10
-|-|39|11
40|12|-|-
41|13|-|-
42|14|-|-
43|15|-|-
-|-|16|36
-|-|17|37
-|-|18|38
-|-|19|39
20|40|-|-
21|41|-|-
22|42|-|-
23|43|-|-
-|-|8|28
-|-|9|29
-|-|10|30
-|-|11|31
-|-|36|8
-|-|37|9
-|-|38|10
-|-|39|11
40|12|-|-
41|13|-|-
42|14|-|-
43|15|-|-
20|40|-|-
21|41|-|-
22|42|-|-
23|43|-|-
-|-|0|-
-|-|1|-
-|-|2|-
-|-|3|-
-|-|-|0
-|-|-|1
-|-|-|2
-|-|-|3
-|4|-|-
-|5|-|-
-|6|-|-
-|7|-|-
-|-|8|-
-|-|9|-
-|-|10|-
-|-|11|-
12|-|-|-
13|-|-|-
14|-|-|-
15|-|-|-
-|-|-|0
-|-|-|1
-|-|-|2
-|-|-|3
-|-|8|-
-|-|9|-
-|-|10|-
-|-|11|-
12|-|-|-
13|-|-|-
14|-|-|-
15|-|-|-
-|-|-|8
-|-|-|9
-|-|-|10
-|-|-|11
-|12|-|-
-|13|-|-
-|14|-|-
-|15|-|-
-|-|-|0
-|-|-|1
-|-|-|2
-|-|-|3
-|4|-|-
-|5|-|-
-|6|-|-
-|7|-|-
-|-|8|-
-|-|9|-
-|-|10|-
-|-|11|-
12|-|-|-
13|-|-|-
14|-|-|-
15|-|-|-
-|-|-|0
-|-|-|1
-|-|-|2
-|-|-|3
-|-|8|-
-|-|9|-
-|-|10|-
-|-|11|-
12|-|-|-
13|-|-|-
14|-|-|-
15|-|-|-
-|-|-|8
-|-|-|9
-|-|-|10
-|-|-|11
-|12|-|-
-|13|-|-
-|14|-|-
-|15|-|-
-|-|8|-
-|-|9|-
-|-|10|-
-|-|11|-
-|-|-|8
-|-|-|9
-|-|-|10
-|-|-|11
-|12|-|-
-|13|-|-
-|14|-|-
-|15|-|-
-|-|16|-
-|-|17|-
-|-|18|-
-|-|19|-
20|-|-|-
21|-|-|-
22|-|-|-
23|-|-|-
-|-|8|-
-|-|9|-
-|-|10|-
-|-|11|-
12|-|-|-
13|-|-|-
14|-|-|-
15|-|-|-
-|-|-|8
-|-|-|9
-|-|-|10
-|-|-|11
-|12|-|-
-|13|-|-
-|14|-|-
-|15|-|-
-|4|-|-
-|5|-|-
-|6|-|-
-|7|-|-
12|-|-|-
13|-|-|-
14|-|-|-
15|-|-|-
-|-|12|-
-|-|13|-
-|-|14|-
-|-|15|-
12|-|-|-
13|-|-|-
14|-|-|-
15|-|-|-
-|12|-|-
-|13|-|-
-|14|-|-
-|15|-|-
-|-|-|12
-|-|-|13
-|-|-|14
-|-|-|15
12|-|-|-
13|-|-|-
14|-|-|-
15|-|-|-
-|12|-|-
-|13|-|-
-|14|-|-
-|15|-|-
-|-|-|12
-|-|-|13
-|-|-|14
-|-|-|15
12|-|-|-
13|-|-|-
14|-|-|-
15|-|-|-
-|12|-|-
-|13|-|-
-|14|-|-
-|15|-|-
-|-|-|12
-|-|-|13
-|-|-|14
-|-|-|15
-|12|-|-
-|13|-|-
-|14|-|-
-|15|-|-
20|-|-|-
21|-|-|-
22|-|-|-
23|-|-|-
-|-|20|-
-|-|21|-
-|-|22|-
-|-|23|-
-|12|-|-
-|13|-|-
-|14|-|-
-|15|-|-
20|-|-|-
21|-|-|-
22|-|-|-
23|-|-|-
-|-|20|-
-|-|21|-
-|-|22|-
-|-|23|-
44,94|72|-|-
45,95|73|-|-
46,96|74|-|-
47,97|75|-|-
-|-|44,94|72
-|-|45,95|73
-|-|46,96|74
-|-|47,97|75
78|44,94|-|-
79|45,95|-|-
80|46,96|-|-
81|47,97|-|-
-|-|78|44,94
-|-|79|45,95
-|-|80|46,96
-|-|81|47,97
82|48,98|-|-
83|49,99|-|-
84|50,100|-|-
85|51,101|-|-
78|44,94|-|-
79|45,95|-|-
80|46,96|-|-
81|47,97|-|-
-|-|78|44,94
-|-|79|45,95
-|-|80|46,96
-|-|81|47,97
52,102|78|-|-
53,103|79|-|-
54,104|80|-|-
55,105|81|-|-
-|-|52,102|78
-|-|53,103|79
-|-|54,104|80
-|-|55,105|81
56,106|82|-|-
57,107|83|-|-
58,108|84|-|-
59,109|85|-|-
-|-|78|44,94
-|-|79|45,95
-|-|80|46,96
-|-|81|47,97
82|48,98|-|-
83|49,99|-|-
84|50,100|-|-
85|51,101|-|-
-|-|52,102|78
-|-|53,103|79
-|-|54,104|80
-|-|55,105|81
56,106|82|-|-
57,107|83|-|-
58,108|84|-|-
59,109|85|-|-
-|-|58,108|84
-|-|59,109|85
-|-|52,102|78
-|-|53,103|79
-|-|54,104|80
-|-|55,105|81
56,106|82|-|-
57,107|83|-|-
58,108|84|-|-
59,109|85|-|-
-|-|86|52,102
-|-|87|53,103
-|-|88|54,104
-|-|89|55,105
90|56,106|-|-
91|57,107|-|-
92|58,108|-|-
93|59,109|-|-
-|-|93|59,109
-|-|44|72
-|-|45|73
-|-|46|74
-|-|47|75
50|76|-|-
51|77|-|-
-|-|78|44
-|-|79|45
-|-|80|46
-|-|81|47
82|48|-|-
83|49|-|-
84|50|-|-
85|51|-|-
56|82|-|-
57|83|-|-
58|84|-|-
59|85|-|-
-|-|59|85
-|-|78|44
-|-|79|45
-|-|80|46
-|-|81|47
-|-|52|78
-|-|53|79
-|-|54|80
-|-|55|81
56|82|-|-
57|83|-|-
58|84|-|-
59|85|-|-
90|56|-|-
91|57|-|-
92|58|-|-
93|59|-|-
-|-|93|59
82|48|-|-
83|49|-|-
84|50|-|-
85|51|-|-
-|-|84|50
-|-|85|51
56|82|-|-
57|83|-|-
58|84|-|-
59|85|-|-
-|-|56|82
-|-|57|83
-|-|58|84
-|-|59|85
56|82|-|-
57|83|-|-
58|84|-|-
59|85|-|-
90|56|-|-
91|57|-|-
92|58|-|-
93|59|-|-
-|-|90|56
-|-|91|57
-|-|92|58
-|-|93|59
-|48|-|-
-|49|-|-
-|50|-|-
-|51|-|-
-|-|-|48
-|-|-|49
-|-|-|50
-|-|-|51
56|-|-|-
57|-|-|-
58|-|-|-
59|-|-|-
-|-|56|-
-|-|57|-
-|-|58|-
-|-|59|-
56|-|-|-
57|-|-|-
58|-|-|-
59|-|-|-
-|-|56|-
-|-|57|-
-|-|58|-
-|-|59|-
-|56|-|-
-|57|-|-
-|58|-|-
-|59|-|-
-|-|-|56
-|-|-|57
-|-|-|58
-|-|-|59
-|-|56|-
-|-|57|-
-|-|58|-
-|-|59|-
60|-|-|-
61|-|-|-
62|-|-|-
63|-|-|-
-|-|-|56
-|-|-|57
-|-|-|58
-|-|-|59
-|60|-|-
-|61|-|-
-|62|-|-
-|63|-|-
-|-|-|56
-|-|-|57
-|-|-|58
-|-|-|59
-|60|-|-
-|61|-|-
-|62|-|-
-|63|-|-
-|-|64|-
-|-|65|-
-|-|66|-
-|-|67|-
68|-|-|-
69|-|-|-
70|-|-|-
71|-|-|-
